code,date,event_adj_close,sma25,sma75,sma75_5,sma75_slope5_pct,macd,signal,volume,volume_ratio20,sma75_rising,macd_above_signal,macd_above_zero,price_above_sma25,sma25_above_sma75,ret_5d,max_up_5d,max_down_5d,ret_10d,max_up_10d,max_down_10d,ret_20d,max_up_20d,max_down_20d,ret_40d,max_up_40d,max_down_40d,pullback25_pct,rs20_vs_topix,rs60_vs_topix,vol20_ann
4452,2021-09-24,2980.675048828125,2981.822275390625,2976.990537109375,2971.7414908854166,0.0017663199306054977,-0.6621688951690885,6.34709026437444,3697000,1.2888583650289531,True,False,False,False,True,-0.0229426288891373,0.0041444191610604,-0.0273829541864594,-0.0179099660942537,0.0041444191610604,-0.037152281743102,-0.0540259131801574,0.0041444191610604,-0.0553580625748341,-0.0794849144206515,0.0041444191610604,-0.0862936769124751,0.000384740087284207,-0.07456617583876235,-0.07080388425825557,0.17025768978766523
8001,2021-09-24,577.7802734375,587.639453125,577.0410237630208,575.3375821940105,0.0029607688107464725,5.090526314241856,7.956614849461332,26029500,1.6332952663018925,True,False,True,False,True,-0.038706040088093,0.0207583223877381,-0.0417567983911446,-0.015215364905087,0.0207583223877381,-0.0530446413531374,-0.0085036981510934,0.0296307341475849,-0.0530446413531374,0.034207158153426,0.0625789198441999,-0.0530446413531374,0.01677759999787292,-0.06055063130438465,-0.052289766828386375,0.24828933371638323
7182,2021-10-04,786.992919921875,803.4114501953125,786.2316634114584,784.3338321940104,0.0024196727714005384,-0.6407074685762382,2.628742830810384,2089900,0.7507741606374342,True,False,False,False,True,0.0220821287764969,0.0420611334428397,0.0084122513884565,-0.023133385429544,0.0420611334428397,-0.0262879600729362,-0.0651944316823549,0.0420611334428397,-0.0715035806248812,-0.0273395753652138,0.0420611334428397,-0.1051523409584275,0.020436017272900512,-0.03148842212328118,-0.0030874323095078093,0.21348339815971304
4307,2021-10-06,3712.222412109375,4045.1669140625,3655.400211588542,3626.220068359375,0.008046986305044967,-22.41025593056884,56.6673971747851,1675200,1.2628246202555502,True,False,False,False,True,0.0126904085776089,0.0329948913083582,-0.003807054218768,0.0634518455879389,0.0824873730668609,-0.003807054218768,0.2170051909000192,0.2170051909000192,-0.003807054218768,0.2246192650531595,0.2817260736398177,-0.003807054218768,0.08230674012379721,-0.045336951475732135,0.08892619918651001,0.3329107280914816
6920,2021-10-07,22583.138671875,25546.627734375,22084.380963541666,21899.420729166668,0.00844589620257219,-173.40383490112436,554.1950440576705,3825700,1.001507877087075,True,False,False,False,True,0.0114116527930172,0.0502959044220789,-0.032121777951096,0.0515638093167374,0.1580728692677884,-0.032121777951096,0.1762470219632024,0.2032968995793163,-0.032121777951096,0.2174556912837781,0.4074388331984648,-0.032121777951096,0.11600314113132015,-0.0907180026427944,0.07816914656105411,0.4626109272894768
4901,2021-10-08,2667.791748046875,2891.476962890625,2641.10888671875,2623.5334244791666,0.006699156974938392,-25.28086538811885,27.21090219811504,4330500,0.8065124412994712,True,False,False,False,True,0.0606827411225578,0.0616022038064032,-0.0008044145324984,0.0174694056843998,0.0616022038064032,-0.0008044145324984,0.0463165793850708,0.0998736892106131,-0.0137914588793426,-0.0073552646931646,0.0998736892106131,-0.0326396920895519,0.07736019263322466,-0.03561486771954492,0.04020604684050788,0.2774965724885039
6501,2021-10-08,1182.6090087890625,1209.214833984375,1178.5659684244793,1175.4249283854167,0.0026722591662038386,1.8678741420153528,10.061651645239625,14567000,0.895678399375294,True,False,True,False,True,0.0534362696356385,0.0606872729377865,0.0020491376892155,0.053751610379634,0.0889028381191823,0.0020491376892155,0.120901538026739,0.1410781586298271,0.0020491376892155,0.0531209288916427,0.1759141140827607,0.0020491376892155,0.022002562694046705,0.018974510863142724,-0.05343562267995616,0.3129903888563703
6861,2021-10-08,62550.390625,67404.57546875,61330.06583333333,60899.444635416665,0.007071020113477822,-1185.5188285130353,-134.7289774122861,656600,0.7154258941461688,True,False,False,False,True,0.053368721468316,0.0557026255779209,-0.0141590029164838,0.0457445559517639,0.0807530158892713,-0.0141590029164838,0.1274312585477959,0.1683521283948688,-0.0141590029164838,0.1194960313247444,0.1683521283948688,-0.0141590029164838,0.07201565783914017,-0.06977448557080712,0.11362502516774864,0.35458639325724817
7269,2021-10-08,1095.537109375,1124.2305859375,1070.1501708984374,1068.3046370442707,0.001727535190030327,-2.0831620007697893,9.5915910624691,8226800,1.451825811962192,True,False,False,False,True,0.0671502143818583,0.0694300070325089,0.0010363300401732,0.05906743891677,0.1044559210439743,0.0010363300401732,0.1287045497089576,0.1440413357314445,0.0010363300401732,-0.0341966920121586,0.1440413357314445,-0.078756543587051,0.025522768123740835,0.012600967068362223,0.03229992145942573,0.2857421182338442
6326,2021-10-11,2084.1357421875,2140.6399951171875,2057.52939453125,2055.4569075520835,0.0010082852973234413,-13.947516331926636,2.9572335271047447,2758400,0.9439511872109396,True,False,False,False,True,0.0248179021673684,0.0301666386087429,-0.0222509876941011,0.0393667517120359,0.0487803548125604,-0.0222509876941011,-0.0188275336140064,0.0971331782246003,-0.0278135889130953,0.0738125862460785,0.0971331782246003,-0.0278135889130953,0.02639596244981595,-0.008142854141030553,-0.0023712810165334997,0.27452033764200684
6752,2021-10-11,1215.2916259765625,1225.191337890625,1178.9298681640626,1175.5341878255208,0.00288862746290941,-12.182545128457832,-1.29588579148446,9159400,1.5378648470765222,True,False,False,False,True,0.0294117853857938,0.0345587887179208,-0.0066176642573125,0.0628676987955305,0.0683824049463202,-0.0066176642573125,-0.0051471176874201,0.133088276809538,-0.0066176642573125,-0.0727942039856889,0.133088276809538,-0.1058823157500696,0.008080135410609802,0.0007037602161616974,0.004489478299084304,0.35834446594822267
7309,2021-10-11,28593.220703125,30725.54609375,28307.02609375,27982.052890625,0.011613629793183478,-553.924193259747,-106.92772665196335,155400,0.6139380530973452,True,False,False,False,True,-0.0189110741052651,0.0058690827747986,-0.0428756910043193,-0.0156504946232269,0.0091294513572919,-0.0428756910043193,0.0195630670485771,0.0867297712855723,-0.0428756910043193,0.047929575745562,0.0867297712855723,-0.0428756910043193,0.0693991047097693,-0.06460378406804124,0.046898767577844724,0.30970823532407593
7741,2021-10-11,16055.1728515625,17135.7747265625,15899.2420703125,15767.273307291667,0.008369789782219694,-319.1106648105051,-101.31532493785892,607700,0.577804400327077,True,False,False,False,True,0.0143627044851502,0.0341113744786605,-0.0137642432585827,0.0269300252905979,0.0685219217249084,-0.0137642432585827,0.0664271280849964,0.0873728764294967,-0.0266306462323966,0.1068221356081875,0.1424296555569162,-0.0266306462323966,0.06306116252362598,-0.06043123081042412,0.0837608775281431,0.32621955458047114
5401,2021-10-12,284.2993469238281,300.0758251953125,282.89568623860674,281.57094523111977,0.00470482139554429,-5.876549930442934,-3.8002192920808735,32635500,0.6395725404466847,True,False,False,False,True,0.0076182483728661,0.0223464676639346,-0.0330114991170854,0.0482479402734308,0.0500255235483479,-0.0330114991170854,-0.0393600375099788,0.0766888798782741,-0.0446926320994583,-0.0624680050421209,0.0766888798782741,-0.1414422468945352,0.052574972546408374,-0.07010295299611036,0.09076019977163008,0.34634984752273795
6326,2021-10-14,2074.325439453125,2129.7243359375,2058.60510904948,2054.958623046875,0.0017744814721369906,-15.158239153358863,-5.905256261361142,1735600,0.6079510724787948,True,False,False,False,True,0.0234308804973191,0.0537404505559213,0.0085984209689695,0.0374033256528589,0.0696475729964578,0.0085984209689695,0.0251506602120394,0.1023219535313082,-0.0232157361241315,0.0928632790427328,0.108125531759498,-0.0232157361241315,0.026012238086197535,-0.002168829094495228,-0.006168683065104652,0.27017274843047406
6367,2021-10-14,23222.73828125,24270.03953125,23121.05078125,22895.778151041668,0.009839046688967068,-622.3462772570092,-632.9963023362727,702400,0.637045501954489,True,True,False,False,True,0.0272838397038464,0.0569928166508277,0.0068714687149964,-0.0072755840559688,0.0569928166508277,-0.0072755840559688,0.0274858574931862,0.0569928166508277,-0.0131367023554745,0.0877122217061974,0.0927647682581584,-0.0662893367273365,0.04315202077242189,-0.09424095093979001,0.09197601685040624,0.35717802336113097
7741,2021-10-14,16035.9541015625,16975.24859375,15968.990169270834,15842.6065234375,0.007977452804016849,-319.23394611712683,-208.88580461973385,744200,0.7288611177763957,True,False,False,False,True,0.0185742889650375,0.0698025225268994,0.0065909771778405,0.0089873116544687,0.0698025225268994,-0.001797588351339,0.0632114102483452,0.0886760696998518,-0.0254640837597652,0.0665071049753491,0.1437988332063207,-0.0254640837597652,0.05533318036551943,-0.08265250939075386,0.09584495617835698,0.29270725216793375
8411,2021-10-15,1306.6148681640625,1319.865634765625,1301.4275406901045,1300.7591455078125,0.0005138500733208318,0.8166968401183112,3.4378870332026783,7607100,0.7667446638770443,True,False,True,False,True,-0.018280909685346,0.0141114376524247,-0.018280909685346,-0.0346376409325707,0.0141114376524247,-0.0426556007254894,-0.0144323659593813,0.0150737276304679,-0.0426556007254894,-0.0615778207137678,0.0150737276304679,-0.1039127152273009,0.010039481483973498,0.018301142991877795,-0.050919616243256804,0.21866522158080712
9101,2021-10-15,1614.4581298828125,1896.5800634765624,1603.3624479166667,1573.1977555338542,0.0191741262512648,-83.20617190827511,-44.861502254220525,38181600,0.8054952813097589,True,False,False,False,True,0.0373832164354075,0.1068091521791894,-0.0160212720993302,0.0921227938970972,0.1068091521791894,-0.0160212720993302,0.0240321055138272,0.1935914919856358,-0.0173564811792864,0.0947929858371325,0.1935914919856358,-0.0453937549684435,0.14875297859906894,-0.23290838357009747,0.3794074713994604,0.7524740062232221
5401,2021-10-18,289.6417236328125,293.6734912109375,283.98868896484373,282.52668111165366,0.005174760300292736,-4.551175748840876,-4.699101120422523,37072000,0.7509005966167748,True,True,False,False,True,0.000498578650466,0.0074776580690514,-0.0473578178778365,0.0234298249495836,0.038384905570088,-0.0473578178778365,-0.0523428560591213,0.0568295946808961,-0.0623130624994067,-0.0588235356095998,0.0568295946808961,-0.1572781523227301,0.013728741949095843,-0.06795326058501183,0.09372470775212949,0.35641216826043265
9104,2021-10-19,1590.5989990234375,1799.3361474609376,1575.1918196614583,1551.9460579427084,0.014978459850315318,-87.21002139059783,-61.75788286319002,14806200,0.6035761587784169,True,False,False,False,True,0.0029198353024404,0.020438014968678,-0.0583941236943277,0.0627739264217772,0.089051186083348,-0.0583941236943277,-0.0642334603486504,0.1167885170167777,-0.0715327666917295,0.1766426682901787,0.2087592182434061,-0.1065692970759224,0.11600786697474583,-0.22602012717421927,0.37903173912684185,0.7440578327276381
5108,2021-10-22,2140.2822265625,2200.65173828125,2129.809646809896,2127.571876627604,0.0010517953385618117,-6.851711906641867,3.5144980001245045,2448800,0.8436777569913144,True,False,False,False,True,-0.0160751105674311,7.896072196089676e-08,-0.0272493920373766,0.0111742345603698,0.01509503422908,-0.0272493920373766,-0.03352281775047,0.01509503422908,-0.0519503362326666,-0.0464615912493286,0.01509503422908,-0.1078218795607895,0.02743256039499444,-0.01087748581542669,0.01713584724742523,0.19754070631887888
4901,2021-10-26,2699.372802734375,2798.8567578125,2685.61826171875,2671.9776822916665,0.005105049910216541,-30.37896527046769,-20.55815779712108,3082500,0.6546358090565918,True,False,False,False,True,0.0300999463579818,0.0379372929561405,-0.0253295116591816,0.0356653848717569,0.0870058218700526,-0.0253295116591816,0.0424806616047872,0.0870058218700526,-0.0253295116591816,-0.0244207299673834,0.0870058218700526,-0.0469106192679372,0.03554449680228667,-0.07148779673877659,0.04442137182123007,0.3146926142707102
4188,2021-10-27,814.4327392578125,829.45015625,807.6365161132812,804.8185319010416,0.003501390811147642,-4.4725136536516175,-1.9042233639988573,4588900,0.8506390590677801,True,False,False,False,True,-0.0117487952711046,0.0339986563739054,-0.0260969384150736,-0.0323352667850049,0.0339986563739054,-0.0421086490181714,-0.0450197869161294,0.0339986563739054,-0.0547931536204678,-0.1234145099255331,0.0339986563739054,-0.1578291378955866,0.018105267542635976,-0.020941872223100733,-0.0006546216019323037,0.25991445374549826
4901,2021-10-29,2698.45263671875,2766.05982421875,2693.0519791666666,2680.608701171875,0.004641959861337419,-34.17299735922006,-27.199670997828907,4058700,0.8902795737134246,True,False,False,False,True,0.0344279155932645,0.087376488304016,0.003295235108196,0.0504488339762136,0.087376488304016,0.003295235108196,0.0147710158690119,0.087376488304016,0.003295235108196,-0.024429147853289,0.087376488304016,-0.0465856180260888,0.02444169388819884,-0.07403525751164597,0.061008672097124794,0.3105496071552002
4188,2021-11-01,820.1061401367188,823.8251489257813,808.8775122070313,806.5826749674479,0.002845135794264264,-5.85888089645448,-3.982596126057228,4844100,0.9906428718233976,True,False,False,False,True,-0.0422303408320202,0.0268455714270208,-0.0487352322939057,-0.0334538026269852,0.0268455714270208,-0.0487352322939057,-0.0683532070083999,0.0268455714270208,-0.1091379225365264,-0.1208054645294326,0.0268455714270208,-0.1636551800082037,0.004514318109749234,-0.0338268709629741,-0.021634055147668363,0.22890836739357212
5108,2021-11-01,2153.2890625,2174.13419921875,2130.659991861979,2129.2725830078125,0.0006515881833253356,-17.53040274214345,-11.760409349149931,2925000,1.1528956402807942,True,False,False,False,True,-0.0187059404036702,0.0089634029487635,-0.0187059404036702,-0.0340994744594932,0.0089634029487635,-0.0489086816712658,-0.0993762721273052,0.0089634029487635,-0.1132110373109835,-0.0210839794500419,0.0089634029487635,-0.1132110373109835,0.009587787509271684,-0.03843225091999947,-0.005612937952027552,0.1996609710446228
8316,2021-11-01,1065.6845703125,1079.1470703125,1052.5679313151045,1050.7981209309896,0.0016842534725383107,-5.72201221478872,-1.5771769445711568,20884500,0.967931658727444,True,False,False,False,True,-0.0073200865787378,0.0122877606427873,-0.0078430482435003,0.0203921197587011,0.040261511384589,-0.0091501941332091,-0.0237908254762151,0.040261511384589,-0.0321568071151653,0.0313725359927643,0.040261511384589,-0.0321568071151653,0.012475130008092049,-0.027971259907808355,-0.01115129412277227,0.21106070980135166
8697,2021-11-01,1191.3966064453125,1212.18810546875,1177.2140869140626,1168.3399951171875,0.007595470354487821,-6.327388104811689,-0.6341195930028459,2864000,1.042963998805544,True,False,False,False,True,-0.0699377587175141,-5.388483326207449e-09,-0.0704870080726023,-0.0809227861577978,-5.388483326207449e-09,-0.0898938585638272,-0.1175395784453583,-5.388483326207449e-09,-0.1592824105357327,-0.0710363331834346,-5.388483326207449e-09,-0.1592824105357327,0.017152040124496674,-0.04648927745072173,0.04007018842293841,0.2792406717481415
5108,2021-11-05,2151.191162109375,2159.096396484375,2134.8334244791668,2129.345307617188,0.0025773728865610135,-15.280858902364344,-14.272945489520076,2903800,1.098883632923368,True,False,False,False,True,-0.0319874106812416,0.0099473716236333,-0.0479811514343503,-0.042910115546222,0.0099473716236333,-0.0567580041235727,-0.0600739688301777,0.0099473716236333,-0.1123462164879922,0.0112106312829272,0.0114089856633279,-0.1123462164879922,0.003661362405065351,-0.0531904385608184,-0.01179518851957062,0.21076007778714595
6503,2021-11-10,1382.739501953125,1400.3785498046875,1378.7842610677085,1375.36416015625,0.002486687533772791,-3.739998122313864,2.286562875106004,3422800,0.7921965354709771,True,False,False,False,True,-0.0167156599545067,0.0180269280167866,-0.0213043202080523,-0.0314651144189991,0.0180269280167866,-0.0317928758015986,-0.0357259325660023,0.0180269280167866,-0.0770237792282106,-0.0081939353790039,0.0180269280167866,-0.0770237792282106,0.012595914050542011,-0.014089054869274698,-0.0181556998158221,0.22906428048825542
4543,2021-11-11,2316.418701171875,2392.08125,2312.5927425130208,2292.213271484375,0.008890739479685772,-27.04287260307956,-11.077722023457827,3495200,0.84544585948744,True,False,False,False,True,0.0168792305184699,0.0226429184647285,-0.0053521177589732,0.0306711041076823,0.0623711713584858,-0.0053521177589732,-0.0370524989800329,0.0623711713584858,-0.06710585968052,-0.0549610241344613,0.0623711713584858,-0.0948950830179922,0.03163042594315104,-0.052759003025334095,0.07642121248470146,0.2867324021885992
8058,2021-11-11,985.5529174804688,1037.209133300781,982.0869140625,973.6165486653646,0.008699898752488,-7.336310273381741,3.141994893305456,9859500,0.4565712078819486,True,False,False,False,True,0.0161477780277679,0.0267174457956405,0.0049910334783644,0.0320022562287352,0.05519674674473,0.0049910334783644,0.0399294643642877,0.0593071443160699,-0.0067528098192812,0.1197886408123116,0.1197886408123116,-0.0067528098192812,0.049803086149003785,-0.09766650645965402,0.01333968756324233,0.2363636338578229
8316,2021-11-11,1066.5203857421875,1071.1454052734375,1057.176131184896,1053.5430891927083,0.0034484037999542583,-3.6670772780069,-3.4622809652489703,10401000,0.5537600016611203,True,False,False,False,True,0.0188088843513201,0.039446274626109,0.0015674511649792,0.0130616743743658,0.039446274626109,-0.0013061185970913,0.00940444217566,0.039446274626109,-0.0329152907643721,0.1180773349006258,0.1180773349006258,-0.0329152907643721,0.0043178260472203234,-0.030513023133304396,-0.024322421804646277,0.1804032308426444
8630,2021-11-11,1372.35107421875,1396.995751953125,1364.639873046875,1354.9687662760416,0.007137512695154724,-4.055921650891378,0.3341314381853218,1368000,0.6537025223455879,True,False,False,False,True,-0.0078221538297323,0.0205846231003083,-0.0144092017065107,-0.013791572898784,0.0436393802175185,-0.0255249473778754,0.0158502263771647,0.0438451595649607,-0.0421983794653598,0.0920131111961075,0.1060106147871111,-0.0421983794653598,0.01764119733357775,-0.038847597521316724,0.007171423856646042,0.21915688035602432
6326,2021-11-12,2126.49609375,2129.0287353515623,2092.916806640625,2089.302041015625,0.0017301307106571961,-6.214413513209365,5.73702990079818,2402500,1.0121095058251588,True,False,False,False,True,0.0419376156125375,0.043615116301791,-0.0270496392299882,-0.0027260219367614,0.049276699599877,-0.0270496392299882,0.0660513829417892,0.0809391972983719,-0.0270496392299882,0.1185667994775736,0.1259662853036425,-0.0270496392299882,0.0011895760538638799,-0.002922937355030353,-0.012831582584619472,0.3856883864443928
8031,2021-11-12,1114.3648681640625,1114.75552734375,1084.5148974609374,1083.2768880208334,0.0011428374903905691,-0.3828283251207267,4.975013111873927,11380400,1.1848918069381411,True,False,False,False,True,0.0510224861174053,0.0510224861174053,-0.0060368605182511,0.0251217099321197,0.0796494731604697,-0.0060368605182511,0.0021422131112074,0.0796494731604697,-0.0212269499971339,0.1402141796849711,0.1448879867408958,-0.0212269499971339,0.00035044381490377947,-0.02573125072146354,-0.05041925596255403,0.2667498407678114
8830,2021-11-18,1824.14892578125,1913.916943359375,1820.1925960286455,1810.346635742188,0.00543871548799868,-19.60830358093017,-4.173122402459206,1702200,0.8696007560857237,True,False,False,False,True,-0.0608561168160344,0.0201134577238855,-0.0680763333808754,-0.0750387394378317,0.0201134577238855,-0.1031458843521869,-0.1232594689786038,0.0201134577238855,-0.1291903608061014,-0.1242908253715279,0.0201134577238855,-0.1542031825599132,0.04690277594834442,-0.06928681273251724,0.07208586892056901,0.19979330405736834
8750,2021-11-22,496.6946411132813,507.59178833007815,495.4623091634115,491.073945719401,0.008936257934803793,-4.563525249714189,-2.21998500685694,17490800,1.2512626515539556,True,False,False,False,True,-0.0294928202736719,0.0203690815653811,-0.0401018020147886,0.011669797102304,0.0203690815653811,-0.0464672913618819,-0.0112454218530827,0.0604708814188523,-0.0464672913618819,0.0835985448235989,0.1682580162371685,-0.0464672913618819,0.02146832842321439,-0.04958147541619251,0.016614070982387652,0.24407963178649067
8750,2021-11-25,499.4347229003906,506.7444604492188,497.1330623372396,493.0257344563802,0.008330859007569247,-4.241224070541477,-3.001362088887062,7966800,0.5455972409221215,True,False,False,False,True,-0.0422030473050067,-0.0004220637572108,-0.0516987209933245,0.0059084131797686,0.0244776896693925,-0.0516987209933245,-0.0116057723218211,0.054652749809859,-0.0516987209933245,0.0582403433764868,0.1618485249339889,-0.0516987209933245,0.014424898779057711,-0.03911677893490684,0.00873763772044156,0.23655446949995834
6857,2021-11-29,2377.718017578125,2382.049853515625,2361.3254622395834,2360.8652897135416,0.00019491689256767586,27.629979920863207,37.50019026198014,9082400,1.1527438970216806,True,False,True,False,True,0.0070849222410249,0.0404856563918156,-0.0161945479866038,0.049595071758441,0.0657894791558961,-0.0161945479866038,0.1093116810295125,0.1163967008901025,-0.0161945479866038,-0.1082995786175217,0.1518217059502893,-0.1153845989917298,0.0018185328619829426,0.0534571356576794,0.040409895562860676,0.3614400553434739
6098,2021-12-01,6893.7578125,7409.26734375,6892.044127604167,6812.217578125,0.011718144431484667,-96.7545776696834,16.271830665758173,5071200,1.095057428325261,True,False,False,False,True,0.0512966893736521,0.0512966893736521,-0.0116843007435953,-0.026503256455965,0.0584212484494977,-0.0735252010358143,-0.0051296831032603,0.0584212484494977,-0.0785124665355212,-0.2027643894329222,0.0584212484494977,-0.2856939647636112,0.06957631670354718,-0.03683809974425334,0.10504004962314106,0.2993393175642605
6971,2021-12-01,1526.138427734375,1541.7771044921874,1525.8827734375,1522.7284375,0.002071502613216314,1.8809762060229789,8.415153338275388,5314400,1.2256909849071922,True,False,True,False,True,0.0402968263157801,0.0437882434366834,-0.0203666562545022,0.0522256774567782,0.0538259100645515,-0.0203666562545022,0.0541169557881595,0.0750653963886258,-0.0203666562545022,0.023421536465078,0.0750653963886258,-0.0341868670551733,0.010143279928237926,0.06567200179647059,0.005307925166644689,0.26213370626619625
4661,2021-12-03,3542.365478515625,3678.42091796875,3481.8018294270832,3453.598313802084,0.008166414580492942,-23.202063974208613,26.102218588631445,4523500,1.0466703688278032,True,False,False,False,True,0.0478709543225006,0.058168756529654,-0.0192039236082219,0.0885054918047305,0.1388812329603421,-0.0192039236082219,0.0681880163029413,0.1388812329603421,-0.0192039236082219,0.1269134235852866,0.1388812329603421,-0.0192039236082219,0.036987458066179056,0.035338156644135754,0.10577396171647102,0.3143312750027859
8053,2021-12-03,328.0469970703125,337.19306030273435,327.687402750651,327.07651896158853,0.001867709094501624,-2.528072617385192,0.1298024888748049,12077200,0.8256458006040643,True,False,False,False,True,0.0324409336892215,0.0415747918579181,-0.0009447766899016,0.0456693388048721,0.0557480794198588,-0.0009447766899016,0.0796849585894861,0.083464485865762,-0.0009447766899016,0.1322834929881025,0.1338582961772376,-0.0009447766899016,0.02712411466656654,0.002385601015026939,0.057908148010707094,0.2276677972854393
8766,2021-12-03,1687.7708740234375,1709.6702294921874,1671.1823421223958,1661.8397770182291,0.005621820607116357,-11.12670860677531,-5.206971478695699,3477600,0.7074871450586674,True,False,False,False,True,0.0285616769125385,0.044882718176415,-0.0125805944173879,0.0814349895658386,0.1052364352105228,-0.0125805944173879,0.1208773707403303,0.1218974320137118,-0.0125805944173879,0.1667802310957176,0.2006123851917127,-0.0125805944173879,0.012809110839611785,0.026028481719117313,0.10707910331078008,0.20232058345754927
1928,2021-12-06,1910.6796875,1924.1861572265625,1896.6142041015623,1891.7156477864585,0.0025894781389770305,-19.75135665367725,-14.35862717761125,1610900,1.020464400305335,True,False,False,False,True,0.0021316372405106,0.0330420452028343,-0.0017053450918543,-0.0038370748097658,0.0330420452028343,-0.0059688165713541,0.0726925034857524,0.0729058590102389,-0.0059688165713541,0.0211626568588567,0.0944364183676167,-0.0285652017587386,0.007019315504290985,0.012478099974775447,0.07107370179756456,0.21626039732125824
6971,2021-12-06,1531.4666748046875,1546.599296875,1528.2572119140625,1525.4666438802085,0.0018293209130786359,-0.8978369498379379,4.079823720076909,2252000,0.5669830559681764,True,False,False,False,True,0.0426209620370203,0.046390170186765,-0.0050739493936238,0.0300087479649524,0.071325051173845,-0.0050739493936238,0.0629167986832219,0.071325051173845,-0.0050739493936238,0.0043491135461939,0.071325051173845,-0.0375471040624454,0.009784449081859044,0.009612301421420777,-0.0004773645471937149,0.18418619029527808
4063,2021-12-07,3518.8359375,3583.932548828125,3514.213037109375,3496.0299609375,0.005201064171372005,-28.40946140760343,-15.627922074138745,5096000,1.1242251097531382,True,False,False,False,True,0.0174718895630878,0.0295479448180033,-0.002312404835034,0.0095065950875978,0.0364850321962031,-0.0149022950672542,0.0154162670316666,0.0621788231567352,-0.0149022950672542,0.0077082375874479,0.0621788231567352,-0.0986639204748236,0.01816345883780945,-0.01564604981558826,0.017958402314571353,0.20712082657816955
4661,2021-12-07,3587.717529296875,3678.302607421875,3494.21912109375,3466.461966145833,0.008007344439084907,-29.638748146148828,5.714690055271095,4689000,1.046464916979111,True,False,False,False,True,0.0247320723352806,0.0574333233110517,0.0074194757238954,0.0799669771765663,0.1244847262428379,0.0074194757238954,-0.0104425288345769,0.1244847262428379,-0.0123661340270674,0.1494914935675653,0.1541631061400366,-0.0283044629906801,0.024626869453922187,-0.004068330263604869,0.13804014145726895,0.32587282205424317
9432,2021-12-07,109.15218353271484,110.76417236328123,108.26608418782553,107.62267456054688,0.005978383550732769,-0.7571951887658912,-0.2755985265184497,172125000,1.1606638626421328,True,False,False,False,True,0.0047618631566328,0.0095237556686007,-0.0203174785128325,0.0171428331782206,0.0336509879264994,-0.0203174785128325,0.0485713257231965,0.053968213762908,-0.0250794024372246,0.067301586414008,0.0765079649695501,-0.0250794024372246,0.01455334153790662,-0.0005367167677475804,0.02343166994615231,0.17887463877188003
4689,2021-12-08,680.0250854492188,724.0602197265625,679.592215983073,672.9600317382813,0.009855242409657627,-3.139199984411676,6.16869276364482,24605000,1.402680456508212,True,False,False,False,True,-0.056087534109989,0.0177839255540499,-0.0641587030860599,-0.0984950811517735,0.0177839255540499,-0.1421340652831283,-0.1266756785939023,0.0177839255540499,-0.1445964845007884,-0.2077975639075097,0.0177839255540499,-0.26415864842232,0.060816950134304326,-0.09228109247845606,0.05051402770910429,0.30905506424635837
7733,2021-12-08,2403.329345703125,2424.744921875,2329.5175032552083,2314.9996614583333,0.006271206876863777,-12.930925484580255,1.8553717272529893,4692100,1.079126184006412,True,False,False,False,True,-0.0296502339436554,0.0100810914018054,-0.03854527152209,-0.0156158494731378,0.0310337521801775,-0.03854527152209,-0.0017791481279478,0.0634511808687945,-0.03854527152209,-0.1053569790523948,0.0634511808687945,-0.1142520157166993,0.008832094451945337,-0.01512329960872627,0.07030372958421527,0.28354411294218457
4568,2021-12-14,2682.761962890625,2703.829521484375,2675.547024739584,2656.159488932292,0.00729908572436111,-17.265467067493773,-11.713295485331006,3187300,0.8116198146971608,True,False,False,False,True,0.0031523599063136,0.0210156892863444,-0.0388791490479245,0.0281961484969004,0.0399299488629865,-0.0388791490479245,-0.0718037331985996,0.0455341301341991,-0.0868650311127354,-0.1658493494117036,0.0455341301341991,-0.1985988440569956,0.007791748121081349,0.0007849931913138652,0.10430186583399392,0.33263937183754455
7203,2021-12-14,1796.045166015625,1817.3342529296876,1760.3631087239582,1747.5681005859376,0.007321607743772995,0.3985260937545263,7.238809384822855,22353800,0.9607236134946044,True,False,True,False,True,0.0124694135239902,0.0586797493805428,0.0029340316268342,0.0430318295093072,0.0586797493805428,-0.0046454281853595,0.1687041338792194,0.1848410528825728,-0.0046454281853595,0.066992759291961,0.2102691259319713,-0.0046454281853595,0.011714458625177471,0.009954849229298568,0.09875924697300376,0.23780099667963384
7733,2021-12-14,2342.04638671875,2412.165322265625,2338.2712825520834,2326.375771484375,0.005113323141307635,-18.12349153956984,-8.625433045319177,3380200,0.7687435539095006,True,False,False,False,True,0.0034483398453584,0.0580122097823292,-0.0133874475674611,0.071805318490878,0.071805318490878,-0.0133874475674611,-0.063894464121942,0.0912778863809657,-0.082961402447519,-0.1056795241374407,0.0912778863809657,-0.153752508507399,0.029068876374118445,-0.012658295886400772,0.08033038999177833,0.29566249484783763
9432,2021-12-14,109.67195129394533,109.9630288696289,108.9376719156901,108.26608418782553,0.006203121992474303,-0.6733102752550906,-0.6145527523336763,159450000,1.05885897900959,True,False,False,False,True,0.0123222929487896,0.0287522106771711,-1.6930371549150891e-09,-0.0132701241787607,0.0287522106771711,-0.0296998390246481,0.0338073486590049,0.060663534265154,-0.0296998390246481,0.0420222801904595,0.0714060758511618,-0.0296998390246481,0.0026470494554007968,-0.001798618429148413,0.04613037813540766,0.17378634951367847
5802,2021-12-15,330.72412109375,334.7486291503906,328.6142757161458,326.90420206705727,0.005231115532549069,-1.357067043901509,-0.6126471228151531,6582800,0.6309921149949292,True,False,False,False,True,-0.0467780881499668,0.0196269693669335,-0.0565916287661305,-0.0183186234632516,0.0196269693669335,-0.0565916287661305,0.0860319780961225,0.1033691732661694,-0.0565916287661305,0.0336933043761986,0.1033691732661694,-0.0565916287661305,0.012022478081105327,0.011275394009857553,0.05985432483440556,0.3208476774419206
7741,2021-12-16,17366.68359375,17413.953515625,17082.551640625,17039.680481770833,0.0025159602552424776,15.11509009009751,78.58021272035741,950800,1.155439973751048,True,False,True,False,True,-0.0647303981604504,-0.0052560603966096,-0.1065007948907531,-0.0533887510456331,-0.0052560603966096,-0.1065007948907531,-0.117565883040691,-0.0052560603966096,-0.166805057806272,-0.1280774903275421,-0.0052560603966096,-0.2351315147330384,0.0027144853598342683,-0.008326369203264794,0.008351840655631437,0.28156562318560036
6723,2021-12-22,1366.2119140625,1392.3230908203125,1350.0497981770834,1337.2895035807292,0.009541908885239314,-10.199995226420016,-3.331727851787229,8457200,0.8872280784208406,True,False,False,False,True,0.0042283743900111,0.0190275969051503,-0.0119802239334767,-0.0028187971273787,0.0683580885912467,-0.0119802678562584,-0.0634248117049237,0.0683580885912467,-0.1099364463380878,-0.0732909590486354,0.0683580885912467,-0.1585623434335871,0.018753676449069445,-0.023015277202501294,0.02690171905319394,0.3506740748501936
7733,2021-12-22,2365.79931640625,2386.531083984375,2352.9791438802085,2340.247529296875,0.005440285450128757,-12.953680333461309,-12.76990935161855,3068100,0.6507484529850628,True,False,False,False,True,0.0668674926323336,0.0718875730606807,0.0110441918562504,0.0140562008620153,0.0803213159208364,0.0064256789545387,-0.008032041066987,0.0803213159208364,-0.0921685880178808,-0.0765059831910504,0.0803213159208364,-0.1622489422599377,0.008686988289091485,-0.0028467899805640906,0.050835423246491374,0.3356279109239399
4507,2022-01-06,2320.23046875,2369.139208984375,2302.207740885417,2291.4271712239583,0.0047047402583169085,18.606191029353795,30.79421307361421,7878600,1.7862389813907933,True,False,True,False,True,-0.0286641026029539,0.0095982091252402,-0.0378728590027825,-0.0997403738179295,0.0095982091252402,-0.1076522416821268,0.0057070620341797,0.0413749679257857,-0.2063553626047924,-0.0691309162445137,0.0830092205360881,-0.2063553626047924,0.020644097252242716,0.016123112168200393,0.024910687867624404,0.3673447155848673
4661,2022-01-12,3663.632080078125,3753.38919921875,3651.5469921875,3634.6072786458335,0.004660672321103787,-16.998809290480494,15.362067356988756,4217000,1.0363725731137872,True,False,False,False,True,-0.0056511835712044,0.0209903111691773,-0.0185683034136848,-0.0043056763664335,0.0239504916723862,-0.0185683034136848,0.1722280542417129,0.1848760612548812,-0.0185683034136848,0.1630785252825208,0.2317007572866587,-0.0185683034136848,0.023913618965842272,-0.03687626583519099,0.024015163334164313,0.4093615235798317
7733,2022-01-12,2391.927734375,2398.521572265625,2379.905537109375,2369.7835970052083,0.004271250808284055,9.44283154626146,16.17374459601905,2907600,0.7795519104732515,True,False,True,False,True,-0.0718967890863393,-0.0387288548314489,-0.102085358594408,-0.0274081648317461,-0.0125123724040075,-0.102085358594408,-0.1120159602569514,0.0442900327232158,-0.1714001843630418,-0.1942403016493463,0.0442900327232158,-0.2063554955363046,0.002749125947779726,0.006844620357673525,0.02978252117622926,0.3252667580591058
4661,2022-01-18,3709.9697265625,3759.817314453125,3662.830345052083,3648.0299153645833,0.0040571020608037855,-23.161603368473607,-7.545066197840333,3895000,0.965094310403568,True,False,False,False,True,-0.019133674071317,0.0111613156419447,-0.0292319039727704,0.0605900117635942,0.0653734295064516,-0.0292319039727704,0.1945257302628131,0.2011693318070808,-0.0292319039727704,0.2253521905317939,0.2442200890036088,-0.0292319039727704,0.013257981364947147,-0.06441679478639717,0.07542915082764645,0.32281629451014554
4661,2022-01-20,3694.195556640625,3755.834248046875,3665.577740885417,3655.589609375,0.002732290157736017,-21.938700166935178,-13.205112312927524,3050000,0.9109372199988052,True,False,False,False,True,-0.0189485788681502,0.0154789621137703,-0.0205498597513904,0.0827327234546646,0.0918066481767398,-0.0216173258030526,0.1411794989566415,0.2215104312332168,-0.0216173258030526,0.2380570897982179,0.2495328935921132,-0.0216173258030526,0.016411451447385792,-0.027258625807056736,0.06998250336264666,0.2938676908345325
8035,2022-01-24,17436.05078125,19044.20171875,17413.932994791667,17197.153815104168,0.012605526589934968,-138.92915133746283,177.73618032814213,4221000,1.483488676141875,True,False,False,False,True,-0.0634838827330855,0.0124916548427742,-0.115845158765136,-0.0542434194239709,0.0124916548427742,-0.115845158765136,-0.0946268719913774,0.0124916548427742,-0.115845158765136,0.0795688889018331,0.079740038012976,-0.1425392556652412,0.08444307413088842,-0.04763573117076869,0.19852397208409567,0.42464656248448496
9101,2022-01-26,1778.275146484375,1925.2791259765625,1762.2095361328124,1754.852159830729,0.0041925903905164486,-1.674737237495492,37.14062159159475,20133000,0.9378347351011656,True,False,False,False,True,0.1199998901674466,0.1478787049051073,-0.0327273684708188,0.1733330679046625,0.1963635558897443,-0.0327273684708188,0.2363636363636363,0.2533332042747467,-0.0327273684708188,0.3163634716148062,0.5139393013183835,-0.0327273684708188,0.07635463217190515,-0.01139739132835127,0.12561438416192305,0.4987743442762963
4661,2022-01-28,3703.068603515625,3718.921826171875,3677.0668522135416,3668.285693359375,0.0023938045147526843,-16.804316128167557,-15.966651203104735,3348500,0.9377647396537118,True,False,False,False,True,0.1136846823023214,0.118210773528508,0.0117144655781007,0.189563343165366,0.2034078583499226,0.0117144655781007,0.1474973016796339,0.2185835291217237,0.0117144655781007,0.2422617986864119,0.3232163947867803,0.0117144655781007,0.0042628545038734846,0.007515908730002296,0.10734126259201304,0.2973783496368676
8591,2022-01-28,1982.6744384765625,2051.6051220703125,1965.963785807292,1951.5685107421875,0.00737625914020823,5.23784181313772,29.20853093507471,6231400,1.440373164688043,True,False,True,False,True,0.0513919131854445,0.0567452324990158,-0.0074949085554418,0.0149892849242296,0.0706638627143019,-0.0074949085554418,-0.0207708759271987,0.0706638627143019,-0.0554603267622255,0.0923302936343886,0.0973479882126973,-0.1516060907701949,0.03359841660182189,0.06270663854510306,0.0959953278394351,0.2591200871742109
9101,2022-01-28,1789.0526123046875,1920.1921875,1765.572096354167,1755.3407275390623,0.0058287081559651455,-19.36447786621261,17.579997618503004,22710300,1.0176965274421537,True,False,False,False,True,0.1807229556877327,0.1855422035232936,-0.0084339192653628,0.1759034694446659,0.1891565194708102,-0.0084339192653628,0.3144575921851096,0.3397587918351392,-0.0084339192653628,0.3792809580893563,0.5048191508198647,-0.0084339192653628,0.06829502590886494,0.015443307417994157,0.07518863913607776,0.5255858161339328
6971,2022-01-31,1561.8829345703125,1573.3034033203126,1553.2952978515625,1549.9650520833334,0.0021485941013656973,-17.08950715022297,-13.670442346823066,6877600,1.9862186873675152,True,False,False,False,True,-0.0268656879728673,0.0062544142472176,-0.0436389641661483,-0.0540157069842817,0.0062544142472176,-0.0599858557906918,-0.0889836572177528,0.0062544142472176,-0.0895522428584345,-0.0090567016896125,0.0129738851286254,-0.1393034308420792,0.007258910599124239,0.02299388652282819,0.1079662855453214,0.23514770016247338
6146,2022-02-02,10324.6884765625,10543.3301171875,10240.098815104167,10187.359348958333,0.005176951586696177,-186.6089896308531,-129.11573736687973,638100,0.6629266012155213,True,False,False,False,True,0.0075415600179371,0.0075415600179371,-0.0407237588477733,0.045249076352088,0.0618403020733751,-0.0407237588477733,-0.0859726302653085,0.0618403020733751,-0.0950225690842573,0.0180494058111808,0.0748636005559735,-0.1514329034855601,0.020737436672742936,-0.028742461203165814,0.09583292721595105,0.39390147763901434
6301,2022-02-04,2369.9501953125,2388.09263671875,2368.399348958333,2363.9415494791665,0.0018857486049723704,-3.725079697238925,7.842938478238001,3122900,0.9100287033934114,True,False,False,False,True,-0.013192627086622,0.0372912083032048,-0.0175901643990702,-0.0411610171132782,0.0372912083032048,-0.0547054312909113,-0.1044854210988908,0.0372912083032048,-0.1067721407071632,0.0244237439061425,0.0789796775442357,-0.1067721407071632,0.0075970425632975735,0.015826442978589705,-0.03345528989771285,0.2537896717645459
6301,2022-02-08,2372.034423828125,2397.113876953125,2368.955185546875,2365.8147135416666,0.001327437853536173,-2.133367678207378,3.983545889889623,1705200,0.5186028865001148,True,False,False,False,True,-0.0091387755660774,0.0363797746858698,-0.0497364811625822,-0.073637898803121,0.0363797746858698,-0.0834797272354915,-0.0456939807549579,0.0363797746858698,-0.1075569906050345,0.0398184287061569,0.0780316136421577,-0.1075569906050345,0.010462353652083211,-0.0060101499471540976,-0.026513672890251527,0.2487761622573324
7751,2022-02-25,2296.55859375,2362.026767578125,2288.1653580729167,2275.79625,0.005435068307594326,-3.6352053103801154,9.10577236186226,2605500,0.7060210275308909,True,False,False,False,True,-0.0175533321767114,0.0131189948263117,-0.0356613751214027,0.0042499476968766,0.0131189948263117,-0.0618993139843557,0.0831486777940497,0.0861051826420158,-0.0618993139843557,0.0995934388920922,0.161862452274885,-0.0618993139843557,0.02771694831183142,-0.030907156303210725,0.11748713383164178,0.2112438423145393
5803,2022-03-03,89.80838775634766,93.03732177734376,88.92668772379557,88.87505615234375,0.0005809455845890987,-0.044571852516384,1.1305917358712427,14418600,1.15955106058559,True,False,False,False,True,-0.1260364452210937,-0.0132671043539733,-0.1708124768996567,-0.0464345468855991,-0.0132671043539733,-0.1708124768996567,0.0182147100187617,0.0586735698241807,-0.1708124768996567,0.0755314273238489,0.0805887850116271,-0.1708124768996567,0.0347057928937762,-0.004236933514560115,0.07641250041158332,0.49443902901873993
8309,2022-03-03,426.2126159667969,427.7779064941406,411.2041263834635,410.1038203938802,0.002682993756377483,-0.2778290224586044,2.14780631361803,13285600,1.171177206932421,True,False,False,False,True,-0.0472480754338977,-0.0026793245803367,-0.0964443125431747,-0.0185097022189746,-0.0026793245803367,-0.0964443125431747,-0.0134477434164856,0.0628348218123917,-0.0964443125431747,-0.0030002574083667,0.0628348218123917,-0.0964443125431747,0.0036591196122588306,0.04494009691050238,0.1465321763811348,0.26843554610843795
8316,2022-03-03,1153.1683349609375,1177.206787109375,1129.623846028646,1124.6274348958334,0.004442725633200917,-5.622200359981207,3.918895241336584,23564400,1.1716508466157372,True,False,False,False,True,-0.0678909318596703,-0.0091809717281478,-0.1128293107854009,-0.0260932987041582,-0.0091809717281478,-0.1128293107854009,-0.0254838830900134,0.0285091569065567,-0.1128293107854009,-0.0406062187491895,0.0285091569065567,-0.1128293107854009,0.020419906181023465,0.005245178419049701,0.1221366181409399,0.2547360522366551
8604,2022-03-03,426.1055603027344,435.94142578125,422.17692342122393,421.6529569498698,0.0012426486348973143,-0.6877448547093081,2.4608122324778487,6991300,0.6451636717659571,True,False,False,False,True,-0.0532510107159633,0.0023152610515619,-0.1119043232625106,0.0021223799790683,0.003665864063322,-0.1119043232625106,0.0232913906530627,0.0846999806177566,-0.1119043232625106,-0.0081975261532089,0.0846999806177566,-0.1119043232625106,0.022562355621259904,0.0362100397312245,0.11521529147372311,0.2915229469251394
8306,2022-03-09,575.6778564453125,612.9211645507812,574.0091569010417,571.570400390625,0.00426676487926958,-6.440991138468803,0.8562468316468874,87059000,1.196503163533804,True,False,False,False,True,0.0966211919414803,0.1000295910698267,0.0277118306068588,0.183906306954289,0.2274749549085026,0.0277118306068588,0.1201429488377003,0.2274749549085026,0.0277118306068588,0.0997657313378652,0.2274749549085026,0.0277118306068588,0.0607636189766181,-0.0015102562699242927,0.1842249707954381,0.314667595625368
8308,2022-03-09,427.61572265625,463.30511474609375,424.6460734049479,422.0360705566407,0.006184312267112135,-4.6103815467795926,2.5960609860695056,12055800,0.7913758556122089,True,False,False,False,True,0.0830049031866144,0.0927578169925611,0.0217887800732707,0.1346753437311949,0.1790828722843087,0.0217887800732707,0.1240536758484374,0.1790828722843087,0.0217887800732707,0.091266969604582,0.2287594309785814,0.0217887800732707,0.07703215646432632,-0.025882428594864004,0.21568881025854425,0.33568419999770105
8725,2022-03-10,1041.5645751953125,1074.29314453125,1022.7780810546876,1022.1110375976564,0.0006526134954956131,-15.784465150096366,-7.710007535782843,4255800,1.043959480890302,True,False,False,False,True,0.053543177337185,0.0606297906376593,-0.0094488177955024,0.0952755096192825,0.1165350857549789,-0.0094488177955024,-0.0083601552980329,0.1165350857549789,-0.0188411049852875,0.0187820751651011,0.1165350857549789,-0.0188411049852875,0.030465212872802988,-0.021248368902939796,0.20064734240321203,0.3772672604461008
5020,2022-03-11,383.0950622558594,389.0128540039062,378.6567329915365,378.3897993977865,0.0007054460616402469,-0.8262821466922219,0.6050967888538621,22024800,0.99869658143396,True,False,False,False,True,0.0148361473303466,0.0197076768141324,-0.0161646390088704,0.0845881535623538,0.092116994504003,-0.0161646390088704,0.0175767105577921,0.092116994504003,-0.0161646390088704,0.1268132841041518,0.1365584233793804,-0.0161646390088704,0.0152123295853546,0.06010099579832284,0.13301604431700487,0.2957540366076754
7751,2022-03-11,2306.31884765625,2325.006875,2300.8171875,2295.567337239583,0.0022869511058341008,-27.86066315988137,-25.76232589160585,3745600,1.1764484173100238,True,False,False,False,True,0.0439741699784115,0.0539098487267735,0.006991821316165,0.0785648336632904,0.0815088266948522,0.006991821316165,0.0973319521076288,0.1124193856392252,0.006991821316165,0.1646733742069437,0.1827045506805125,0.006991821316165,0.008037837455319368,0.03868134081755992,0.13582171363865891,0.27335036531769735
6178,2022-03-14,766.4520874023438,787.0110083007812,766.0148640950521,763.5753336588542,0.003194878525617506,-12.003414842313305,-10.036174236789224,12016200,0.7862705933738044,True,False,False,False,True,0.0417112381227835,0.0422459974852695,0.0008555964746823,0.0416042108847496,0.0595723334159941,0.0008555964746823,0.0081204527857381,0.0595723334159941,-0.0152167353422364,0.0631375496703139,0.0684363401912087,-0.0152167353422364,0.026122786951640987,-0.004270888194263689,0.1386798641134931,0.2499859546084632
8766,2022-03-14,1905.8441162109373,1929.4649658203125,1879.8169661458328,1871.5990511067707,0.004390852321816574,-33.74756351762471,-30.958228251456237,5932500,1.027216697271058,True,False,False,False,True,0.1311350553316457,0.1389640952758317,0.0111412438691091,0.1192415137060112,0.1389640952758317,0.0111412438691091,0.0229427692563894,0.1389640952758317,-0.0032787277829839,0.0506977183602426,0.1389640952758317,-0.0032787277829839,0.012242175954375423,0.012359297543107606,0.162245891972696,0.3217989402189421
8750,2022-03-15,522.5147094726562,525.2422106933594,521.6084191894531,521.1882710774739,0.0008061350097356978,-11.357325467103578,-13.639369050405392,15572400,0.7827521485924194,True,True,False,False,True,0.0895522318322143,0.0951996702793271,-0.0141184732051775,0.0649587349713189,0.0951996702793271,-0.0141184732051775,0.0518392908393423,0.0951996702793271,-0.016048089280612,0.0395529385351811,0.1368028038002904,-0.016048089280612,0.005192844682270809,-0.028709802251910443,0.08633735089807759,0.45203936012197543
5020,2022-03-17,383.0102844238281,386.84118896484375,379.2686442057292,378.4429602050781,0.0021817924693423585,-1.6152089769149711,-0.6018383994524661,18022800,0.8554885637714634,True,False,False,False,True,0.054041912815931,0.0558138246485671,0.0044295762386663,0.0234691403460951,0.0923587303395245,0.0044295762386663,0.0307228862383839,0.0923587303395245,0.0030677254672968,0.1585714523610688,0.1723991286247723,0.0030677254672968,0.009903041998363263,0.0018737303796122484,0.09285000136124544,0.28049531742079087
8309,2022-03-17,418.3235473632813,420.7110314941406,414.2337707519531,412.3805517578125,0.004493953427825437,-4.746661474445602,-4.8283150669700365,11668800,0.8591877006450093,True,True,False,False,True,0.0325062851875299,0.046898462017576,-0.0074441808923216,0.0051574211318574,0.0828785819027164,-0.0074441808923216,0.0011022331656844,0.0828785819027164,-0.0333660465730977,-0.0298179276265635,0.0828785819027164,-0.039702227736951,0.005674878841137713,-0.03527756599943355,0.07447520395376639,0.3230865991590361
8316,2022-03-18,1133.6658935546875,1139.037177734375,1130.6194173177084,1128.542833658854,0.0018400574589816365,-15.095994046622536,-18.823967324458213,27499800,1.0537526993029662,True,True,False,False,True,0.0122877259168228,0.0462025881744474,0.0031945553829064,-0.0067018477782524,0.0462025881744474,-0.0238494996649248,-0.0175451876716581,0.0462025881744474,-0.0377190658416703,-0.0175451876716581,0.0462025881744474,-0.0377190658416703,0.004715635525059353,-0.048120763671410716,0.07169737947430221,0.3594780890312863
8630,2022-04-12,1477.3909912109375,1489.9259716796876,1476.971826171875,1474.5762027994792,0.0016246182244414875,-0.6961967731174354,10.816320706693777,3083700,1.039064750746774,True,False,False,False,True,-0.0023383043922031,0.0054559515766705,-0.0189008715597476,-0.0005845760980508,0.0150040389363512,-0.0189008715597476,-0.0243568692070678,0.0434529027136367,-0.0270848270129473,0.1615354380771965,0.1872565694839389,-0.038581306866319,0.008413156564160425,0.0030351602561868862,0.03910781767173477,0.2522888081972676
5020,2022-04-13,388.6131286621094,391.9010913085938,386.7757885742187,385.2704284667969,0.003907281733021906,-0.2057956058143304,1.4291033139594058,13575700,0.6911669096020662,True,False,False,False,True,0.0252456499588702,0.0339589449445147,-0.0071492603335302,-0.0035746608999868,0.0339589449445147,-0.008713084452206,0.1461126151683573,0.1554960205764268,-0.008713084452206,0.2495531084904085,0.2975870356736432,-0.008713084452206,0.008389776704896617,-0.015127441731510372,0.031178718758168578,0.21073866048378187
8766,2022-04-13,1968.5653076171875,2009.1693798828128,1963.026739908854,1954.7597200520836,0.004229174446335637,-4.350725301762395,14.143639381505697,7332300,1.0578092472289908,True,False,False,False,True,0.0083135279245876,0.0271672921760195,-0.0068289897209229,0.0234560695085048,0.0271672921760195,-0.0126189038803387,0.0178145432418108,0.0495842219211499,-0.0126189038803387,0.1137173272765481,0.1506827020505192,-0.0201900852734316,0.02020938238068986,-0.04846971480524376,0.014999178866833884,0.29215023680966334
9101,2022-04-13,2215.016357421875,2435.953984375,2181.723492838541,2154.90375,0.012445912184495977,-42.214099123620144,3.252358500158873,24790200,0.6802927183470914,True,False,False,False,True,0.0844300383556968,0.1008774096133191,-0.0120612655456333,0.0767544901427985,0.1008774096133191,-0.0120612655456333,0.1041669261445343,0.1129388042781971,-0.0120612655456333,0.0592105531458251,0.2631580679385807,-0.0120612655456333,0.09069860447705112,-0.1742193904585887,0.08602513377273613,0.5953831881726807
8591,2022-04-14,2022.1312255859373,2023.4536865234372,2016.0573779296876,2011.8523828125,0.0020901111598004007,5.503167572882148,17.70134525194836,3125100,0.4534351510543662,True,False,True,False,True,0.0293048136348157,0.0297326211217794,-0.0156150183418301,0.0156149913140717,0.0297326211217794,-0.0258823580546297,-0.0139037031568219,0.0359356628576399,-0.0524063903758668,-0.009839665435559,0.0844918887659382,-0.0524063903758668,0.000653566200357231,-0.0008476328069388916,-0.04128953964974702,0.2845628964451649
8630,2022-04-14,1479.4061279296875,1502.483798828125,1479.0258902994792,1475.3595231119791,0.002485066948133774,-2.891364089316312,5.969588014769353,1758600,0.5917775029654494,True,False,False,False,True,0.007783703590019,0.0114808736761269,-0.0136212478353731,0.0284103159465958,0.0305508580115811,-0.0136212478353731,-0.0219885727676403,0.0420315889723674,-0.0344423827972445,0.1508076171097412,0.1856393771102042,-0.0398908797240017,0.015359680361569985,-0.04815605993869121,0.005678221252296667,0.22275934576401127
9021,2022-04-14,2263.395263671875,2264.269248046875,2209.12296875,2207.6661783854165,0.0006598780100208756,-1.9471979874515453,6.885833372514902,2394800,0.8695020731822439,True,False,False,False,True,-0.0047789489375696,0.0075667303673265,-0.0181202984372005,-0.0354439342080951,0.0075667303673265,-0.0475904907756645,-0.0314615666474343,0.0075667303673265,-0.0675029945164739,-0.0499798993988372,0.0175228769691593,-0.0675029945164739,0.0003859895971973517,-0.05152826913214548,0.1029986406059702,0.20868240260068047
9104,2022-04-18,2241.9619140625,2373.1530224609373,2214.71076985677,2198.4831901041666,0.007381261692446461,-59.7229508875248,-43.25365779206567,6026000,0.3756762999437982,True,False,False,False,True,-0.0159998675824962,0.0496000800257152,-0.0223998684437485,0.0480001472273561,0.0768001512732987,-0.0943998858043752,0.0800002090802689,0.0880000254755635,-0.0943998858043752,-0.0111998419701633,0.1984002172575165,-0.0943998858043752,0.055281352342965814,-0.1526984965935967,0.1154559401250087,0.5516661116771665
8604,2022-04-19,430.2917785644531,432.6969970703125,429.5545263671875,428.7863224283854,0.001791577526194077,-0.9208655086987392,0.2271307891234666,6321900,0.7265111227946183,True,False,False,False,True,-0.01078632244526,0.0151010344476545,-0.0174542853847982,-0.0356931987905361,0.0151010344476545,-0.0672681237217573,-0.0386350133594084,0.0151010344476545,-0.0833496707946903,-0.0490292735337186,0.0151010344476545,-0.0833496707946903,0.005558666970523275,-0.009405450604038745,0.03230009662041611,0.205011706307875
8725,2022-04-19,1077.9219970703125,1095.26587890625,1074.5407763671874,1068.0127978515625,0.0061122661907766496,-6.891122335559885,-4.718685583422669,3511800,1.0408108829021072,True,False,False,False,True,-0.0181771092088557,0.0031160438140649,-0.0280447056975727,0.0218125310506269,0.0293429275560559,-0.0280447056975727,0.0386910488240708,0.0399893808971438,-0.0389508909573849,0.0327186833299792,0.0952997187775295,-0.0389508909573849,0.015835316492519045,-0.04588794776882088,0.018571620455222648,0.22421111038741637
9202,2022-04-20,2343.520263671875,2358.17556640625,2326.4885498046874,2320.107130533854,0.002750484745661197,-3.3186805483546777,-0.4590632413634,2575400,0.9110977464888386,True,False,False,False,True,-0.0313882850391897,0.0162977656648395,-0.0452715854821262,-0.0331991917124376,0.04567410285163,-0.0468812843167154,0.0124749728072304,0.04567410285163,-0.0468812843167154,0.0223339600267067,0.0643863976768994,-0.0468812846363291,0.006214678390849754,0.006018690106388669,0.008381089394794428,0.21097405661630175
8630,2022-04-21,1490.92138671875,1513.36671875,1485.6592626953125,1479.0258902994792,0.004484960296732954,-3.236718979130956,-0.5916309201294212,2423700,1.043764736281128,True,False,False,False,True,0.0204673009526734,0.022591310358025,-0.0189226507796925,-0.0310872412357736,0.033983368911749,-0.0334042905358958,0.0513612335335578,0.0866961683728642,-0.0473063645940989,0.1289822319789009,0.176481990020886,-0.0473063645940989,0.01483139000822567,-0.04062787527536649,-0.014594123304138007,0.18796329637277537
8591,2022-04-26,2022.9962158203125,2058.1086572265626,2021.8633854166667,2019.4863818359372,0.0011770337260548214,7.237277801730215,10.40252867806176,2783900,0.4870248865710834,True,False,True,False,True,0.0106907967682381,0.0354927187607576,-0.026298870078145,-0.0363481176668294,0.0354927187607576,-0.0528115612862576,0.0528117709068429,0.0583708907369764,-0.0528115612862576,0.0006413681555188,0.0840281830576896,-0.0528115612862576,0.017060538219379758,-0.011697554712192582,0.0026680988260983085,0.23826524171589578
9021,2022-04-26,2247.620849609375,2261.95052734375,2216.8234700520834,2211.86884765625,0.0022400163558897734,-3.3406560320563585,-0.7901321430506619,2246800,1.0552667051800502,True,False,False,False,True,-0.0238619286561148,0.0122317511751164,-0.0409062219595169,-0.030880091850595,0.0122317511751164,-0.060958477064122,-0.0364947527523407,0.0122317511751164,-0.060958477064122,-0.0078203351960162,0.0246641290990137,-0.0763986538746613,0.006335097766794422,0.030527276603012132,0.029987847655926103,0.20329616347196358
9104,2022-04-27,2241.9619140625,2267.3451025390623,2236.8423551432293,2224.58712890625,0.005508989096329353,-30.19001268378861,-33.281369181853925,9572500,0.9983610088009082,True,True,False,False,True,0.0079998248952748,0.0848000832282025,-0.0943998858043752,0.0656001322432702,0.0864000309328503,-0.0943998858043752,0.1024000019165691,0.1984002172575165,-0.0943998858043752,0.0288000447780243,0.1984002172575165,-0.0943998858043752,0.011195114695216528,0.007744130298256158,0.19931462466238714,0.5292422028121914
5401,2022-04-28,311.1098937988281,315.07112182617186,301.0656319173177,299.4372224934896,0.00543823313036329,-0.9417830109644,0.9288686438043828,41066000,1.2827052192477624,True,False,False,False,True,0.0016913125957076,0.0094226049536489,-0.072239717765051,0.0118385015217594,0.0253683533590405,-0.072239717765051,0.0753805330724592,0.0877023977502744,-0.072239717765051,-0.0645082436529919,0.0932592267140743,-0.1118628991093347,0.012572488409550872,-0.022838565456782423,0.14781394901312273,0.30204506542430815
8001,2022-04-28,703.5445556640625,720.019912109375,683.3575268554688,678.5731901041667,0.007050583225322704,-2.7884170749570103,1.369123623346579,24514500,1.3254323016846012,True,False,False,False,True,-0.0958801145913453,0.0147506076061985,-0.1037641572441629,-0.0719737198480697,0.0147506076061985,-0.1136827729703647,-0.0460326017270597,0.0147506076061985,-0.1136827729703647,-0.0480672383510047,0.0147506076061985,-0.1136827729703647,0.02288180669482626,-0.027244139373528098,0.07502637441990201,0.20176946772930887
9020,2022-05-06,2155.681396484375,2165.694736328125,2138.70964029948,2138.6108447265624,4.6196143239862764e-05,-6.995317411046926,-2.535996595249555,7129800,1.5254220969900416,True,False,False,False,True,-0.0393825545708328,-0.0098094735932453,-0.0608769869235725,-0.0398151867719647,-0.0098094735932453,-0.0608769869235725,-0.0289958708540782,-0.0098094735932453,-0.0608769869235725,-0.0181765549361918,0.0219273897328089,-0.0608769869235725,0.004623615542755339,0.01603781162013207,-0.008856969669024384,0.20917997294063698
4503,2022-05-10,1671.8634033203125,1710.1655615234374,1657.19107421875,1651.6940543619792,0.003328110216449298,0.7987295931313838,15.781340692072863,4446400,0.7878484511559298,True,False,True,False,True,0.0023053606169143,0.0289446437085243,-0.0181865027884865,0.0189549358001535,0.0289446437085243,-0.0181865027884865,0.06045084278841,0.0827356512642878,-0.0181865027884865,0.0886271480416955,0.12602477499123,-0.0181865027884865,0.022396754480896494,0.05785539477008339,0.012652215382341181,0.3574073403657388
8002,2022-05-12,1132.0556640625,1206.8301708984377,1113.9216389973958,1103.5059025065104,0.009438768263247965,-11.264285206763589,6.485219511349079,9928800,1.008885976009389,True,False,False,False,True,0.0289634238392029,0.0449697121121441,-0.0144816379692678,0.0438262632362138,0.0602136664384809,-0.0144816379692678,0.1192836809075028,0.1257623402794563,-0.0144816379692678,-0.1089937781707606,0.1257623402794563,-0.1295730493336259,0.061959427796100766,0.01290197671212312,0.17340159074158346,0.363883813411638
8058,2022-05-12,1228.3653564453125,1278.4064111328123,1218.4097688802085,1210.4934586588545,0.006539738124751837,-8.164662811806693,2.6658140909763994,14468400,0.9619665382129778,True,False,False,False,True,0.0198850833205055,0.043603236672338,-0.000958234097602,0.072352749029616,0.0936751940164795,-0.000958234097602,0.1552468311654575,0.1607571039615634,-0.000958234097602,-0.0908001564976797,0.1607571039615634,-0.1039768238321119,0.03914330705143898,0.034505717151459,0.1022735320046878,0.3253980807203276
8766,2022-05-12,1991.360595703125,1991.535673828125,1981.1667985026045,1980.3792122395832,0.00039769467289585414,4.31585667040963,5.178730217557053,4422000,0.7081057450723238,True,False,True,False,True,-0.0227473094530781,0.0226003424204621,-0.0240681194684647,0.0476959002468304,0.0855588612590438,-0.0314060595795637,0.1149104413805093,0.1375107312154304,-0.0314060595795637,0.1728791104837266,0.203257711784027,-0.0314060595795637,8.791111668288248e-05,0.06705689354909683,0.022218044542925974,0.16909878129893588
9434,2022-05-13,120.7444305419922,123.11857543945312,119.76391866048176,119.36190928141276,0.00336798717018838,0.4139788610643791,0.9652920237028542,122596000,1.4047615637362605,True,False,True,False,True,0.0261799821486048,0.0265244744736234,7.71263761745189e-08,0.0361696739346504,0.0416812360019811,7.71263761745189e-08,0.0127456257068179,0.0416812360019811,7.71263761745189e-08,0.050637379224115,0.0609714995639512,7.71263761745189e-08,0.01928340129819381,-0.0016142327067508733,0.06239483326386441,0.24922830911923297
7832,2022-05-16,2725.924072265625,2769.419111328125,2669.229638671875,2657.919684244792,0.004255190438644307,-38.71323092348939,-26.454904374191127,2033100,1.092535869740448,True,False,False,False,True,0.0559240903918674,0.0567246114189805,-0.013037517480812,0.1124198583389646,0.1192817061004114,-0.013037517480812,0.0950365795715955,0.1435270575241718,-0.013037517480812,0.1482159370232194,0.1647986365672673,-0.013037517480812,0.015705473716342302,-0.025418660026213402,0.12360082405245276,0.24688759488797524
8031,2022-05-17,1354.3131103515625,1403.3424072265625,1350.9852180989585,1342.914401041667,0.006009926657299491,-8.549509614087356,1.567353173299776,7235600,0.6925225254541939,True,False,False,False,True,0.0195760380360308,0.0329528756550636,-0.0241435564532238,0.0544861149180411,0.0678629499154543,-0.0241435564532238,0.0815661190966758,0.1517130332622989,-0.0241435564532238,-0.0678629735924891,0.1517130332622989,-0.1101140665588691,0.03493751533661483,-0.021599969196687607,0.040355901631394575,0.375343551199834
7974,2022-05-18,5373.53076171875,5534.2934765625,5373.167233072917,5345.406783854167,0.0051933277187810045,-115.26161594559107,-92.10958540520171,8922000,1.2880313562441803,True,False,False,False,True,-0.034924699166042,0.0165347038155518,-0.034924699166042,-0.0143410385342432,0.0165347038155518,-0.046566540482089,-0.0516280295004329,0.0195715802136362,-0.0550024182942404,0.0106294498559789,0.0195715802136362,-0.0634383310967738,0.029048462197491496,-0.07665245097740658,0.05641889040232817,0.270282337425086
8750,2022-05-18,553.9539794921875,561.1223754882812,543.6546179199219,543.3480253092448,0.000564265620552451,0.4761213830637416,3.727795777137743,14106000,0.8177713672191136,True,False,True,False,True,0.0092319486750855,0.0239638289536971,-0.0457670083836012,0.0610880453487017,0.0656058211804344,-0.0457670083836012,0.0390886628025486,0.0868197518061633,-0.0457670083836012,-0.0496955591141542,0.0868197518061633,-0.072873716208931,0.012775102739141184,0.014290258201788975,0.015175417315169248,0.34959891110860114
8031,2022-05-20,1380.3831787109375,1401.963779296875,1356.6737906901042,1348.1140348307292,0.00634943012105782,-10.36247103747928,-4.292636072415412,11317400,1.072206790181938,True,False,False,False,True,0.0083226190361438,0.0224073037786276,-0.0041612215810986,0.042253609558954,0.0572982906955017,-0.0041612215810986,0.0224072145105911,0.129961654391129,-0.0041612215810986,-0.0947504085346263,0.129961654391129,-0.1269205500589948,0.015393122778650322,-0.03719981921046989,0.04177433513496742,0.37348798221688606
7974,2022-05-23,5422.4892578125,5486.6052734375,5391.82048828125,5360.8299739583335,0.005780917222419024,-74.78316379011085,-89.46674644435123,5731000,0.7660996557831768,True,True,False,False,True,-0.024744945142202,0.0038455372485965,-0.0551748873287344,-0.0331049490250474,0.0038455372485965,-0.0551748873287344,-0.0603578052846678,0.0103660864166186,-0.0718943461534182,0.0105333887785408,0.0376191612772374,-0.0718943461534182,0.011685917325856663,-0.07303258239786659,0.02941394911329298,0.26687529089734613
8306,2022-05-23,637.7162475585938,647.9349340820313,636.7010473632813,633.422041829427,0.005176652085525646,-5.938622459874637,-3.700446516419603,41923600,0.9739013596047305,True,False,False,False,True,0.0059952090010828,0.0219374605441204,-0.0019077573113418,0.0066764653495774,0.0219374605441204,-0.0100832956455241,-0.0042242104800732,0.0307943081570902,-0.0119909513811933,-0.0226189932700333,0.0324293219557827,-0.0508244680029534,0.015771161556391442,-0.02908402139412658,0.03146316618610223,0.2605617332171989
8750,2022-05-23,557.4358520507812,560.5957373046875,544.1481148274739,543.4039042154948,0.0013695349006621615,-1.2811430043150267,1.2572930576984054,17474400,0.9912877141907354,True,False,False,False,True,0.0119071120873479,0.0175679153361754,-0.0173725530009822,0.0538747878715812,0.0650009710915993,-0.0173725530009822,-0.0175677751598073,0.0800312256357891,-0.0218621341795736,-0.0993557559052971,0.0800312256357891,-0.1290258454216111,0.005636655870946915,-0.024011221864668753,-0.0005145686724699061,0.3659493303530532
8306,2022-05-26,643.7987670898438,646.7218896484375,638.5673811848958,635.3054711914062,0.00513439619427869,-3.925169016139648,-4.093108503085952,33229900,0.7536073133920482,True,True,False,False,True,0.0,0.0098529628122159,-0.0194358884064023,0.009448142723563,0.021055509587456,-0.0194358884064023,0.012957149502953,0.0226750760074445,-0.0213255208809777,-0.0125523333856971,0.0226750760074445,-0.0597921439400386,0.004519906632791953,-0.01816956703717776,0.020689280811920563,0.24615363132313087
9022,2022-06-01,3141.877197265625,3172.096572265625,3097.539951171875,3083.3912174479165,0.004588692360507407,4.827708349831937,15.419299694614036,3328500,1.0453503344744195,True,False,True,False,True,0.0015394204223144,0.0150862151829289,-0.0129310244534245,-0.0511084316584284,0.0150862151829289,-0.0511084316584284,-0.0369458570195387,0.0150862151829289,-0.0760469422970899,-0.0418718314192048,0.0150862151829289,-0.0929803158145884,0.009526625155178162,-0.032609512140335695,0.01661418167701112,0.22927967956232165
6701,2022-06-16,977.9089965820312,987.839638671875,970.7691780598958,968.7998885091146,0.0020327103400183955,-1.77551024369086,1.1135406048241343,4735500,0.8311941339862828,True,False,False,False,True,0.0019378905123379,0.0174417650270355,-0.0329458552180021,0.0213176694309178,0.0465116191980545,-0.0329458552180021,0.0310078085459792,0.0833333207938049,-0.0329458552180021,-0.0319767225951767,0.0833333207938049,-0.0687985627684075,0.010052888850659282,-0.014551438146296336,0.0578719403439415,0.21763956249590455
8591,2022-06-16,2027.75439453125,2064.226127929688,2019.3789339192708,2016.051287434896,0.0016505763048362265,1.2176539250172027,16.73808375910328,2820400,0.7665786494636749,True,False,True,False,True,-0.0059725980358987,0.0138650315114434,-0.0418089606402271,-0.0290102606865998,0.0185580360010919,-0.0418089606402271,-0.0219710434374925,0.0185580360010919,-0.0654863571159817,-0.0415955005260254,0.023037432230959,-0.0654863571159817,0.017668477743287447,0.01563023946247233,0.03366677551583119,0.22892346682169779
9434,2022-06-16,122.32498168945312,122.83907653808592,121.77218353271483,121.45209462483724,0.0026355157468986867,-0.3470221830191633,-0.152503943817249,69237000,0.7844254661551743,True,False,False,False,True,0.0278816444193301,0.0289017678955243,-0.0122406448507803,0.0244813008860265,0.0370620470728892,-0.0122406448507803,0.0479429789601444,0.060523476036423,-0.0122406448507803,0.0346820820064142,0.0615437963908869,-0.0122406448507803,0.0041851083801773825,-0.006107966594224634,0.015645327916438023,0.08927408105615622
9434,2022-06-20,122.9488754272461,122.950546875,121.91551564534504,121.60068572998048,0.0025890472037604084,-0.28093790617595,-0.2117925068627309,69451000,0.7796903960815087,True,False,False,False,True,0.0274019083279062,0.0304465425378686,-0.0064276161061456,0.03179969413884,0.03179969413884,-0.0064276161061456,0.0416103351162306,0.0551419387658922,-0.0064276161061456,0.0361975420031641,0.0561570815904481,-0.0064276161061456,1.3594471894509973e-05,0.03196622345150524,0.047120269199054765,0.08943653607640234
4502,2022-06-21,3043.464111328125,3086.88427734375,3041.099602864583,3030.387705078125,0.003534827496992632,-27.26298590184342,-22.091319223974487,4023500,0.6654906660116789,True,False,False,False,True,0.0520198533149569,0.0520198533149569,-0.0024903233010168,0.0619811649724222,0.064748136071169,-0.0024903233010168,0.1178749062752861,0.1242390455931901,-0.0024903233010168,0.069175436700813,0.1242390455931901,-0.0024903233010168,0.01406601677112038,-0.03482896231252608,0.0741594813827342,0.157810874054257
4543,2022-06-21,1904.9296875,1937.4130322265623,1850.3210367838544,1843.2419254557287,0.003840576340175872,-12.347008669057914,2.000730827599653,3053000,0.7216538708823418,True,False,False,False,True,0.033953652837416,0.0525653429193275,-0.0090544456610925,0.0311871362747149,0.0525653429193275,-0.0090544456610925,0.1151912082548978,0.116197244527568,-0.0090544456610925,0.160714157551747,0.1931590751764806,-0.0090544456610925,0.016766349862543772,-0.02252063662263304,0.08630874280000289,0.27570393473495763
6701,2022-06-21,977.9089965820312,983.1396069335938,971.4926741536458,969.4291634114584,0.002128583314871424,-5.040939986782178,-1.7678016655987725,4321000,0.7838122188361631,True,False,False,False,True,0.0387598074929311,0.0387598074929311,-0.0019381713750808,0.0562013214155157,0.0562013214155157,-0.0019381713750808,0.0406975731773833,0.0833333207938049,-0.0019381713750808,-0.0339148003493433,0.0833333207938049,-0.0687985627684075,0.005320312918606503,0.025131613236607953,0.050348825331235636,0.24333243927623918
8591,2022-06-21,2024.293701171875,2065.97359375,2021.8811637369795,2017.237744140625,0.0023018702727737317,-13.549443441456788,2.9441547409615625,3586000,0.9210647981671172,True,False,False,False,True,0.0128207091907417,0.0202993431193654,-0.0241450676588954,-0.0130341806380914,0.0202993431193654,-0.0444442835434668,-0.0136751377041591,0.0202993431193654,-0.0638887306666666,-0.029914405185933,0.0247863972383906,-0.0638887306666666,0.020174455619479024,0.008899832650422157,0.014662555699366586,0.26883491303385465
8750,2022-06-21,555.477294921875,567.32458984375,550.4365405273437,547.3106791178385,0.005711310830885941,-0.6429214664242409,3.0032359802878403,12546800,0.7534149510845938,True,False,False,False,True,0.0023507461866576,0.01077372382973,-0.0409401948331717,-0.0101860906675573,0.0121450409593588,-0.0517140271215724,-0.0810969526224764,0.0121450409593588,-0.1259548780659021,-0.0691479121936854,0.0121450409593588,-0.1332026981576312,0.020882745317170076,0.01238840808459507,0.025962532716634512,0.23041156851169106
7203,2022-06-27,1886.595703125,1897.4625390625,1881.4230257161455,1872.6393196614583,0.004690548768502278,-2.689365158479632,-0.0618386392070709,17615400,0.6867248936896815,True,False,False,False,True,-0.0040067312878583,0.021918448331065,-0.0308743801053184,0.0143766493052859,0.021918448331065,-0.0367664745456255,0.0209756821614659,0.0398303476985049,-0.0367664745456255,-0.0101343954108807,0.0447795903822634,-0.0367664745456255,0.005727035824838469,0.014434730460497702,-0.010386076304590541,0.29193562839597714
6301,2022-06-28,2619.8173828125,2750.87603515625,2583.422789713541,2559.1700520833333,0.009476797999595332,-41.715240415384415,-3.0625473339856413,4246900,1.1766531229696575,True,False,False,False,True,-0.0233463165557892,0.0077819573129085,-0.0445848829683757,-0.0659857464122805,0.0077819573129085,-0.0951686100534853,-0.0230221087541511,0.0077819573129085,-0.0951686100534853,-0.0616084285454952,0.0077819573129085,-0.0964656283393636,0.04764251484575019,-0.032314428380548876,0.06866621886807556,0.38809671759448033
8591,2022-06-28,2050.24658203125,2067.2539208984376,2032.4215104166667,2021.8811637369795,0.00521313857052097,-12.00737934067729,-8.717307452578831,3918400,1.0235245563351218,True,False,False,False,True,-0.0255276077929841,0.0059070906328884,-0.0565401084462069,-0.0407173417831553,0.0059070906328884,-0.0757384196050853,-0.0248944665335367,0.0059070906328884,-0.0757384196050853,-0.0238397272622267,0.0118142213513876,-0.0757384196050853,0.008227019765330116,-0.030515618744365147,-0.022693631580137485,0.2620117494101605
8750,2022-06-28,556.7830810546875,567.1026147460938,555.0522578938802,550.4365405273437,0.008385557692289991,-4.508468470265143,-1.6705917457076909,14241600,0.9148195682588136,True,False,False,False,True,-0.0125074350489687,0.0097713248680291,-0.0539379788102259,-0.0713309773573298,0.0097713248680291,-0.0750439812162695,-0.0826655765947618,0.0097713248680291,-0.1280047176506682,-0.0549150031121421,0.0097713248680291,-0.135235539914534,0.018196942533983167,-0.025749859683974474,0.031218508878745332,0.26411517037459653
5108,2022-07-04,2072.863525390625,2191.461142578125,2071.4912890625,2048.970460611979,0.010991289959248363,-5.625378424258088,14.980950938208926,3338200,0.8925382073302461,True,False,False,False,True,0.0544160856510651,0.0621599116076132,-0.001255794140287,0.0730431335256827,0.0753453520684528,-0.001255794140287,0.0989953534848393,0.1178316953555695,-0.001255794140287,0.1203433410883216,0.1529928171304484,-0.001255794140287,0.054118056160455966,-0.030819605106606418,0.0762995154483267,0.23928794993384078
9433,2022-07-05,1900.35693359375,1950.63880859375,1899.059454752604,1884.6562972005208,0.007642325857228016,-15.341099459568111,-6.323629066460926,14470600,1.299788736948758,True,False,False,False,True,0.0302044794730431,0.0432156321231311,-0.0104552355159641,0.0202138732675374,0.0432156321231311,-0.0104552355159641,-0.035780696009256,0.0432156321231311,-0.0436803240419513,-0.0109200933932281,0.0432156321231311,-0.0436803240419513,0.025777132485254404,-0.007445762738048867,0.07700186163108613,0.20925848022473428
5802,2022-07-07,318.703125,325.5458996582031,317.08048828125,315.48619669596354,0.005053443231378019,-0.0736447344752377,1.613962408065994,6948000,0.8562829825465176,True,False,False,False,True,0.0089748760540766,0.037970498119169,-0.0079391742116264,0.0493617704196696,0.0528133316191041,-0.0079391742116264,0.0648949408920429,0.0762858905449015,-0.0079391742116264,0.0956163705140462,0.1322059546014071,-0.0079391742116264,0.02101938517851848,0.014585027347667645,0.09391336255682048,0.24674722658700793
6501,2022-07-07,1212.7591552734375,1248.0284130859377,1198.097294921875,1183.8304988606772,0.01205138410855966,-9.586616406099893,-4.841898112211396,14000500,0.9901851403272092,True,False,False,False,True,-0.0013982997150556,0.035419987956462,-0.0259438737258966,0.0655584346250091,0.0669565444589699,-0.0259438737258966,0.0329345280280481,0.0669565444589699,-0.0259438737258966,0.0744134604767445,0.1087462736122462,-0.0259438737258966,0.02825997985517947,-0.0035260221378491385,0.11778032632686353,0.25615273402148375
9433,2022-07-07,1919.7845458984373,1942.9384765625,1903.5448111979167,1891.604033203125,0.006312514556533255,-15.5006009192316,-9.895958394452128,10518000,0.9048138886093068,True,False,False,False,True,0.0117293486468226,0.0326586199342489,-0.0137995108177005,0.0252988594364742,0.0326586199342489,-0.0137995108177005,-0.0310487620712951,0.0326586199342489,-0.0533579766428907,-0.0204692922147597,0.0326586199342489,-0.0533579766428907,0.01191696543321706,0.03559592074071172,0.07677780111160137,0.22233860140266262
6971,2022-07-11,1587.76904296875,1628.115439453125,1583.123046875,1574.629513346354,0.00539398852660633,-13.496286730822476,-5.0460852699397645,3469600,0.8915567295881921,True,False,False,False,True,0.0087817302124302,0.0177053493364724,-0.0177053136309007,0.0474505120472017,0.0674220624255412,-0.0177053136309007,0.0560906262502878,0.067988603261325,-0.0177053136309007,0.0889517678321618,0.1305949306657385,-0.0177053136309007,0.02478104163051675,-0.040722186681541594,0.044357964197073496,0.19556332840798712
6954,2022-07-13,3856.411376953125,3877.89369140625,3832.004755859375,3827.875231119792,0.0010788033805311237,22.388516635841825,30.92246459620028,3109000,0.7571799976863268,True,False,True,False,True,0.0690391615879628,0.0690391615879628,-0.0175564288178818,0.0744959075038707,0.1001186847196839,-0.0175564288178818,0.1603795449959961,0.1603795449959961,-0.0175564288178818,0.0894424811664271,0.1829180605084976,-0.0175564288178818,0.005539686273693321,0.029848143571169272,0.014572692925674313,0.3196230416931714
6971,2022-07-13,1593.8411865234375,1618.462890625,1584.3904345703124,1578.898787434896,0.003478150201342789,-12.745248307130169,-7.977975245778489,4364800,1.1385405145969407,True,False,False,False,True,0.0469875076847241,0.0489629558124313,-0.0122760854031055,0.0461408955844822,0.0633554464720242,-0.0122760854031055,0.0747848602718579,0.083392169773838,-0.0122760854031055,0.1261465049449146,0.1329194697660345,-0.0122760854031055,0.015213017390874104,-0.036945930379272296,0.05740059527550245,0.19684283719429074
5020,2022-07-19,435.3230590820313,445.87017944335935,431.52610880533854,429.7701965332032,0.004085700419199867,-5.837776914865856,-4.6029837229162975,16232700,0.974986711033296,True,False,False,False,True,0.015556550710686,0.0233346993006937,-0.0123653308140817,0.0041883910916666,0.0263263787599372,-0.0123653308140817,0.0057838718410931,0.0309136934388782,-0.0376943532296889,0.0149582191409178,0.0827683025862859,-0.0376943532296889,0.023655137409044607,-0.06635314928520541,0.08378636038406784,0.2816752175944373
7011,2022-08-03,456.9454345703125,462.2707934570312,456.2584346516927,450.6735461425781,0.012392314918230785,-0.0837260086481137,0.6432641948835897,23192000,0.7296179195570447,True,False,False,False,True,-0.0261317763458256,-0.010905368421385,-0.0658436408201762,-0.012139966452034,-0.0016460493786808,-0.0658436408201762,0.0808642087443234,0.1137860205505043,-0.0658436408201762,0.0098538801489702,0.1137860205505043,-0.0658436408201762,0.011519998585447461,-0.033949509473868655,0.06135426850514003,0.39707761600759256
7751,2022-08-03,2716.052490234375,2716.1214453125,2704.293912760417,2691.7474869791668,0.00466107086267975,0.055092322886594,5.039147106086986,2728700,0.6528287170947962,True,False,True,False,True,0.0767271694050608,0.0776822792537346,0.0050938876895525,0.100604847607868,0.1107926853641458,0.0050938876895525,0.033747114931113,0.1193887191427476,0.0050938876895525,0.0120979409257622,0.1193887191427476,-0.0063674702226003,2.538733245668223e-05,-0.01573355382010111,-0.014744605141111311,0.16937794769609796
4568,2022-08-04,3217.359375,3303.029599609375,3138.7714453125,3111.0645703125,0.008905914478405386,-6.352324387212775,29.50323134665947,4418200,1.1727031069386216,True,False,False,False,True,0.0792485891963032,0.0842382605518947,-0.009098948644408,0.1637803316724215,0.2638686140613109,-0.009098948644408,0.2119166472407982,0.2703257772269249,-0.009098948644408,0.2483673164619666,0.2835338815582393,-0.009098948644408,0.025936862515403024,-0.05967202329978161,0.023457188179064836,0.37603038234865677
8630,2022-08-09,1640.3302001953125,1703.789990234375,1639.9117610677083,1628.074208984375,0.007270892209955138,-12.989466248391182,-1.9577810138866096,3357000,1.2708471746648269,True,False,False,False,True,0.0308879162438786,0.0329939181156742,0.000877487880059,0.027026954620194,0.0449279901153354,0.000877487880059,0.0436995189239732,0.0528253748478584,0.000877487880059,0.0760265330414653,0.0999102618862388,-0.0050895317324721,0.03724625124152353,-0.07251989268646941,0.09744202000244484,0.18661138542421843
2914,2022-08-10,1870.787841796875,1902.4497607421877,1853.320916341146,1842.581222330729,0.005828613621076784,-9.407492777610514,-0.3764259489902359,3474200,0.7163306353924076,True,False,False,False,True,0.0131749749795992,0.0187903893995196,-0.0002160208744323,0.0207341440347696,0.0311015206240585,-0.0002160208744323,0.0323975201060402,0.0332614510852085,-0.0002160208744323,0.0358531346526251,0.0451401920877314,-0.0002160208744323,0.01664270962559382,-0.04730218942937969,0.012009185896630248,0.15220381584692122
4502,2022-08-10,3184.94189453125,3280.136640625,3173.7473665364582,3173.59017578125,4.953089293247004e-05,-21.61933692573666,0.5461689439595654,2898600,0.5930930623703261,True,False,False,False,True,0.0216817694224884,0.0404549075252307,-0.0055524612706854,0.0182444213424346,0.0404549075252307,-0.0055524612706854,0.027234479386873,0.0404549075252307,-0.0055524612706854,0.0191099290622482,0.0532519579257577,-0.0243257240879316,0.0290215794411575,-0.07358157965726209,-0.00812640620531968,0.18820842694102688
6178,2022-08-10,822.3616333007812,832.0257080078125,820.0746712239584,817.2934326171875,0.0034029866089400063,-4.51730789564806,-2.6288489457684165,8492600,0.9555415412363216,True,False,False,False,True,0.010822741673645,0.0177577322825182,-0.000210230183496,0.0134495875741349,0.0177577322825182,-0.000210230183496,0.01922875246232,0.021435370902173,-0.0037827331957728,0.01922875246232,0.0560050616112128,-0.0037827331957728,0.01161511551147944,-0.0563059924364947,-0.011136593827200114,0.12055050081552968
4507,2022-08-12,2097.580078125,2125.1798193359373,2097.167587890625,2096.706572265625,0.00021987608142137738,-10.466023771115031,-7.55298601548996,5085900,0.7594392343340179,True,False,False,False,True,-0.002313398717458,0.0134471246118841,-0.002313398717458,0.0041933552521926,0.0134471246118841,-0.0130134047715577,0.0164834896239249,0.0247252479341257,-0.0393289406785424,0.0119200091995892,0.0358466244461874,-0.0740313215572121,0.012987014538638653,-0.0759044598087164,-0.050419928120210344,0.32653486262456993
6758,2022-08-12,2230.48779296875,2238.471025390625,2224.230725911458,2222.0369140625,0.0009872976614719864,0.4001089288208277,5.611268274361856,21940000,1.218831332964832,True,False,True,False,True,0.0475773083373411,0.049759761063044,-0.0004365036009092,0.0048014038409041,0.049759761063044,-0.0109124016754309,-0.0663465219977325,0.049759761063044,-0.0907900383221298,-0.1809389652759094,0.049759761063044,-0.1927674166934628,0.0035663773760403962,-0.020443258501299688,-0.058051286789563505,0.28173257111870703
8725,2022-08-12,1149.0181884765625,1196.658408203125,1146.4169873046876,1141.244318033854,0.004532481948953171,-8.18724875327689,3.1275485600334267,4893600,1.211770037069228,True,False,False,False,True,0.0060902453978148,0.0158344615761449,-0.0185138851237415,0.0185140230434079,0.0265530002598044,-0.0185138851237415,0.0126673832119537,0.0265530002598044,-0.0185138851237415,-0.0364706111078826,0.0311815052040074,-0.056516244201242,0.03981104331861749,-0.09345354159834551,0.026777021177293303,0.2869089606072849
8766,2022-08-12,2208.791015625,2278.4272265625,2193.3798681640624,2179.948251953125,0.006161438097855632,-24.44554538350667,-10.031612330455678,7228800,1.2655528652986625,True,False,False,False,True,0.0177296686447354,0.0304312803905137,-0.0108493466168423,0.0195819527969292,0.0304312803905137,-0.0108493466168423,0.0264618653622199,0.039163676937503,-0.0108493466168423,0.0430363709997603,0.0845311002721878,-0.0108493466168423,0.030563280725257685,-0.09223581969586603,0.05107409424443188,0.2605342202823872
8801,2022-08-12,877.8516235351562,879.5245947265626,865.253466796875,863.1490234375,0.0024380996817838785,-2.804700148393067,0.3806709199185789,9829200,1.5926850431785646,True,False,False,False,True,-0.0015649333669199,0.0184315728428179,-0.0099114264133232,-0.014258428568558,0.0184315728428179,-0.0199965138364597,-0.008868002097795,0.0184315728428179,-0.0316466411029706,0.0172505605858586,0.0425718097913081,-0.0681620527320669,0.0019021312211586516,-0.035000579905818396,0.020847444260745807,0.16532107799497986
8830,2022-08-12,1675.192138671875,1683.0142578125,1657.881650390625,1657.6733235677084,0.00012567423264564503,-3.566567422349408,3.947163218627395,3494400,2.2449071367540587,True,False,False,False,True,-0.0081966460528737,0.0313736674101712,-0.0124363298115535,-0.0132842445923953,0.0313736674101712,-0.0291124073667126,-0.0132842445923953,0.0313736674101712,-0.0627471844089095,-0.0151859912291427,0.0313736674101712,-0.1102316286062524,0.004647684417594834,-0.02979030598237875,0.021093449574298706,0.20877903140952705
1925,2022-08-15,2748.883056640625,2799.636728515625,2744.908248697917,2741.0379752604167,0.0014119736656084125,-9.357986823777535,4.817337131528001,940500,0.6523390220810343,True,False,False,False,True,0.0164400935216495,0.0259247600241845,-0.0151756029051286,-0.006007056310602,0.0259247600241845,-0.0151756029051286,-0.0113817535087271,0.0259247600241845,-0.0534303916115055,-0.0482128527877755,0.0259247600241845,-0.0752450734738386,0.018128663393378725,-0.06656579225093318,-0.08194082293101201,0.2559405630211427
8802,2022-08-16,1800.9754638671875,1807.6754541015623,1797.2366520182293,1793.7528971354166,0.001942159864034787,-10.002859196280951,-7.071936602197452,2935500,1.0920433915657273,True,False,False,False,True,-0.0264248886932001,0.0116580104233057,-0.0272020907511885,-0.0119170986914304,0.0116580104233057,-0.0365285597395903,0.0147669133568906,0.018134789250084,-0.0373057762483642,0.0223097549606736,0.035751280571302,-0.0386010895788667,0.0037064121323176287,-0.032983156407067726,-0.0058251565437128505,0.1787842824779961
1925,2022-08-17,2775.823974609375,2794.5265625,2746.970849609375,2744.73443359375,0.0008148023314213937,-10.641582109580211,-1.1061923462754424,1476900,1.0377027065006603,True,False,False,False,True,-0.0081402666279675,0.0159675887284755,-0.0144020073689526,-0.0181590224960476,0.0159675887284755,-0.0231684007657843,-0.0425797344274623,0.0159675887284755,-0.0626173769551619,-0.0481830994896557,0.0159675887284755,-0.0842203351779763,0.006692578321350338,-0.060612459372736516,-0.06388790506116493,0.2656992504093589
7182,2022-08-17,885.7976684570312,911.781064453125,885.4966129557291,883.4123844401041,0.00235929284254488,-8.128273102137996,-3.845825351218183,2009200,1.0132148593415515,True,False,False,False,True,-0.0058823492933084,0.0019607879903735,-0.0107842847064125,-0.0058823492933084,0.0039215449821417,-0.0215686435537943,0.0107842611016164,0.010784310059845,-0.0215686435537943,-0.044117688603987,0.0343136395187,-0.0578431280575493,0.028497406898528126,-0.09782039433510681,-0.039523752320117955,0.13051728361410092
8725,2022-08-17,1155.4560546875,1189.974228515625,1149.5295458984374,1144.599464518229,0.004307254662471394,-11.994660831937836,-4.050255041973879,5058600,1.1981085488334748,True,False,False,False,True,-0.00096899306703,0.0125969073529266,-0.0094475401373772,0.0079942984498646,0.0208333445037085,-0.0094475401373772,-0.0024223770207075,0.0208333445037085,-0.0150192192955759,-0.0403474894501038,0.0254360607600021,-0.0617730622060324,0.029007496970067242,-0.09063590665086962,-0.027523918452922125,0.2936644114749436
7182,2022-08-22,887.5344848632812,906.1189038085936,886.9208357747395,884.6629215494792,0.0025522876230708036,-8.353511919953121,-6.18823626234266,1237200,0.6217085427135678,True,False,False,False,True,-0.0127201263430221,0.0019569707152822,-0.0234833360657444,-0.0127201263430221,0.0019569707152822,-0.0234833360657444,0.024461802588684,0.032289590956124,-0.0234833360657444,-0.0273972216500996,0.032289590956124,-0.0596868350237106,0.020509911963207495,-0.069921781312835,-0.025936346019323375,0.1297496893448831
8766,2022-08-25,2240.06103515625,2244.631982421875,2219.2767073567707,2206.3711555989585,0.005849220664919663,-10.773589361665929,-12.412883887119284,4400400,0.7932550605973749,True,True,False,False,True,-0.0087409771244287,0.0196999252222545,-0.0185257363914979,0.0153946087807579,0.0246575237729151,-0.0185257363914979,-0.001565400112694,0.0457924771474784,-0.0185257363914979,0.0606099643716984,0.0717867509168546,-0.0185257363914979,0.0020363905091885155,-0.04422767892306112,-0.00869611061115294,0.26434712319527637
4901,2022-08-26,2261.949951171875,2313.242177734375,2252.190498046875,2250.069798177083,0.0009425040376569438,-11.52638059464016,-1.4331875291517455,2280600,0.6545689376816274,True,False,False,False,True,-0.0427362401533435,-0.0174766675945652,-0.0453304175503074,-0.0316767057598926,-0.0174766675945652,-0.0565266240724564,-0.0912071056639611,-0.011469115681766,-0.1075914488506522,-0.047906804000066,-0.011469115681766,-0.1075914488506522,0.022173305958279134,-0.054269808131101493,0.011943265533735037,0.18990119100277195
4307,2022-08-30,3598.817138671875,3800.918857421875,3571.6679329427084,3540.288785807292,0.008863442796308796,-40.01167862738885,3.721589246816528,1048300,0.8749613975344501,True,False,False,False,True,-0.0250000763190216,0.0026314057625755,-0.03815798243917,-0.0276316918638156,0.0026314057625755,-0.0460527423562466,-0.0255741310400994,0.0026314057625755,-0.0868421303771459,-0.1076589360585669,0.0026314057625755,-0.1195744707521385,0.053171805642566045,-0.09248208116087986,0.0334408127506538,0.28811845673376596
6902,2022-08-30,1714.3948974609375,1715.91890625,1694.5453499348955,1690.5204410807291,0.002380869675609132,10.408081030410584,16.096520611465984,4683200,0.7884865341747089,True,False,True,False,True,-0.0577777939171578,0.0019609370232278,-0.0639215846615937,-0.0192155933753446,0.0019609370232278,-0.0639215846615937,-0.0711555836475705,0.0019609370232278,-0.0929410999459025,-0.0544721165982867,0.0019609370232278,-0.1328578570361398,0.000888158982054146,0.004224089061890535,-0.05826555795506838,0.258432318254512
8697,2022-08-30,937.1388549804688,957.3624169921876,926.7128833007812,919.5151806640624,0.007827714852429724,0.0421431611035814,5.077148686218182,1828000,1.0896778654712798,True,False,True,False,True,-0.0344009472920004,-0.0059312427030684,-0.0384341620084711,-0.0023724634027313,0.0002372638035872,-0.0384341620084711,-0.0611989006442129,0.0002372638035872,-0.0937129703667033,-0.0662488928840622,0.0002372638035872,-0.0937129703667033,0.021124248928902634,-0.02273847939338114,-0.005721516543174543,0.22512704671057893
8725,2022-08-30,1171.690673828125,1173.8627685546876,1159.4606429036455,1153.5975260416667,0.005082463103138757,-5.160963691029565,-7.014971301689675,2254200,0.5383774875956079,True,True,False,False,True,-0.0193502311301048,-0.0019110618968103,-0.0286668382386601,-0.0097945614362259,-0.0002388209121599,-0.0286668382386601,-0.0428566368251672,0.0112279047412204,-0.0747728729434473,-0.0435921691849446,0.0112279047412204,-0.0747728729434473,0.0018503821611422016,-0.04936201524828221,-0.004631193590959537,0.2922816754092696
8801,2022-08-30,874.1881713867188,878.4316552734375,872.928369140625,869.9263859049479,0.0034508474329748573,-4.049678127719631,-2.986815090429664,6966000,1.1488821653608563,True,False,False,False,True,-0.0167626925623445,-0.0034922565171807,-0.0251440720659115,0.0197311274921019,0.0279379105317814,-0.0251440720659115,-0.0318136267473051,0.0412083153665654,-0.0642570082100173,0.0024428356694503,0.0469409056696263,-0.0642570082100173,0.004830750191257458,-0.04050191473725051,0.0007511279952654437,0.18551887329298694
8604,2022-09-02,424.4690551757813,425.5424621582032,423.5677917480469,421.9801826985677,0.0037622834307677877,-0.3769626464682574,0.1815692725536802,6920500,0.8399164513423735,True,False,False,False,True,0.0019879930997206,0.0051689194977542,-0.0232604852723112,0.0033796817341746,0.0184890397894292,-0.0232604852723112,-0.0232653644021332,0.0184890397894292,-0.0672606008104846,-0.0290913036032347,0.0184890397894292,-0.0672606008104846,0.0025224438872161895,0.025106388747561104,0.01493616713938406,0.11212826553556546
6861,2022-09-06,50422.83984375,53198.388125,50156.05015625,50088.96265625,0.0013393669272092623,-541.6622895968758,28.2778963239855,352800,0.7140905364787321,True,False,False,False,True,0.064010860653658,0.0719396947661261,-0.020885753884635,-0.025620210087396,0.0719396947661261,-0.0281416213990947,0.0120051157992251,0.0719396947661261,-0.0838037367003853,0.1049047171161197,0.1466028626065574,-0.0838037367003853,0.05217354094880291,-0.057096880792447235,0.03130238576961408,0.2806404874311377
4661,2022-09-08,3870.150390625,4042.082255859375,3832.5962890625,3816.141002604167,0.004312022655112546,-24.99647086217874,17.889937141658656,6780000,1.6377503879994928,True,False,False,False,True,0.0410400213573742,0.0512362997252231,0.0005097532082263,0.0043332961564297,0.0512362997252231,-0.003313916182965,-0.0064752787889278,0.0512362997252231,-0.0217838026348524,-0.0064752787889278,0.0512362997252231,-0.0304586550026295,0.04253546918426603,-0.05650900816041271,0.030558122294302326,0.31185404119454324
6861,2022-09-08,52265.79296875,53078.64453125,50243.41984375,50113.5353125,0.002591805396287894,-502.24156447958376,-181.67642709974945,795900,1.6395435069215556,True,False,False,False,True,-0.0287312977992671,0.0341418446223054,-0.0350745816784114,-0.0764433268263786,0.0341418446223054,-0.0844888975205572,-0.0745724060827008,0.0341418446223054,-0.1161098908913474,0.0724931900443071,0.1061723016460043,-0.1161098908913474,0.01531409797063364,-0.028873168492110857,0.06899306346913225,0.31611121192695
7751,2022-09-08,2845.7587890625,2904.66279296875,2796.586194661458,2790.8419694010418,0.00205824096218854,-5.499861354468976,17.093532793139342,3414400,0.9827364882367502,True,False,False,False,True,0.0057733942747173,0.01519302819568,-0.0082042828498046,-0.027347354564444,0.0188392285624294,-0.0297782265305434,-0.0206623446281249,0.0197508059268938,-0.0516560583938807,-0.0218779179679738,0.0306896879505103,-0.0625948634498226,0.0202791195070346,-0.040712284021575784,-0.012121662727260007,0.20456861458497075
7832,2022-09-08,3137.742919921875,3208.3725,3099.136106770833,3083.62353515625,0.0050306308269232325,-21.63059990236616,9.281178014009408,3009600,1.4213054134848335,True,False,False,False,True,-0.0004968022971951,0.0293094931567852,-0.0145056990298367,-0.0615002340067202,0.0293094931567852,-0.0641827973167875,-0.0364755592332671,0.0293094931567852,-0.0831073293850329,-0.0557061264632228,0.0293094931567852,-0.0831073293850329,0.022014145825687306,0.011352707162122,0.03597513829231569,0.3761662443500471
7936,2022-09-08,601.4194946289062,613.46224609375,596.5684049479166,593.715391438802,0.004805355478827433,-6.032487770105036,-2.5089288401335,3604800,0.7864491975809619,True,False,False,False,True,0.0298923536713324,0.0418494372190954,-0.0023914622056961,-0.0677560625461186,0.0522120078074785,-0.0769230615035531,-0.0601834425533586,0.0565962809606739,-0.1207652770510542,-0.0526106195902699,0.0565962809606739,-0.1287365179635466,0.01963079479059471,-0.06270566376020281,-0.014306891493523599,0.4216790716482574
8001,2022-09-08,679.38916015625,680.698955078125,676.7410668945313,675.7104427083333,0.0015252453137577504,-3.983815488310484,-1.886863490299045,18479500,1.514918001205081,True,False,False,False,True,-0.003423647161218,0.0189623257739803,-0.0100077933617555,-0.0526730842345311,0.0189623257739803,-0.0526730842345311,0.0161254329306901,0.0601181657232769,-0.0695285973771525,0.1247660611087193,0.1306675615535881,-0.0695285973771525,0.0019241911745327335,0.015471267449337578,-0.032587018030173054,0.2410932893646661
8113,2022-09-08,1512.0380859375,1526.46212890625,1472.8663981119792,1466.7401806640626,0.004176757089413785,-8.955554297127492,-0.4083906449664778,4043700,1.423434554642082,True,False,False,False,True,0.0004187584405619,0.0173786600778196,-0.0119345888518599,-0.0337100948313889,0.0173786600778196,-0.037060204480156,-0.0464822676346792,0.0173786600778196,-0.0504605182519715,0.0161224017923862,0.0353854373153827,-0.1011304952645253,0.009449329069883428,-0.02559897520400911,0.09512223041943546,0.19491972813646782
9735,2022-09-08,4026.055908203125,4132.453720703125,4022.299498697917,4015.175436197917,0.0017742842406771597,-24.03121804493276,-0.4793125274746534,1257400,1.1345815474847734,True,False,False,False,True,-0.0299262161002624,0.0186465777914905,-0.0340698630177268,-0.0453498557522485,0.0186465777914905,-0.0543277567953308,-0.0166431130226233,0.0228075195291301,-0.0615791722667276,-0.0380558162239683,0.0228075195291301,-0.0615791722667276,0.02574688543200359,-0.0327753784069581,0.007077715879835411,0.17600468333556313
9984,2022-09-08,1344.3424072265625,1369.3078466796876,1325.9811669921876,1321.2710416666666,0.003564844136430656,-5.615451602358007,1.800346057703971,45380000,0.8365587607869626,True,False,False,False,True,-0.0110928566830048,0.036188428942893,-0.0238224447727785,-0.0787414487417565,0.036188428942893,-0.0818329203902741,-0.0042926206315475,0.036188428942893,-0.1253995761474178,0.2821260757770942,0.2857793770330483,-0.1253995761474178,0.01823215978325222,0.020813653187193637,0.047468403114005575,0.35179028605088275
4519,2022-09-09,3353.83544921875,3403.13505859375,3309.46208984375,3305.335537109375,0.0012484519916498016,-35.568840618925606,-24.85696129730537,2897600,1.6101758490293434,True,False,False,False,True,-0.0344261722273138,0.0079234972677595,-0.0352458444070868,-0.0622950199129233,0.0079234972677595,-0.0885245233865135,0.0191256512373965,0.0475409661527288,-0.0885245233865135,-0.0822404095124882,0.0475409661527288,-0.0887977866519666,0.014486527430201816,-0.0491106750972069,0.03068804376277323,0.19417436951590183
9984,2022-09-16,1334.3192138671875,1368.1734716796875,1330.7010709635415,1327.278489583333,0.002578646009160357,-5.855134593740331,-2.6201707219060406,53087600,1.1983921991953772,True,False,False,False,True,-0.0784169932455643,0.0190544724726118,-0.0802491662212193,-0.0365651264511479,0.0190544724726118,-0.1188297170991778,0.056925773481272,0.0618947785106982,-0.1188297170991778,0.1629313762111139,0.321387363100128,-0.1188297170991778,0.02474412675969927,-0.025357747319584845,0.037614484786182345,0.2778561002505421
8001,2022-09-20,680.6417236328125,682.3379370117187,678.3299430338542,677.3136336263021,0.0015005004433630287,-1.1318504238606693,-1.454513706333216,9425500,0.7314995721827604,True,True,False,False,True,-0.0612513825328198,-0.0063092107102782,-0.0712409145249917,0.0348725576897519,0.0581672637301724,-0.0712409145249917,0.0348725576897519,0.0581672637301724,-0.0712409145249917,0.1165378096160616,0.1505427936338461,-0.0712409145249917,0.002485884613619402,-0.0021942147176283733,-0.007283195846010226,0.21382733144672503
2914,2022-09-27,1916.4464111328125,1918.5959375,1901.7068017578124,1898.5586767578125,0.001658165764661046,4.065326579751627,5.782549949195413,3752900,0.9876494474752818,True,False,True,False,True,0.0141260288764077,0.0147585399131289,-0.0208730011210598,0.0147584682317538,0.0206619041574736,-0.0208730011210598,0.0362638267683061,0.0383721967108663,-0.0208730011210598,0.1939698318338085,0.2009276017804209,-0.0208730011210598,0.0011203642857643083,0.05706782194183224,0.021288359428511594,0.14413706823892114
5802,2022-09-27,339.2753601074219,353.0707666015625,338.3057592773437,337.09710083007815,0.003585490484164122,-0.3351087379451201,2.3358893383122687,8876800,0.9676251934857965,True,False,False,False,True,0.0068764434050303,0.0098436627863811,-0.0382913054872339,-0.0076300385657585,0.0358891713017017,-0.0382913054872339,0.0174264158580599,0.0358891713017017,-0.0382913054872339,0.0609457718211359,0.0734740501456696,-0.0382913054872339,0.03907263868636469,0.00810311490511506,0.02584257680384061,0.22312612150013314
1928,2022-09-29,2037.0115966796875,2082.452373046875,2006.701544596354,1998.2011263020836,0.004254035383315813,3.309040783322416,19.499910552108627,3171300,0.7084827816544669,True,False,True,False,True,0.0356772277959889,0.0459003322403519,-0.0166910237358003,0.035051238976655,0.0459003322403519,-0.0166910237358003,0.0223241180260389,0.0459003322403519,-0.0166910237358003,0.0605050014684909,0.0826206347568812,-0.0166910237358003,0.021820799820118926,0.047381068857738406,0.010384035855939278,0.28571537792137586
4661,2022-09-29,3967.53271484375,3969.620263671875,3862.398824869792,3850.972041015625,0.0029672466412280496,-13.97743897402961,-7.519373374532994,5351500,1.0705837046817406,True,False,False,False,True,-0.0099551941804985,-0.0017421556251533,-0.0457939302719719,-0.008461995048432,0.0017422127713342,-0.0457939302719719,-0.001991014222251,0.0054753646211587,-0.0542558600637943,-0.0104530708053047,0.0074664314303256,-0.0542558600637943,0.000525881240386943,0.02101311693973895,0.06785330877484919,0.3559969255288715
5802,2022-09-29,339.03564453125,351.64423095703125,338.3392338053385,337.80997477213543,0.0015667359543189985,-2.148642771652192,0.8080589878034439,10541600,1.1145060442732175,True,False,False,False,True,0.0306829638004162,0.0366215980348616,-0.0376113281528938,0.0115473935867616,0.0366215980348616,-0.0376113281528938,0.0016496662322045,0.0366215980348616,-0.0376113281528938,0.0557573144474288,0.0742330513143874,-0.0376113281528938,0.03585608781769534,-0.0014381887353804856,0.038848521166322314,0.23734923062205548
6178,2022-09-29,837.1378173828125,840.0307104492188,834.6491097005209,834.1732796223959,0.0005704211460002551,1.864746669153988,4.218193117983047,11951300,1.1491049013848331,True,False,True,False,True,0.0138314100095466,0.02322444993384,-0.0212634304344174,0.0162054106596063,0.0236372962478239,-0.0212634304344174,0.0196117344939721,0.0368496036716754,-0.0212634304344174,0.1085878002570199,0.1266513817323438,-0.0212634304344174,0.0034437944118248273,0.047610870081017276,-0.029053749172017862,0.1262914580988343
8113,2022-09-29,1501.590576171875,1507.036064453125,1495.3563232421875,1486.1488997395834,0.006195491921581642,-9.784964149523375,-8.401384515061972,3564000,1.1885229500980432,True,False,False,False,True,0.0048492687197738,0.0242464426132578,-0.0215053340584397,-0.0219270256230575,0.0242464426132578,-0.0459622442376962,-0.0415347332703033,0.0242464426132578,-0.0640944048552875,0.0881300996745801,0.1026777619675534,-0.0948764949546089,0.0036133762221715656,0.002044069654099645,0.02464170479448624,0.18670128313134227
8309,2022-09-29,451.6106567382813,455.34769775390623,451.2789717610677,450.0185673014323,0.002800783236997173,-2.2359929786093176,-0.8834643105259234,10805600,1.0986615476592336,True,False,False,False,True,0.0377675174941469,0.0425786789104387,-0.0295885964563364,0.0293480812559321,0.0425786789104387,-0.0295885964563364,0.0110657397722913,0.0601393328277695,-0.0295885964563364,0.0642288634605765,0.0926147777829535,-0.0295885964563364,0.008207005402813342,0.01301605020401686,-0.00627621534020828,0.18765505538031205
6146,2022-10-03,10599.345703125,10769.5546484375,10417.199557291666,10412.622981770834,0.00043952186964268947,-41.25636501283043,9.215347762758148,810900,1.3319863992509733,True,False,False,False,True,-0.0603319780388861,0.0633482584477773,-0.0678734257181933,-0.0467573820244284,0.0633482584477773,-0.0874812388192354,0.0814478524894206,0.0844644139719179,-0.0874812388192354,0.2337857123772195,0.2699846766587548,-0.0874812388192354,0.015804641033805016,0.04396299772851253,0.1224244724291933,0.3347976540691191
6971,2022-10-03,1689.7110595703125,1748.2845654296875,1684.7451692708332,1683.320009765625,0.0008466361101515663,-8.38258965045793,7.221557321591449,4047600,0.7814533224701616,True,False,False,False,True,-0.0079589727377604,0.0356131262293595,-0.0120059173689635,0.0044516324928138,0.0356131262293595,-0.0257655627499969,-0.0713612871098509,0.0356131262293595,-0.0759478234605577,-0.0550385623928947,0.0356131262293595,-0.1089977459878617,0.033503416444667304,0.021040116827254596,0.06568566321905422,0.2411627877486967
7269,2022-10-03,1066.5269775390625,1114.5538134765625,1047.0775651041668,1037.8538533528647,0.008887293448402334,-8.765999868602876,2.9675926852235155,8319600,1.241438586124466,True,False,False,False,True,-0.0087032271644155,0.0567885519342108,-0.0091383881709281,0.0082680658061948,0.0567885519342108,-0.0158833839464913,0.0918189321286773,0.102915537457207,-0.0158833839464913,0.0591819447180259,0.2341166312586831,-0.0158833839464913,0.043090638923653835,-0.018557723544278537,0.08855711901817809,0.27182995487069767
4452,2022-10-04,2676.609375,2707.755224609375,2632.642877604166,2611.712067057292,0.008014210605711058,-14.905297280839475,-2.7402098520734355,3992800,1.3080511584023482,True,False,False,False,True,-0.0360039119279872,0.0069304670459839,-0.0456388166219248,-0.0370181965581455,0.0069304670459839,-0.0456388166219248,-0.1355645223668004,0.0069304670459839,-0.1360716217866087,-0.0593306341686952,0.0069304670459839,-0.1468897586341965,0.0115024612735696,-0.011904720183745776,0.00019173512123416003,0.29471462161960293
4543,2022-10-04,2085.683837890625,2093.8914111328127,2079.82349609375,2074.3162825520835,0.0026549536288122955,-38.92719754172367,-34.60330173055585,5289000,1.1772378425541763,True,False,False,False,True,-0.028617712289685,0.0161548977306509,-0.0336949428007313,0.0090006263636226,0.0177705311673319,-0.0523887128539254,0.0237710320812654,0.053773130186729,-0.0523887128539254,-0.0731596457012973,0.053773130186729,-0.0978538502058086,0.003919770241450724,-0.026244645051357818,0.02323609124899706,0.27902517223230694
4661,2022-10-04,3912.236083984375,3947.872275390625,3874.117141927083,3857.0885091145833,0.004414892936021486,-24.438037194899607,-15.074885540222567,4454000,0.9508357705526972,True,False,False,False,True,0.0100959660630062,0.0159011152932535,-0.0267541890194779,-0.0030287960593388,0.0196870325476574,-0.0267541890194779,0.0017667925009168,0.021706241647831,-0.0408884498485578,-0.0206966586641383,0.021706241647831,-0.0408884498485578,0.009026682962463348,-0.02861495529425362,0.04353436035245495,0.3656169411889717
5802,2022-10-04,341.6083679199219,349.39751098632814,338.8400573730469,338.3057592773437,0.0015793349094750386,-3.63709919735976,-1.382733633114843,9539600,0.9796805327056544,True,False,False,False,True,-0.0144074102297311,0.0288145860266197,-0.0150622890269207,0.010150598236188,0.0288145860266197,-0.0229208702776179,0.0445317922214778,0.0458415499546709,-0.0229208702776179,0.020628698524177,0.066142779659658,-0.0229208702776179,0.022293069702809233,-0.029481116467904744,0.0473199591427218,0.28783524847369113
6367,2022-10-04,22411.671875,22472.493046875,21928.719375,21802.71802083333,0.005779158086907765,-336.7092995038656,-278.223556440443,930900,1.077305867376461,True,False,False,False,True,-0.0473474166293094,0.0251532267824892,-0.0522089674208616,-0.0528429487425288,0.0251532267824892,-0.0767279946991885,-0.0397378563206811,0.0251532267824892,-0.087507994463795,-0.0530544561392745,0.0251532267824892,-0.087507994463795,0.0027064719409694827,-0.014472320364761426,0.06353104798120102,0.2900288579816399
7309,2022-10-04,22308.06640625,22598.86203125,22073.964869791667,21971.925234375,0.004644091691019758,-272.6914666399134,-174.54776848743325,387000,1.2348239498412596,True,False,False,False,True,-0.0322512439008801,0.0217116608175234,-0.0379426436862594,-0.0980185138328432,0.0217116608175234,-0.0980185138328432,-0.032672808760144,0.0217116608175234,-0.1180436835646716,-0.026981464279054,0.0448989612890611,-0.1180436835646716,0.01286771097579528,-0.01187167508375453,-0.022950790234557372,0.3147663877477588
7733,2022-10-04,2817.904541015625,2829.221884765625,2731.538310546875,2727.504541015625,0.0014789231220666554,-33.493815536831335,-19.34173078726168,4770400,1.135839271980933,True,False,False,False,True,-0.0195047936097102,0.0305291228760411,-0.027985175399451,0.0447760237120733,0.0563092655322716,-0.027985175399451,0.0512211906685911,0.0651288405258054,-0.027985175399451,-0.0848033600710163,0.0651288405258054,-0.0963365552613794,0.004000161249614221,-0.0122814360692165,0.05630000635824661,0.3206547872752008
9983,2022-10-05,25203.857421875,25988.6453125,25114.006588541662,24892.546432291667,0.008896645301129436,-355.3993802314872,-192.2488870597719,1894200,1.0145987160842982,True,False,False,False,True,0.0012725916598053,0.0198523486174508,-0.026088087327204,0.0719011188066063,0.1061338388310151,-0.026088087327204,0.0511580762338355,0.1061338388310151,-0.026088087327204,0.0675744466508452,0.1061338388310151,-0.026088087327204,0.030197337382858274,-0.024437689649824068,0.10743299177354881,0.30253162484795415
7733,2022-10-12,2762.94189453125,2823.027822265625,2748.0429915364584,2731.538310546875,0.006042265973666305,-10.495930564405626,-13.152792816083387,3476400,0.7881018474962622,True,True,False,False,True,0.0655595426707231,0.0773222129469584,-0.0038055888800576,0.0617539438420571,0.0773222129469584,-0.0038055888800576,0.0294066188860839,0.086317233969043,-0.0038055888800576,-0.0787062130368356,0.086317233969043,-0.1022314736566115,0.021284213800681982,-0.027358525759742514,0.0816802504165055,0.3294377251818429
7269,2022-10-13,1071.168212890625,1105.90736328125,1060.9862361653643,1051.430834147135,0.009087998666103436,-7.854813383328292,-3.909661767126289,8720400,1.144520596488373,True,False,False,False,True,0.0132147997552138,0.0294627541029079,-0.0064992435897448,0.0350952306607057,0.0524262582514831,-0.0119153035843565,0.1230501161822037,0.2287693611772716,-0.0119153035843565,0.0084487653005522,0.2287693611772716,-0.0119153035843565,0.031412351110090386,-0.021791960077634842,0.08267274434832184,0.3409493764309449
3382,2022-10-14,1716.748779296875,1766.626923828125,1692.3138736979167,1686.543876953125,0.0034211957504572954,-16.92131436205682,-3.318044578022111,9552300,1.2361188484734371,True,False,False,False,True,-0.0008909521498255,0.0270797789526204,-0.0131838443187655,-0.0183504145380637,0.0270797789526204,-0.0334937860357547,-0.0336719472943141,0.0270797789526204,-0.0336719472943141,-0.0032070011062597,0.0293959074875673,-0.0411545516124494,0.028233547139182292,-0.027409562661056763,0.026097662051668857,0.35726079353569684
5802,2022-10-14,342.9506225585937,346.7813928222656,340.67869954427084,339.51825520833336,0.003417914407063183,-2.393822850258573,-2.173555690635841,11613600,1.1536650540892248,True,False,False,False,True,-0.0133725390881458,0.0091324489663999,-0.0163079596330075,-0.0097847391207857,0.0195693837198773,-0.0244618427899441,0.0267449891909505,0.049249844244039,-0.0244618427899441,0.0342467204007614,0.0619700649965138,-0.0244618427899441,0.011046643052256529,-0.013687282048203464,0.06086242087349314,0.29367708457158487
6762,2022-10-14,884.6327514648438,897.9555200195313,855.4435734049479,849.8963924153646,0.006526890852917244,-10.054567800798054,-7.358937233464545,18605000,1.5568158283946305,True,False,False,False,True,-0.0360552215933642,0.0159066172475856,-0.0392365574956963,-0.0445386976231184,0.0159066172475856,-0.0487804792096973,0.0498409563853512,0.0880169911630004,-0.0487804792096973,0.0042418760046951,0.0880169911630004,-0.0487804792096973,0.01483678006055103,-0.06046371228567382,0.1996083896384806,0.4254920881517527
6971,2022-10-14,1694.4976806640625,1739.6205224609375,1692.7961263020834,1688.89650390625,0.0023089765339758817,-15.650729606839604,-8.846294518575844,6099600,1.1815663560815914,True,False,False,False,True,-0.0164111134924079,0.008878178004976,-0.0258273090689301,-0.0247511674858127,0.008878178004976,-0.0340328460297408,-0.0891847860344743,0.008878178004976,-0.1115146512821563,-0.0715631252780264,0.008878178004976,-0.1115146512821563,0.025938324602564726,-0.04424603420047091,0.046951294009629496,0.2505812569252167
8015,2022-10-14,1404.5992431640625,1409.9824267578124,1369.5849348958334,1364.0092041015623,0.004087751591048683,-3.789737548162975,-2.2644234252679385,2808900,1.269197923303195,True,False,False,False,True,-0.0244161614367282,0.0084927392953388,-0.0276008748137048,-0.0180467053469102,0.0254777081203918,-0.0276008748137048,0.0934182547794602,0.1125264905783036,-0.0276008748137048,0.1337579695331594,0.1422506685373348,-0.0276008748137048,0.0038179082884942516,-0.014897559174499309,0.09941006283971898,0.3566991279310851
8058,2022-10-14,1235.43505859375,1257.1879296875,1231.0590657552084,1229.4343050130208,0.0013215514936932848,-10.73801305683196,-8.3290493046464,15737400,1.3274776330723068,True,False,False,False,True,-0.016504912118588,-0.0046116659305879,-0.0228156659676892,-0.0271845262632446,0.0026698733209826,-0.0305825546765244,0.0429611279237649,0.0922329805901631,-0.0305825546765244,0.075242641702873,0.1463590944437411,-0.0305825546765244,0.01730279982815065,-0.017718812840502918,0.068695545180399,0.34928524052595655
6971,2022-10-18,1697.2330322265625,1734.80361328125,1693.487431640625,1691.1032096354168,0.0014098619124034428,-14.888152350722066,-11.202265701329573,3938800,0.7828655247393297,True,False,False,False,True,-0.0008058267517075,0.0065807566024993,-0.0273973378992007,-0.0754769240749948,0.0065807566024993,-0.0800431333401677,-0.0777599799996159,0.0065807566024993,-0.1129465818071505,-0.0641956372436093,0.0065807566024993,-0.1129465818071505,0.021656964953874806,-0.04541486641625492,0.04013487153928508,0.246442429002772
5803,2022-10-24,135.0557861328125,137.91925354003905,134.4075192260742,133.02654083251954,0.010381224565504832,-1.4157838049018778,-1.3139667146804022,7756800,0.7257233797108446,True,False,False,False,True,0.0011373835500918,0.0102385911937508,-0.0238908946461461,0.0398176887263563,0.0580202218859149,-0.0238908946461461,0.2616608082055212,0.302616234582262,-0.0238908946461461,0.153583385229447,0.3265070945190513,-0.0238908946461461,0.02076191201538996,-0.057676852545553325,0.11263370745443824,0.4327785454753486
6762,2022-10-24,863.9944458007812,880.7689819335938,862.9937768554687,856.394638671875,0.0077057210374738005,-9.162685993253715,-8.299635542032746,7072500,0.6147207029849482,True,False,False,False,True,0.0108577578548829,0.0249728234889001,-0.0260586210784241,0.0673181834718701,0.0879478760258953,-0.0260586210784241,0.0803473657403368,0.1140065416056581,-0.0260586210784241,-0.0456025971191079,0.1140065416056581,-0.0553745841793219,0.01904533024765083,-0.04882605343884705,0.13659746329991618,0.38735939728315116
8015,2022-10-24,1383.7239990234375,1395.150322265625,1375.717156575521,1370.3000651041666,0.0039532155104600175,-5.246320901766239,-3.749840396400897,1423800,0.6426757845560107,True,False,False,False,True,0.0775863932204998,0.0883623100323118,-0.0118533234154907,0.1099138659218892,0.1163793837407054,-0.0118533234154907,0.1120691366310713,0.129310373867258,-0.0118533234154907,0.0635777952509588,0.1659484932857906,-0.0118533234154907,0.008190030177989638,-0.02560757645364753,0.05369559827290782,0.3532954708941257
8058,2022-10-25,1236.934326171875,1237.8634716796876,1235.2826448567707,1231.7056103515624,0.00290413104815479,-10.480424760748749,-11.05291345564162,9096000,0.7431199518638659,True,True,False,False,True,0.0232727515319799,0.0235152053729552,-0.0317575694810213,0.0453333209644639,0.0909091031126696,-0.0317575694810213,0.141333248330252,0.1449696116015055,-0.0317575694810213,0.0460605512739309,0.1449696116015055,-0.0317575694810213,0.0007506041894521559,-0.011518173913240837,0.06450653757570002,0.2941556183732498
8309,2022-10-28,456.6080627441406,458.8451416015625,456.1117150878906,454.7960827636719,0.0028927960773628136,2.159602993540489,2.760572749721017,12756800,1.5148290996143103,True,False,True,False,True,0.014989173000935,0.0383059877838949,0.007613452531247,-0.0192719179812129,0.0563882051492858,-0.0192719179812129,0.0525812730043235,0.0806565140156252,-0.0192719179812129,0.1149179064241709,0.1194383903130349,-0.0209374539644144,0.004875455038302286,-0.0020045474469303493,0.002310259604294429,0.22467714866906602
3382,2022-11-01,1710.3255615234375,1718.742685546875,1705.8761946614584,1701.6142822265624,0.002504628974622447,-11.206976675375929,-11.15414475552527,4464600,0.5945320786450645,True,False,False,False,True,-0.0026823948948064,0.0101932252466769,-0.0216379919968453,-0.0105507199457112,0.026287743318655,-0.0300428513708562,-0.0073318888954789,0.0332618580630756,-0.0300428513708562,0.0121603139022254,0.0332618580630756,-0.0375535570038108,0.004897256636620578,-0.043141886034777865,0.04482490083558943,0.3292611443030332
5401,2022-11-01,326.5514221191406,327.4189990234375,321.8910310872396,319.5575638834636,0.0073021811013271876,-1.70120488487089,-0.6364097604709428,31399500,1.2602257003845958,True,False,False,False,True,0.0584133152692736,0.0653845270329518,0.0112980083846589,0.0680287169580082,0.0706729621519364,0.0112980083846589,0.0548074812271686,0.105528715565375,0.0112980083846589,0.1031248536858822,0.123076944607833,0.0112980083846589,0.0026497451488292066,-0.022424787862215245,0.09926005182218178,0.1974448207136375
9983,2022-11-11,26361.732421875,26438.7103125,26329.988229166665,26245.949973958333,0.003201951359798949,49.70488734771425,133.3335640345842,2968500,1.4824747365030375,True,False,True,False,True,0.0020682056665501,0.021778728630946,-0.0066917900394736,-0.0257939290699179,0.021778728630946,-0.040880945814011,0.0208053414310087,0.0446526284244312,-0.040880945814011,-0.0285922857966096,0.0446526284244312,-0.0507360962453813,0.0029115599707828757,-0.021314598675394425,-0.03808143462100466,0.3446171882558795
8267,2022-11-16,874.7146606445312,880.6335107421875,870.5285913085937,869.2441243489583,0.0014776826482405525,-1.579453862661012,0.2994491974087365,3570300,0.8248944708989208,True,False,False,False,True,0.0418800076057168,0.0632771679466424,0.0020116999932757,0.025420608352682,0.0632771679466424,0.0020116999932757,0.043525912642411,0.0632771679466424,0.0020116999932757,-0.0771762555102197,0.0632771679466424,-0.0801023935524749,0.006721127489990566,-0.05281443947800779,-0.0180257372066025,0.14555205505535615
9021,2022-11-17,2582.8134765625,2623.12701171875,2495.757880859375,2471.791292317708,0.009696040525813965,-13.101463490392234,3.604527759994069,3479400,1.0078527586037094,True,False,False,False,True,0.0049305221829543,0.0123261580681712,-0.0114457404424263,-0.0024652138289421,0.0383870753246162,-0.0114457404424263,0.0315194791593016,0.0383870753246162,-0.0225391734832247,-0.0466632461194622,0.0383870753246162,-0.0693784676592728,0.015368502926526398,-0.08698455192983312,0.10585732764662359,0.24355085712501773
7974,2022-11-22,5437.2568359375,5459.540234375,5403.96908203125,5402.5797330729165,0.0002571639896082889,-32.64867237810813,-32.58967126767119,5003200,0.7194475300986091,True,False,False,False,True,-0.0067407827684823,0.0192110987825839,-0.01668348616459,-0.0256151900471124,0.0192110987825839,-0.0466802566520069,-0.0663971862247432,0.0192110987825839,-0.0728009206994793,-0.0672397167186535,0.0192110987825839,-0.0965623336667859,0.004081552196867572,-0.06791073156104388,0.01080220179512903,0.33172555947236726
9022,2022-11-22,3215.236083984375,3260.68291015625,3211.3234895833334,3202.8470279947915,0.0026465396300392463,-32.24250906928455,-27.7785670384921,3284000,0.8987288077612512,True,False,False,False,True,0.0045305831829303,0.0208398590373735,-0.0084564775115203,-0.0232557433186882,0.0208398590373735,-0.0386588689533796,-0.0350345306431695,0.0208398590373735,-0.0543640423924143,-0.0365445984834627,0.0208398590373735,-0.0797341229662658,0.01393782450612379,-0.077614563213107,0.002520924920270229,0.2127132619983556
9432,2022-11-22,139.74319458007812,141.87172241210936,137.76180013020834,137.6247762044271,0.0009956341405976676,-1.3237851277357322,-0.8159693016728722,132630000,0.8796769941218899,True,False,False,False,True,-0.0217669173342826,0.0071703273466581,-0.0217669173342826,-0.0473750874898042,0.0071703273466581,-0.055825980569845,-0.0440460526674972,0.0071703273466581,-0.055825980569845,-0.0192061549145521,0.0071703273466581,-0.055825980569845,0.015003185947431337,-0.0787043150736465,0.022710095394852248,0.22020439650299126
8630,2022-11-25,1752.6669921875,1797.35857421875,1743.3806201171874,1741.046298828125,0.0013407577332282816,-13.597760414788128,1.0081200835912378,3977100,1.0441583604736795,True,False,False,False,True,-0.0524368972286097,0.0235294237733534,-0.0547898795787726,-0.0450419171452435,0.0235294237733534,-0.0648739136460369,-0.0107562080334044,0.0235294237733534,-0.0648739136460369,-0.0307561411710166,0.0235294237733534,-0.0648739136460369,0.024865145259440415,-0.08608727681934014,-0.0013043287749030519,0.3739019475548377
9022,2022-11-25,3232.716064453125,3243.125849609375,3215.910813802084,3206.0334505208334,0.0030808671942101906,-24.442934434568546,-27.413417676426302,2121000,0.5903720095194355,True,True,False,False,True,-0.0324422135296599,0.0153199616996797,-0.0327426040253041,-0.0207268900375758,0.0153199616996797,-0.0438570440666474,-0.0426554833944493,0.0153199616996797,-0.0594772963064491,-0.0309402354241928,0.0153199616996797,-0.0847101954811057,0.0032097999396181118,-0.06778069349767901,0.011929854276077734,0.21142355470286678
1925,2022-12-06,2724.12841796875,2756.68287109375,2706.6158365885417,2705.3759375,0.00045830935041424326,13.157478479191925,28.64162422784144,1219100,0.7775814671420644,True,False,True,False,True,0.018234939321726,0.0221424606750555,-0.0022794685250454,0.003907410179037,0.0439595850596665,-0.0042332597056454,-0.0214915177679213,0.0439595850596665,-0.024422158812876,-0.0068383038941461,0.0439595850596665,-0.0449366116264881,0.01180928479890158,0.0030853699261013112,0.001969983811145992,0.1959505557361037
4568,2022-12-06,4114.08544921875,4356.6834375,4109.82775390625,4072.3848990885417,0.009194331023594682,-17.841711995351034,25.0405922525541,4045000,1.039863133959822,True,False,False,False,True,0.0267279177492245,0.0271887471557545,-0.014516129032258,-0.0052995930164175,0.0506912093143414,-0.0218894538695141,-0.0951613567480337,0.0506912093143414,-0.0990784071517218,-0.0642857456525297,0.0506912093143414,-0.1011521121795044,0.055684098181909704,-0.07229091927480524,0.011231863664533215,0.3294690654851269
9434,2022-12-06,126.26294708251952,126.88160186767578,125.91098948160808,125.88434071858724,0.00021169243822316552,0.1313086447315328,0.3716285150075456,53517000,0.6421772854249264,True,False,True,False,True,0.0044111808082607,0.0095010730046976,-0.0115375129564926,0.0071258186860454,0.0139123810856947,-0.0115375129564926,0.0128942580085473,0.023074094154341,-0.0115375129564926,0.0010178532487041,0.023074094154341,-0.0128946595505377,0.004875843117124724,-0.022824070248995687,-0.015187017963130378,0.10823948809839255
8309,2022-12-15,463.1263122558594,464.24314453125,461.0078365071615,460.9419278971354,0.00014298679733215636,-1.6157303601462445,-0.8622569725744234,6301600,0.6262920204815062,True,False,False,False,True,0.0856205664797651,0.1036829073098883,-0.0053951702336069,0.0731878804060932,0.1088436535854593,-0.0053951702336069,0.0975840821554268,0.1698334953982869,-0.0053951702336069,0.1447337303138705,0.1698334953982869,-0.0053951702336069,0.002405705476853689,0.02828189518172919,0.001313535097435592,0.2207111340001489
1925,2022-12-22,2715.2578125,2782.38962890625,2708.032425130208,2707.022229817708,0.0003731758466454238,-0.0157675411956006,10.432879075060082,1297500,0.9262068350138306,True,False,False,False,True,-0.0124143835616438,0.0117607121542762,-0.0202548050980225,-0.0173147153096074,0.0117607121542762,-0.0282586937885769,0.0166611279430763,0.0166611279430763,-0.0418164694149797,0.015354402781734,0.0271153233646219,-0.0418164694149797,0.02412739600119891,-0.0001086550206202963,0.0068114182954237545,0.17926492192349502
1925,2022-12-26,2729.4501953125,2774.406171875,2708.7175130208334,2708.6138509114585,3.827127640954053e-05,-7.366233353127427,4.179804981746955,1509000,1.0582641382405744,True,False,False,False,True,-0.0227493660904264,0.0035749593660718,-0.0259992850591979,-0.0266492471977207,0.0035749593660718,-0.0333114786447198,0.0126747030455209,0.0162497615042884,-0.0467987576040259,0.0181995644297927,0.0217746090014108,-0.0467987576040259,0.01620381940403404,0.014527300843464541,0.024319299641658798,0.19101396929892525
5803,2022-12-26,155.0299072265625,166.959033203125,151.38114095052083,150.90206685384115,0.003174735155507813,-0.7354844749073948,2.170227554896667,7517400,0.5868274130695443,True,False,False,False,True,-0.0465811158223786,0.0069372711012958,-0.0495543556802465,-0.0247771662316289,0.0069372711012958,-0.0644205549695863,-0.0148663784788248,0.0069372711012958,-0.0991081624912988,-0.0445987417372372,0.0069372711012958,-0.1100100169760521,0.07144941934378193,-0.04764721672653105,0.116793287794283,0.4111943256572596
9202,2022-12-27,2699.52783203125,2722.802822265625,2681.836025390625,2670.2048763020834,0.0043559013736238494,-13.190972786900147,-5.8864512714476245,3098300,1.36494999779726,True,False,False,False,True,-0.041921393588614,0.0033187968466081,-0.0434934459965816,-0.0323143171196207,0.0033187968466081,-0.0555457399824745,0.0061136270032755,0.012401837172046,-0.0555457399824745,-0.0284715950579464,0.0256768922326773,-0.0555457399824745,0.008548173244145495,0.010791614768657753,0.021343988286599114,0.1315353985703555
1925,2022-12-28,2714.37060546875,2765.92595703125,2710.089140625,2707.8550325520832,0.0008250471484105848,-11.153140884852291,-1.1475384743934318,831100,0.5802616099449481,True,False,False,False,True,-0.0236927083155319,0.0006537239555099,-0.027941074773071,-0.0405228896906673,0.0006537239555099,-0.0415032818333539,0.013398648073738,0.0228758515198497,-0.0415032818333539,0.0271241516731963,0.0297385834582186,-0.0415032818333539,0.018639454693803893,0.0064059438123097445,-0.0007038619334414076,0.19100796996072814
6920,2023-01-06,21176.6875,23423.575546875,20920.33044270833,20734.72614583333,0.008951374402998757,-815.209252042634,-537.2693033127638,9423800,0.8227446940396889,True,False,False,False,True,0.1579664917494769,0.1802088900621874,0.019065022015577,0.178166236014249,0.2149343128073491,0.019065022015577,0.0381298937215748,0.2256017123652267,-0.0040853305876943,-0.0197457884111951,0.2256017123652267,-0.0399455376100803,0.09592421286743999,-0.12382583718278628,0.30854151246893946,0.4993469129440744
9104,2023-01-06,2518.3671875,2628.6505078125,2452.231220703125,2446.2135091145838,0.0024600107742513977,-10.271299989904946,20.718099991153377,8431000,1.222700077370477,True,False,False,False,True,0.0,0.0300160146006398,-0.0189573521934657,0.0663508101417398,0.0695103680977156,-0.0189573521934657,0.048973207776616,0.0758294697493304,-0.0189573521934657,0.1311217236800879,0.1690364329635931,-0.0189573521934657,0.04195434881310078,0.006792739646381718,0.15587467700236046,0.32184297197883593
8766,2023-01-10,2448.70654296875,2516.2526171875,2437.726774088542,2422.783837890625,0.0061676720655883255,-4.920352599153375,10.15306932259216,5340000,1.0105884690720186,True,False,False,False,True,-0.0069382532351761,0.0136935916950537,-0.0162499188143279,0.0122329211192691,0.0142414517438949,-0.018988560011813,-0.0041994428260615,0.0197188369144289,-0.0407157284246094,0.0584259945909739,0.0748583150504194,-0.0407157284246094,0.026843916130427584,0.009809525698873056,0.049457260153863425,0.2282824468220169
8001,2023-01-11,739.0040893554688,761.864912109375,734.807587890625,731.4893880208333,0.004536224207940531,-8.220297788607354,-3.480763339902344,9900500,0.8390929778244859,True,False,False,False,True,0.0147966074551841,0.0246609730197546,-0.0140568103913776,0.0261404942234551,0.0389641692915527,-0.0140568103913776,0.0039457895184138,0.0424168185196511,-0.0140568103913776,0.0742293239183891,0.0759555425742213,-0.0140568103913776,0.030006399284896245,-0.01893437032678691,0.05450053068676741,0.15986456799713536
6301,2023-01-12,2557.01708984375,2594.4475390625,2533.120169270833,2527.9462532552084,0.00204668750728465,-40.26206202581716,-37.63030902692439,2951400,1.148313072303571,True,False,False,False,True,0.0093615894221841,0.0284254869466109,-0.0085106279918745,0.0648511267725855,0.0658724034286974,-0.0085106279918745,0.0668936067664596,0.0879999446631742,-0.0085106279918745,0.1645956067202481,0.1911488948365032,-0.0085106279918745,0.014427136665972149,-0.03198866800644651,0.0853994129782456,0.1713382548009171
8015,2023-01-12,1477.662109375,1507.9610791015623,1475.5216634114583,1475.3118310546874,0.0001422291561377076,-20.99144691848369,-19.848759423831645,1540800,0.8268001738598496,True,False,False,False,True,0.0252272447899248,0.0514633837178208,-0.0272451295278233,0.0877902765533076,0.0938447680256031,-0.0272451295278233,0.1261353978452555,0.1422807113550774,-0.0272451295278233,0.1342080897426916,0.1745713133445816,-0.0272451295278233,0.020092673575245263,-0.04428946978857151,0.052811676786531425,0.20302940549586004
2914,2023-01-17,2159.876953125,2243.2790625,2153.7893294270834,2138.0212548828126,0.007375078478878416,-24.92762898209503,-11.494524750383531,3524100,0.4975711620230127,True,False,False,False,True,0.0391585440070461,0.0416911763790168,0.002337766653931,0.0344827586206897,0.0450028608118868,0.002337766653931,0.0598091570609944,0.0601987927805021,0.002337766653931,0.0703291655250182,0.0929279657497474,0.002337766653931,0.037178659922075474,-0.019661153802917553,0.09960879730969396,0.12973266037136652
8001,2023-01-17,740.8265991210938,757.760751953125,738.6375935872396,733.9554663085937,0.006379307047326144,-7.860441820199639,-6.216990696552609,9546000,0.8451564637293658,True,False,False,False,True,0.0339481860777117,0.0364082103844147,-0.0029522167278994,0.0290282271695063,0.039852365739665,-0.0029522167278994,0.0246002064805836,0.039852365739665,-0.0132841732408319,0.0150060518040358,0.0733085810773659,-0.0132841732408319,0.022347624614211747,-0.027198692052586848,0.05830428043711011,0.1568768098731855
8015,2023-01-17,1494.064208984375,1497.7024365234374,1478.6405045572917,1474.5261946614582,0.002790258939264323,-14.7344430634962,-18.496220037620965,1701900,0.8760645813869092,True,True,False,False,True,0.0618762855028369,0.0698602688108007,9.470139428202629e-08,0.0898204434311755,0.0998004597566033,9.470139428202629e-08,0.1217565538891123,0.1417165857549553,9.470139428202629e-08,0.0878242629075638,0.1616766629246451,9.470139428202629e-08,0.0024292058624860845,-0.036932454327987196,0.06204837163536303,0.2197480199656405
8058,2023-01-17,1292.4088134765625,1298.142314453125,1286.7940087890624,1284.9582063802084,0.0014286864738002336,-7.988083564963063,-9.753500015656108,9393900,0.9120127454021456,True,True,False,False,True,0.0348028361602592,0.0431555050215559,-0.0097447367687321,0.0060326351678168,0.0431555050215559,-0.0097447367687321,0.0779583265524825,0.0914154820569159,-0.0183293435795408,0.1069606900193653,0.1890952697615524,-0.0183293435795408,0.00441669677717721,-0.007588422679509876,0.05385539538291928,0.1691774730876505
8113,2023-01-18,1551.944580078125,1594.307685546875,1548.3048307291667,1544.631178385417,0.002378336262504943,-21.180200092871928,-16.381100912511485,3000600,0.9934396432278346,True,False,False,False,True,0.0094185485856406,0.0243652172853632,-0.0200654639699164,0.0051188772905714,0.0296889042360997,-0.0200654639699164,0.0407453319416402,0.0810810938435941,-0.0200654639699164,0.0687961565355963,0.0810810938435941,-0.0200654639699164,0.026571474159468023,-0.06019277961909908,0.043700356815195684,0.214364223751745
8766,2023-01-18,2473.296630859375,2509.88607421875,2450.6894921875,2439.8614388020837,0.0044379788184745195,-16.392393387166976,-7.853636355737974,5410800,1.031670066924705,True,False,False,False,True,0.0028921222317719,0.0028921327010793,-0.0287420029389705,-0.0054231610435014,0.0095805560828496,-0.0287420029389705,0.0113881446382912,0.0140996410046136,-0.0502531548116484,-0.0571222520076011,0.0845986434219294,-0.0685105418885401,0.0145781291570232,-0.016190962001938924,0.02961618715525205,0.23324212786116308
8001,2023-01-20,743.1957397460938,753.6784619140625,742.5566389973958,736.5259244791666,0.008188054646540488,-5.955645632067103,-6.2591997448746834,9449500,0.8261839864830897,True,True,False,False,True,0.0313879525010389,0.0365375506083001,0.008092227985021,-0.0156939762505194,0.0365375506083001,-0.0164296010541079,0.013977475828683,0.0365375506083001,-0.0164296010541079,0.0066208577344641,0.0698871150669979,-0.0213339488956318,0.013908745834857131,-0.03658314786790784,0.04988689454421813,0.15909231462190304
8058,2023-01-20,1293.0086669921875,1293.14060546875,1289.4862646484376,1285.7048307291666,0.0029411368993039755,-5.509806161192273,-7.853945356806867,8399100,0.7997851775356264,True,True,False,False,True,0.0313080402446035,0.0426715635654739,0.0006957964186709,-0.0032467842052081,0.0426715635654739,-0.0187847609402067,0.0890538028140559,0.0909091517973961,-0.0187847609402067,0.0663265021935217,0.1885436238242992,-0.0187847609402067,0.00010202949006821689,-0.014707161498371035,0.039197598245380716,0.17363547362368395
8113,2023-01-23,1560.842041015625,1580.04669921875,1550.199578450521,1546.3212320963542,0.002508111687058001,-17.768126377739236,-17.746157074834045,2649900,0.9035993596137224,True,False,False,False,True,0.0008141451343135,0.018525901539742,-0.005293318960532,0.0132327912320713,0.0238192412192985,-0.0067182588869024,0.0299266768848007,0.0749184735719847,-0.0067182588869024,0.0643321687121443,0.0952768272393518,-0.0067182588869024,0.012154487720281151,-0.07499291283592024,0.0776374434674647,0.24160379282373576
9434,2023-01-23,126.7342300415039,126.86617706298829,126.38174794514974,126.24646596272788,0.00107157045062789,-0.3527786898217613,-0.2858668279985796,48873000,0.7630963227010734,True,False,False,False,True,0.0037184908185141,0.0108179642115273,0.001690295500659,0.0246787896125464,0.0246787896125464,-0.0094659279553036,0.0361728867965793,0.045976825168392,-0.0094659279553036,0.0513860165986919,0.0561187365651991,-0.0094659279553036,0.001040048849417667,-0.032136525582284414,-0.00822890014098987,0.08981772752448912
8766,2023-01-24,2478.661376953125,2494.595625,2458.667545572917,2448.0901399739582,0.0043206765250365375,-17.915966964348172,-14.986776348429716,3926400,0.82158330133614,True,False,False,False,True,-0.0209235134616295,0.0073954478647881,-0.0209235134616295,-0.0162337774266032,0.0073954478647881,-0.0523087606015925,0.0461760670693418,0.0515873225886662,-0.0523087606015925,-0.0723305573933448,0.0822511681315625,-0.0791846657559637,0.006387507412899807,-0.04995760964649121,0.007297732725560335,0.23746307090389634
9104,2023-01-31,2550.1953125,2592.04861328125,2524.181324869792,2500.055927734375,0.009649942974387926,-3.913407620902945,4.685899159190658,17256900,2.154130375761056,True,False,False,False,True,0.0296411886344489,0.0468017637102748,0.006240306559758,0.0530420464118863,0.0561621709938475,0.006240306559758,0.0936036225779275,0.1544460847124062,0.006240306559758,0.1651382400245078,0.1718731431460369,0.006240306559758,0.016146803947580328,-0.05532121967226278,0.0779395534643399,0.3545969513874741
6702,2023-02-08,1729.132568359375,1751.613232421875,1724.4347867838542,1710.5391796875,0.008123524594679354,4.50533216990425,11.866158417900817,5168000,0.8089282639660651,True,False,True,False,True,-0.0121815278642778,0.0105204633598923,-0.0163343521585702,-0.0437430030270269,0.0105204633598923,-0.0503875218247545,0.026301276366472,0.0323921060003613,-0.0503875218247545,-0.0455484320779857,0.0323921060003613,-0.0503875218247545,0.012834262522336038,-0.0676565773816763,0.0246887108631908,0.18051128012892734
6758,2023-02-24,2219.1396484375,2277.261103515625,2185.303478190104,2171.068147786458,0.006556832597889528,5.274154903687304,25.684849094943143,15824500,0.9593251472375716,True,False,True,False,True,0.0167325368476223,0.0198148788822405,-0.0123296059409137,0.030382978517417,0.0678114046377058,-0.0123296059409137,0.008366268423811,0.0678114046377058,-0.0264201724982069,0.0856800456257902,0.0936337986443751,-0.0264201724982069,0.025522525716703052,-0.01946786080628682,-0.006764841140887934,0.27703063240714254
6861,2023-02-24,56690.359375,58125.17046875,55856.38291666667,55731.20848958333,0.0022460382696838366,225.0844383263684,737.5334940434628,473900,1.0701502817076338,True,False,True,False,True,0.0329479659653331,0.0384680619758357,-0.0174227426318179,0.0379506766885793,0.0731412514822151,-0.0174227426318179,0.0727507405221843,0.0884881724496233,-0.0174227426318179,0.077938805732787,0.1208280607304019,-0.0174227426318179,0.024684849647389918,-0.02253080648235639,-0.019503642518367892,0.21621285973703078
6981,2023-02-24,2287.266357421875,2333.69548828125,2280.605646158854,2275.5905192057294,0.0022038793494689735,5.968385665498772,21.07517991226534,5084100,0.8525376918549373,True,False,True,False,True,0.0262297325236964,0.0337045550299119,-0.0104648981365422,0.0434900764176839,0.0631966548254761,-0.0104648981365422,0.0588474766302868,0.0744766236332463,-0.0104648981365422,0.0601591927454168,0.1105189793429872,-0.0104648981365422,0.019895111034203473,-0.020434375254690385,-0.021431971884212753,0.20518415345321067
6981,2023-03-01,2293.17236328125,2330.3258203125,2280.970385742188,2278.8358447265623,0.0009366804636521397,-1.0259449924274122,10.9692768363579,3587700,0.6199954896222429,True,False,False,False,True,0.0374136283043009,0.0441914846599817,-0.0093534425641221,0.0161312336617467,0.0604584194561632,-0.0093534425641221,0.0767268962700713,0.0811066502579569,-0.0098955725643113,0.0488061430660864,0.1076588665560172,-0.0098955725643113,0.015943460226633798,-0.014180918219198535,-0.034278663482540606,0.2045066463890238
4689,2023-03-03,345.1219177246094,362.3046435546875,344.72819091796873,343.7865498860677,0.002739028133046828,-1.881164708324775,1.9253713822932108,12079000,0.5727168846932534,True,False,False,False,True,0.0087192848499264,0.028337719975011,0.0049045047873699,0.0362396879287254,0.0384195742055288,-0.0326975129526312,0.0609536424895138,0.0670383102415932,-0.0326975129526312,-0.0325298845030331,0.0731230540966674,-0.0344658804709397,0.047426181628512636,-0.04805753145826208,-0.05184553620643695,0.46628790571491413
5020,2023-03-15,412.017822265625,416.5691467285157,409.57269490559895,409.40913167317706,0.0003995104646381531,1.6461701474909771,3.017708645537464,13259000,0.8496790873783981,True,False,True,False,True,0.0008631212502776,0.0017261071200418,-0.0312836662623817,0.0150932523516775,0.0248112732390193,-0.0312836662623817,0.0396092141322865,0.0711927456858674,-0.0312836662623817,0.0654503370120731,0.1197830469591918,-0.0312836662623817,0.010925735855941511,0.019221423707412533,0.01488900420629169,0.17145192598398837
6178,2023-03-15,995.0084228515624,1035.4827075195312,973.2158308919272,965.7500268554688,0.007730576058866401,6.011274309340479,17.0911713926886,16621300,1.5367283559679477,True,False,True,False,True,-0.0477637460129658,-0.0238818022343886,-0.0594877335096365,-0.0306043018195437,-0.0238818022343886,-0.0612245141774094,-0.0151449330391729,-0.0033228303284895,-0.0612245141774094,-0.0356057071497878,0.038053779802218,-0.0612245141774094,0.039087359329180706,0.008876468215702094,0.08103314898897351,0.3460087413040711
8031,2023-03-15,1794.3067626953125,1809.610541992188,1775.2433479817707,1769.1916536458334,0.003420598510888606,21.68919267761908,26.8070969481446,8435800,0.9899605109519032,True,False,True,False,True,-0.0515463643994973,-0.0329393694118383,-0.068393197804816,-0.0191770697262207,-0.0158435538847673,-0.0696504847550675,0.0651865801943416,0.0746742796327601,-0.0696504847550675,0.0944188504207883,0.1246769621644499,-0.0696504847550675,0.008456946365944405,0.01781397474031865,-0.018704974673958152,0.29905629685594914
8725,2023-03-15,1231.78515625,1267.2103173828125,1211.216954752604,1204.3571061197918,0.005695859307803808,5.213005656962196,16.235771939764177,5291400,1.1782113071679308,True,False,True,False,True,-0.0380132009564371,-0.0163247694658424,-0.0562034409777241,-0.0251523568436308,-0.0153561229295487,-0.0562034409777241,0.017138906154368,0.0212006571684848,-0.0562034409777241,0.1115174995322465,0.1196412595621378,-0.0562034409777241,0.027955234144539307,0.010571705727951186,0.07740134129794107,0.287519325713602
8015,2023-03-17,1586.5113525390625,1662.377548828125,1583.9863883463545,1579.8908837890624,0.002592270516473816,-4.417011396818452,11.375799369494732,3000600,1.4268595395018402,True,False,False,False,True,0.0112782466873708,0.0150376223430934,-0.0225564530360409,0.0790672186734156,0.0848171611334718,-0.0225564530360409,0.0905669831136377,0.0982336079508046,-0.0225564530360409,0.172982513023882,0.1768157658137734,-0.0225564530360409,0.045637163677134385,-0.02454339963071095,0.008203516339186923,0.22885902058998744
7182,2023-03-20,997.824951171875,1025.3021069335937,984.2196419270832,979.3795979817708,0.0049419489187709775,-5.988642366096883,2.4417872947625017,108796600,5.945499162931714,True,False,False,False,True,-0.0295908508031751,-0.0008702528201931,-0.031331495016981,0.0007323056912607,0.0080236157509419,-0.0400347127031317,0.0062007427776871,0.0089349839265395,-0.0400347127031317,-0.0229643773529877,0.0134921373973131,-0.0400347127031317,0.02679908251032035,-0.013234825905705794,0.014666098556550544,0.41060052037878436
9101,2023-03-22,2711.623779296875,2829.5377734375,2657.044427083333,2638.1134505208333,0.007175952405974906,-2.245903888533121,33.23617643006066,10861500,0.6343565251291097,True,False,False,False,True,-0.0060919376407864,0.0149254057338279,-0.0197989163101206,0.0331115745104513,0.0475719231427904,-0.0314778413965741,0.1076628566021336,0.1246939362075623,-0.0314778413965741,-0.0256937837512495,0.1246939362075623,-0.0452955712441793,0.04167252872449759,0.004150351109776018,-0.0060756110844708555,0.3919954527848929
8015,2023-03-27,1604.4044189453125,1644.1267041015626,1585.8154524739584,1583.9863883463545,0.0011547221245464812,-16.818651051283723,-6.823406676739868,1579200,0.6955372774419449,True,False,False,False,True,0.0670329577523298,0.0727187741721837,-5.04124023636976e-08,0.0367087944022501,0.0859855945169116,-5.04124023636976e-08,0.0840902663497797,0.0973571286922994,-5.04124023636976e-08,0.1826439684276704,0.1997013548324178,-5.04124023636976e-08,0.02416011190448759,-0.01331400569371366,0.062270127308581724,0.2447369025020258
8053,2023-03-27,505.3837585449219,516.3288256835938,503.15814697265625,502.60576619466144,0.0010990339051957232,-4.7944478368829095,-1.974734039395595,12808800,0.5850690638017979,True,False,False,False,True,0.0567551598193645,0.0585383366340774,0.0063057997382411,0.028224232303357,0.0658937777979185,0.0063057997382411,0.0884065405365748,0.1151540277001998,0.0063057997382411,0.1804630499899913,0.2065419806726798,0.0063057997382411,0.021197861893883566,-0.016058291719761697,-0.0013187636730405128,0.26610173915494895
3382,2023-03-28,1832.85888671875,1864.51109375,1813.267109375,1804.8757275390624,0.004649285104730838,-16.21167677059225,-6.906095009974661,6258000,0.9284542749622232,True,False,False,False,True,-0.0008431691972842,0.0177065376536453,-0.0126476000685772,-0.0310286930611037,0.0177065376536453,-0.0843170127486984,0.012647537959264,0.0219224642814162,-0.0843170127486984,0.0404721880706877,0.107082663912563,-0.0843170127486984,0.016976143042189983,-0.006857644111147643,0.016593582509040194,0.3244903189750801
8604,2023-03-31,445.0783996582031,451.5892077636719,440.9999466959636,439.6784350585938,0.003005632143850079,-7.120500037870272,-7.775649082649662,12760100,0.9174868678530868,True,True,False,False,True,-0.0166764614265079,0.0168726836321282,-0.0245242354417918,-0.0107906232779032,0.0168726836321282,-0.0245242354417918,-0.0466942291277164,0.04375130245745,-0.0582696000383748,-0.0406121529485518,0.04375130245745,-0.0647439833399912,0.014417545843735101,-0.07528319570815756,-0.004926973415691593,0.35824677878681677
6178,2023-04-03,986.2730712890624,1003.2312963867188,980.8994401041666,976.3957137044272,0.004612603616060973,-14.177665669106204,-14.300246245741448,8247700,0.6669240768106479,True,True,False,False,True,-0.0077980837791812,0.0055046696051941,-0.0247707004221744,0.0064220787571187,0.0073395100048463,-0.0247707004221744,0.0330275860694699,0.0362385886659677,-0.0247707004221744,-0.0901834991037247,0.0472477494758529,-0.1022936017256476,0.016903604541379312,-0.07849512872511188,-0.06892486463419534,0.33976751748144307
7182,2023-04-03,1001.2839965820312,1007.988720703125,995.29603515625,988.9786352539064,0.006387802200319204,-10.449465804911824,-10.071695901209884,23801700,0.937917451820888,True,False,False,False,True,-0.0018165762137567,0.0045412875870094,-0.0108992279315569,-0.0054495457706069,0.0045412875870094,-0.0172570547067441,-0.013623925383405,0.0099909176254395,-0.0217984261796199,-0.0572207182464751,0.0099909176254395,-0.0635785746744854,0.00665158645467462,-0.06631721786832534,-0.07271404451065666,0.3124741775855962
8309,2023-04-03,515.4874877929688,527.521376953125,515.3592545572917,512.1223551432291,0.006320558713273305,-8.257332086499332,-7.781037641913413,11160000,0.6788750626560318,True,False,False,False,True,-0.0094990413518188,8.239606597015836e-08,-0.0267702965095779,0.028497420062429,0.029145088462972,-0.0267702965095779,0.070164071928747,0.0738341506259248,-0.0267702965095779,0.0822540623108885,0.1314769305450123,-0.0267702965095779,0.022812135556784425,-0.09217263927114827,-0.07938607241968998,0.3976259734166525
8591,2023-04-03,2001.594482421875,2024.1111376953124,1991.80701171875,1990.248894856771,0.0007828753810668054,-32.64498416289234,-36.21780262927086,4988900,0.8998713026570094,True,True,False,False,True,-0.0216022846044005,0.0006750262703247,-0.0342034034976693,0.0463546457286068,0.0522052308445086,-0.0342034034976693,0.0479299279346507,0.0571558517150501,-0.0342034034976693,0.0726821670857864,0.0999100675740991,-0.0342034034976693,0.011124218850490237,-0.09184010579633883,-0.019778611167925675,0.36294466857407576
8316,2023-04-04,1633.3201904296875,1640.4667919921876,1625.3559375,1610.09224609375,0.009480010504541836,-25.69320011986224,-33.50076502702478,22750200,0.5826413088031974,True,True,False,False,True,-0.0038709554946245,0.0018433226064809,-0.02709672229217,0.0418433742080344,0.0457143421589136,-0.02709672229217,0.0353917318919752,0.0608295836152477,-0.02709672229217,0.0488480742269206,0.0693088176306424,-0.02709672229217,0.004356443908152054,-0.08776786661874703,-0.04241933121440278,0.4330221581950229
9101,2023-04-04,2775.269287109375,2797.580361328125,2681.913720703125,2668.3215299479166,0.00509391038623197,-14.777432778301318,-8.828064169187448,14038400,0.8839172322429816,True,False,False,False,True,0.0401884213270056,0.044584025884379,-0.01978015752448,0.0923077829845304,0.098901190125282,-0.01978015752448,-0.0254316185357506,0.0989012259159687,-0.0345367913206066,-0.0552591013171493,0.0989012259159687,-0.0802197281144329,0.007975132556391719,-0.06661071674958696,0.0726449816441217,0.3972268566760843
6178,2023-04-07,984.915771484375,990.842822265625,984.1954321289064,979.7658487955728,0.004521063209928178,-8.630328477258558,-11.9222392850106,6433800,0.5188393572127283,True,True,False,False,True,-0.0041340756504053,0.0068903427065707,-0.0133209597930137,0.0252641468042729,0.0312357202019524,-0.0133209597930137,0.0385850778899983,0.0486909481807338,-0.0133209597930137,-0.081488220137003,0.0486909481807338,-0.1010564840407433,0.005981827438278724,-0.059658970379259935,0.003395182183889567,0.32429119791702055
6301,2023-04-10,2754.371337890625,2858.88869140625,2741.9725,2734.453798828125,0.0027496171904959343,-9.51606119765802,5.2328602218744,1981300,0.5811934221565142,True,False,False,False,True,0.0510997034632005,0.0646830107677223,0.0064683301651202,0.0585381635459614,0.0669469511526679,0.0064683301651202,0.0666236774729089,0.1157826881377481,0.0064683301651202,0.1326003011016312,0.1597672616193248,0.0064683301651202,0.03655873480831963,-0.059265340474293104,0.029502742558796813,0.3137131074852285
6367,2023-04-12,21426.458984375,21804.21859375,21304.38216145833,21254.658151041665,0.00233944060936242,-152.12022408875782,-48.14426434615504,714100,0.952190464761219,True,False,False,False,True,0.0331404284659364,0.0455960790170562,-0.0024465614385419,0.0471529296201842,0.0558274023397442,-0.0024465614385419,0.1692615557192494,0.1703736553537551,-0.0024465614385419,0.28069394705564,0.3176156031479149,-0.0024465614385419,0.01732506981393415,-0.050969568951353295,-0.012770768203675287,0.27529856109701795
6326,2023-04-14,1794.1474609375,1796.50166015625,1793.2794954427084,1789.1532942708334,0.0023062312128803164,-15.826827396517048,-17.31651767961168,2932600,0.953012326180704,True,True,False,False,True,0.0263967261174162,0.0351101235034114,0.0015376513912663,0.0497180638871939,0.0548435975810015,0.0015376513912663,0.0107636891215852,0.0909791862846896,-0.0094823381199476,0.0958482767592328,0.0994361803781826,-0.021014775269188,0.0013104353149026309,-0.04480219266071317,-0.04085212119097825,0.2479604691513746
8035,2023-04-20,14528.0732421875,14799.305859375,14353.207916666666,14203.044739583333,0.010572604665873842,-67.41682193428824,-4.600507601808754,3955300,1.124447413682819,True,False,False,False,True,-0.0126665459861621,0.0347515032689123,-0.0263073371271428,0.0373496974842686,0.0389736012060659,-0.0263073371271428,0.1809027874171684,0.2289704976899822,-0.0263073371271428,0.2991229870347327,0.3380966861955081,-0.0263073371271428,0.018327387768371582,-0.09524417640957017,-0.03505475404907177,0.2964474533235124
6762,2023-04-24,865.298828125,873.6726293945312,863.2929760742187,858.8212166341145,0.005206857205542592,-0.4237654770288372,0.315481902475404,5397000,0.6264691031288632,True,False,False,False,True,0.0581140400376496,0.074561408535644,-0.0186404097501178,0.0668859599623503,0.0855262437243125,-0.0186404097501178,0.1447368903670833,0.1688594779345698,-0.0186404097501178,0.1938595714089017,0.2607454826662885,-0.0186404097501178,0.009584598381357544,-0.060883599666656574,-0.04869072681307973,0.20805222624330907
6273,2023-04-27,64305.578125,65287.44796875,63977.92536458333,63232.06229166667,0.01179564679507461,-89.9165847509139,74.69967647288159,184500,1.0453553925040369,True,False,False,False,True,0.0379370277218855,0.0509779611603327,-0.0090398610789342,0.0769118250579448,0.0775045933667697,-0.0090398610789342,0.1194426416642997,0.1287787563262128,-0.0090398610789342,0.1590100683819955,0.2384409234839173,-0.0090398610789342,0.015039182481446867,-0.05755473311749271,-0.0012265118386105556,0.196346692145756
6954,2023-04-27,4280.75439453125,4311.83908203125,4252.238304036458,4210.826481119791,0.009834606840805726,-2.24883305145795,3.9497221499930495,5652600,1.6901155776415344,True,False,False,False,True,0.0131406635234347,0.0313184565532844,-0.0151116207909758,0.0019711451542347,0.0313184565532844,-0.0181776849928073,0.0595707646357328,0.07446362995839,-0.0181776849928073,0.0825669258017436,0.168199915142293,-0.0181776849928073,0.007209148325951943,-0.05103317769757487,-0.032087742218396276,0.22766174264465958
7269,2023-04-28,1101.7308349609375,1101.9707470703124,1091.7574837239583,1084.6930143229167,0.006512874433372673,-3.514369736014487,-2.973868323409806,7282400,1.559701013043199,True,False,False,False,True,0.0306449180693686,0.0387317408327634,0.0129814770621321,-0.0200043676836174,0.0487336875271386,-0.0217068573814527,-0.0206427896268954,0.0487336875271386,-0.036816361532619,0.0727813203190692,0.0934240481360726,-0.036816361532619,0.00021771186759063704,-0.04804825492594522,-0.07420326344030592,0.16672905207486918
7733,2023-04-28,2279.143310546875,2308.516953125,2274.8795963541666,2273.4391276041665,0.0006336077938089435,9.003177946250617,24.064844380983345,6309900,1.4037737863894078,True,False,True,False,True,0.0255543138028473,0.0485743758466783,0.0042237512086582,-0.0958817812382604,0.0485743758466783,-0.0977825203106396,-0.1055966602719913,0.0485743758466783,-0.1129884234102392,-0.0580782488451717,0.0485743758466783,-0.1129884234102392,0.012724031564230999,-0.005057253589758615,-0.07875188866205451,0.22828500079232206
8035,2023-04-28,14622.44140625,14687.1869921875,14508.117356770834,14389.181901041668,0.008265616248867902,-73.74724165317457,-56.39866768420696,3083800,0.9331148662040126,True,False,False,False,True,0.0087124617153908,0.032268426021482,-0.0093579024263231,0.1242334062182353,0.1345593158046254,-0.0093579024263231,0.2465311105441789,0.329461074391284,-0.0093579024263231,0.3062278523619917,0.329461074391284,-0.0093579024263231,0.004408304052501021,-0.06016925616029811,-0.030526077862607526,0.2919679701341534
4063,2023-05-01,3741.783935546875,3836.468095703125,3650.970830078125,3603.3200846354166,0.013224122288189477,-6.1673911352290816,15.134449708218773,7639600,1.1954479839451069,True,False,False,False,True,0.0032754706649926,0.0249433359246959,-0.0068026598409527,0.0425800746909879,0.0466113171257525,-0.0093221423793217,0.0849081650050074,0.1400858080575502,-0.0093221423793217,0.2060973172537461,0.2383473099653841,-0.0093221423793217,0.024680033247845092,-0.08048230009817137,-0.020159959179090636,0.2696487082357446
6857,2023-05-01,2648.56787109375,2817.229921875,2639.6540234375,2598.388958333333,0.015881019264581298,-20.262253469784355,10.702228890479958,8599600,0.8931512881710111,True,False,False,False,True,0.0910779281329625,0.1161708617441976,0.0065054269638125,0.3308549339477573,0.3438660855366322,0.0065054269638125,0.6719331847049566,0.704460804825215,0.0065054269638125,0.7681224025292266,0.8833639938528897,0.0065054269638125,0.05986804608017132,-0.10515109643258014,0.020364024737135944,0.44133094102573034
9101,2023-05-10,2797.053466796875,2844.664189453125,2772.0906998697915,2757.3806966145835,0.005334774147533805,-18.51596763061798,-0.3089180213686662,19760200,1.679485076447245,True,False,False,False,True,-0.0688473876186845,-0.0009347016908506,-0.07445486403985,-0.0570094558386681,-0.0009347016908506,-0.07445486403985,-0.0557632015624701,-0.0009347016908506,-0.0873832160325663,0.0532709548648737,0.0591899575689354,-0.0873832160325663,0.01673685169334622,-0.04801494207790413,-0.00048815605269947326,0.27135678146635767
4568,2023-05-11,4293.8564453125,4437.68896484375,4239.239459635417,4212.281302083334,0.006399894883266644,-16.75376868298099,19.815382879934013,4234700,1.1044042379788102,True,False,False,False,True,0.0764120885831387,0.0828351236796225,-0.0022147955183576,0.0146179964152088,0.1032116991741753,-0.0022147955183576,0.0498339856476448,0.1032116991741753,-0.0155036796809912,-0.0903653566630557,0.1433002531815561,-0.1410852113994697,0.03241158194517905,-0.07978228872460902,0.003509481646040369,0.23702628083567012
8113,2023-05-11,1659.6656494140625,1712.99859375,1650.437810872396,1639.570380859375,0.006628218062419977,1.775904775065328,13.697980419755432,4203600,1.2284547000753976,True,False,True,False,True,0.0354202466155255,0.0545663586799083,0.0015316381138792,-0.0042122742007362,0.0559066129685594,-0.0044036882820528,0.0306337586085181,0.0809879205525976,-0.0183802966171282,0.0352552713923328,0.0809879205525976,-0.0183802966171282,0.031134260431109916,-0.06730356061760734,-0.036158989239484685,0.2206190035629932
4452,2023-05-15,2413.040283203125,2449.3667578125,2381.5453125,2379.979736328125,0.0006578107149308732,2.846889041212308,20.23217790505418,3956000,1.069085170091559,True,False,True,False,True,0.0041816857522496,0.0112146066050684,-0.0159664807316485,-0.0344041312801041,0.0112146066050684,-0.0349743650608442,-0.0385858170323538,0.0112146066050684,-0.0729899483124579,0.0354045549020403,0.0427301671793047,-0.0729899483124579,0.014830965796979213,-0.06009035206465696,-0.047228535438697206,0.25853746438431974
6326,2023-05-18,1839.2081298828125,1850.0778271484376,1837.6324951171875,1832.053566080729,0.0030451779029547765,6.503613156595975,16.155839795609943,3562500,1.0828645986105898,True,False,True,False,True,0.0110000183848015,0.0344999281047979,-0.0004999818243233,-0.0349999498898007,0.0344999281047979,-0.0449999504090773,0.1020000739374331,0.1135000747090124,-0.0449999504090773,0.0290107523213467,0.1135000747090124,-0.0449999504090773,0.00587526487054804,-0.049516576342726104,-0.12922917003833856,0.24761501868213212
8113,2023-05-26,1673.96484375,1715.17208984375,1671.7616959635416,1663.152490234375,0.005176437987326921,-5.38389610154718,1.109773857511989,3223800,0.8406378709473017,True,False,False,False,True,0.0470766681834622,0.0533409050969377,-0.0267654015702364,0.0286637905888667,0.0717540012092528,-0.0267654015702364,0.0138572403654311,0.0717540012092528,-0.0267654015702364,-0.0021682155483215,0.0717540012092528,-0.0267654015702364,0.02402513796589583,-0.08336008928275673,-0.03449271295864342,0.259047335596527
4568,2023-05-29,4321.4365234375,4468.045625,4321.349700520834,4283.134228515625,0.008922314820484223,0.5976186829084327,25.95855156511656,4797800,1.15434261922549,True,False,True,False,True,0.0583185748915686,0.0583185748915686,-0.0217868878875471,0.1247798097737229,0.1247798097737229,-0.0217868878875471,0.0112235718057982,0.1360035336458038,-0.0217868878875471,-0.0928697687378351,0.1360035336458038,-0.1709947144543245,0.032812803150930166,-0.10404528325084783,-0.0341783152476427,0.30506941494280426
9434,2023-05-29,133.06753540039062,134.07534118652345,132.98751973470053,132.6632044474284,0.0024446513908884526,-0.4185133805154919,-0.1008162460055068,105704000,1.5071999224327597,True,False,False,False,True,-0.001324203499851,0.0066201641474472,-0.0168818601178307,0.0043032026964764,0.007613364934117,-0.0168818601178307,0.0086064053929528,0.0185369214507982,-0.0168818601178307,0.0208540264019665,0.0281364238213233,-0.0168818601178307,0.0075167124484939955,-0.08110507470093953,-0.08853458716665408,0.09098890770571123
8113,2023-05-31,1686.9930419921875,1707.4568408203124,1674.4181722005208,1669.0077685546876,0.003241688713359503,-10.789647567745988,-4.684533769662676,15555000,4.008875968392893,True,False,False,False,True,0.0271237445682286,0.0634771303229788,-0.0105481115929766,0.0244866676165083,0.0634771303229788,-0.0105481115929766,0.0114898522393191,0.0634771303229788,-0.0105481115929766,0.0031710915468166,0.0634771303229788,-0.0221633650899746,0.011984958178089894,-0.06544739291183876,-0.01998061203664836,0.2758452478200719
4568,2023-06-01,4410.83251953125,4445.7156640625,4337.522779947917,4309.565413411458,0.00648728209333016,-16.96525331612338,6.047165223187561,4169700,0.9118323682230892,True,False,False,False,True,0.0219921989376075,0.0586457704269531,-0.0049590721085435,0.0349287670125872,0.1129797241933698,-0.0049590721085435,0.0060369396411201,0.1129797241933698,-0.0286762018975875,-0.1127642074371899,0.1129797241933698,-0.187796475332839,0.007846463239480682,-0.027002574967081472,-0.035434950440447865,0.311794898307318
4188,2023-06-02,717.445068359375,719.8215405273437,706.66521484375,701.7478002929688,0.007007381496213272,1.9332742403048544,4.693068449743373,5959000,1.156306030100049,True,False,True,False,True,0.0122776406213045,0.0279378339387745,-0.0013780833531843,0.0379603934453005,0.0418441012049271,-0.0013780833531843,0.0814332577318535,0.0917063154272919,-0.0013780833531843,0.0642696233480963,0.1057378769210615,-0.0013780833531843,0.0033014740934644558,-0.04640160709166752,-0.0912796852601293,0.18769684359471198
5020,2023-06-02,426.426513671875,435.34451171875,425.5339392089844,424.3817578125,0.002714964475436954,-1.6473468817919183,0.0229901520057345,11962300,0.6413558529625908,True,False,False,False,True,0.0277421459336566,0.0413999089619854,0.0145112273178087,0.0386257380586645,0.0428937705715417,0.0145112273178087,0.0550576162386933,0.0646605965884983,0.0145112273178087,0.0998719400587297,0.1052069802603146,0.0145112273178087,0.02048492126767963,-0.08446970394808018,-0.08011354355155031,0.26114663870493665
9432,2023-06-02,146.7499542236328,149.8810955810547,145.29165466308595,144.76201110839844,0.00365871923602179,-0.5493367916185719,0.3236183071665233,151012500,0.8336645633560226,True,False,False,False,True,0.0230198270739352,0.0319306067863671,-0.0007426962005139,0.0106435155845054,0.0319306067863671,-0.0007426962005139,0.0550741078284631,0.1070543298313235,-0.0007426962005139,0.0080443737161948,0.1070543298313235,-0.0154704362718195,0.020890835800760354,-0.08709897940693978,-0.05476123262380472,0.1721087883693578
2503,2023-06-05,1887.608154296875,1911.8493798828124,1874.9349869791668,1871.892958984375,0.0016251078781996942,-12.27228734346886,-6.27505339320971,3561500,1.072831443615727,True,False,False,False,True,-0.0066099792760736,0.0059017369252281,-0.0136921970545588,0.0179415293748042,0.029036903187563,-0.0136921970545588,0.0120173034373158,0.0375354836706738,-0.0136921970545588,0.0165748728957091,0.0375354836706738,-0.0170070576436259,0.012679464104762938,-0.09638345501220003,-0.06613905413969601,0.1776760291823043
5802,2023-06-05,385.4481201171875,387.19200317382814,379.77060872395833,378.9481677246094,0.002170325837138387,-1.087839391164323,0.1578278681982439,11204800,1.25188820064534,True,False,False,False,True,0.002356464152577,0.015316603062017,-0.0276877858654419,0.0226804231453661,0.0471280922784067,-0.0276877858654419,0.0450663179620158,0.0627394233364673,-0.0276877858654419,0.0886597567576041,0.0916052647574894,-0.0276877858654419,0.004503923227613078,-0.0938094137645773,-0.09824560535022986,0.21562404191091322
3382,2023-06-06,1906.4205322265625,1928.464189453125,1874.0920247395836,1872.9562386067707,0.0006064135986743047,-8.400624680921055,4.064214000432253,12106200,1.778755347307778,True,False,False,False,True,0.0042153631619916,0.0181581305687348,-0.0270752287428983,-0.0034047287137543,0.0212386423034192,-0.0270752287428983,0.0004863806689423,0.037289343140501,-0.0309662825154349,-0.0570687932182296,0.037289343140501,-0.0645266269882639,0.011430680096172138,-0.09078141306129939,-0.12850960285202473,0.21679511146094513
4507,2023-06-09,1890.357177734375,1925.5239599609372,1880.914833984375,1880.3101692708333,0.0003215771118103561,2.249082725949848,9.882705455345349,5143800,1.1401592605522584,True,False,True,False,True,0.018688404077902,0.018688404077902,0.0009835474786017,0.0214752787165226,0.0239342947943188,0.000163881622945,-0.0296721397646334,0.0277049820299037,-0.0422950704606798,0.000327848611819,0.0277049820299037,-0.0626229480520109,0.018263487215851425,-0.06881114858019022,-0.10460365145415707,0.23405246929275617
5802,2023-06-09,382.7232971191406,385.7206005859375,380.02667724609375,379.5171724446615,0.0013425078979965033,-1.1223207065582983,-0.5712134318010222,14685200,1.5029403396588674,True,False,False,False,True,0.0409373931760406,0.0545831877199913,0.0020766076130576,0.0017798311899368,0.0545831877199913,-0.0059330132314248,0.0180955750451097,0.0703056646482336,-0.0059330132314248,0.0323346232544461,0.1533669522261791,-0.011865918192779,0.007770659545390556,-0.09505527083338317,-0.10306701086063796,0.21621797965514028
9434,2023-06-09,133.2437286376953,133.34767578125,133.13940450032553,133.03449015299478,0.0007886251693833835,-0.2853630933911688,-0.3754839694265104,110123000,1.279165057396496,True,True,False,False,True,0.0072726868791483,0.0171900714388721,0.0013222819285827,0.0085950248165966,0.0171900714388721,-0.0013223758284074,0.0158677116957453,0.0267768800232319,-0.0013223758284074,0.0469420233774506,0.0631403477436933,-0.0013223758284074,0.0007795197250021606,-0.06692300578559529,-0.11558320287654866,0.0950173639724862
2503,2023-06-14,1888.945068359375,1893.7575927734372,1881.8033349609373,1876.182693684896,0.0029957856955826756,-8.556255829421389,-9.47306282543565,4323200,1.2911665357540716,True,True,False,False,True,0.0238263751662601,0.0283085951336408,0.0040104336360666,0.0276008421222422,0.0368011606870697,0.0040104336360666,-0.0119499906877482,0.0368011606870697,-0.0162646195493737,-0.0361597773021198,0.0368011606870697,-0.0459876597794743,0.0025412568284487592,-0.10041449563162896,-0.17152905217540382,0.11623905551063855
1928,2023-06-15,2390.5283203125,2452.57595703125,2381.959479166667,2370.5072265625,0.004831140135680645,-14.583090617832568,-4.544811029375816,4638800,1.2106502142674451,True,False,False,False,True,0.0311248289861396,0.0331270131200933,-0.0212959016648174,0.0586093963767324,0.0702584681387874,-0.0212959016648174,0.0327629671297982,0.0779032444974032,-0.0212959016648174,0.0849679991143432,0.0916561580129933,-0.0212959016648174,0.02529896639525738,-0.12712196697514466,-0.16181348613901925,0.20756787422366632
1928,2023-06-19,2391.39892578125,2444.09990234375,2385.4752180989585,2375.2122884114583,0.004320847335445466,-16.599665823673604,-8.97209785632004,3591000,0.7192227347287843,True,False,False,False,True,0.0342066549125743,0.0460334504789352,-0.0131005521135285,0.0738718164156415,0.077510826298446,-0.0131005521135285,0.0507641010824722,0.077510826298446,-0.0131005521135285,0.076029920869163,0.0912587329698879,-0.0131005521135285,0.021562529629808768,-0.11751902498994193,-0.1498754856584983,0.21150665426771897
1928,2023-06-21,2407.06298828125,2434.30109375,2389.402877604167,2379.598251953125,0.004120286120984806,-15.298876761121846,-11.614482634845176,3168800,0.6236579879118046,True,False,False,False,True,0.0480838961673866,0.0480838961673866,0.0119304454884245,0.0625451222344724,0.0704988797853152,0.0119304454884245,0.0520607384071736,0.0704988797853152,0.0119304454884245,0.0465180696862768,0.0841573213823514,0.0119304454884245,0.011189291882866468,-0.1023795366402217,-0.1477180378613394,0.21521980502486884
8113,2023-06-26,1712.0960693359375,1712.55373046875,1702.9276936848958,1696.0725276692708,0.004041788251263778,0.6571768347175748,3.586386748941617,1842300,0.4401188270664837,True,False,True,False,True,0.0124939654519047,0.01584721141096,-0.0191755370871324,-0.0063212760252029,0.0212498401375624,-0.0191755370871324,-0.0281174470113024,0.0212498401375624,-0.0365005627645115,0.0711758326321694,0.1099245920067668,-0.0435795932866405,0.000267238992079536,-0.0038816266345702566,-0.16735752108740898,0.2378766263604098
6702,2023-06-28,1780.9954833984375,1802.222958984375,1754.8770247395832,1753.9040234375,0.0005547631393059138,-1.0729883766937292,9.492886861849104,5030000,0.587860619766375,True,False,False,False,True,-0.0113666186540497,0.0246280116934147,-0.019485699256398,-0.0178617901475094,0.0246280116934147,-0.0276048220444199,0.0194858571828553,0.0246280116934147,-0.0276048220444199,-0.0289580165477317,0.0246280116934147,-0.0549390160391878,0.011778495818242205,-0.03648636117936088,-0.11017509083427379,0.31105122476714847
8113,2023-06-28,1706.3763427734375,1712.0707275390623,1705.033388671875,1699.0721923828123,0.0035085008840634035,-1.5265118244096811,1.8208312182167428,2622600,0.6448353058763218,True,False,False,False,True,0.0179439551858962,0.0246730415094764,-0.0158878404676667,7.153774306267735e-08,0.0246730415094764,-0.0158878404676667,-0.008224265101707,0.0246730415094764,-0.0332709391545448,0.0585047824769728,0.1136450287077086,-0.0403736983922562,0.003326021918387654,-0.06760344151255193,-0.15910843496953797,0.2278498837399608
6702,2023-07-13,1777.1396484375,1794.028935546875,1762.27509765625,1759.174716796875,0.0017624064453474197,-10.25972488312641,-6.677868371814126,4231000,0.7001721056463891,True,False,False,False,True,-0.0119338566901363,0.0100352655944238,-0.018985660073627,-0.0184431206660544,0.0235963837932873,-0.0404122025190661,-0.0219690750201534,0.0235963837932873,-0.0404122025190661,-0.0056956403235316,0.0271222397318662,-0.0528885304820296,0.009414166502407343,-0.013234428657637465,-0.08203967300141835,0.17467406289006882
6758,2023-07-13,2551.459228515625,2606.763779296875,2517.6766341145835,2501.3166145833334,0.006540563252115605,-27.57585315673441,-15.918974117736044,22888000,1.3492438946389544,True,False,False,False,True,0.0080706917772717,0.026133689088043,-0.0242122085645298,0.002305952944934,0.0349730230506575,-0.0242122085645298,-0.0641814479440141,0.0361262133906408,-0.0718678426220921,-0.041890856536313,0.0361262133906408,-0.0964642382889857,0.0212157891790898,-0.04655980857677544,-0.03666773376572152,0.2672941586569159
6861,2023-07-13,65295.06640625,67085.2965625,64737.42026041666,64475.32515625,0.004065045093320396,-638.5964683747734,-279.01279411068174,436100,0.7681738915995843,True,False,False,False,True,-0.0046544720639246,0.0244745647990156,-0.0121619809486439,0.0010512973648408,0.0244745647990156,-0.0172670254607943,-0.1072071450650972,0.0244745647990156,-0.1148647879571704,-0.1367866913279543,0.0244745647990156,-0.1388887936625183,0.026685879737926466,-0.040751758897244805,-0.037344792553547945,0.21194763600674932
6981,2023-07-13,2541.935791015625,2594.839541015625,2529.1503548177084,2523.384996744792,0.0022847714797202823,-17.524119841422817,-6.014634728881251,4985100,0.995023981892324,True,False,False,False,True,0.0155573947136169,0.0369180538260731,-0.0066675068071002,0.0100011823158965,0.0369180538260731,-0.010742117630899,-0.0054328904146836,0.0786517396423145,-0.0146933241723896,0.0059266585726209,0.0786517396423145,-0.0265466128377226,0.020388062214935002,-0.028589439313796983,-0.08771914437160322,0.18840105367072757
7832,2023-07-13,3052.468505859375,3186.06041015625,3050.551487630208,3024.719072265625,0.008540434581659762,-48.538322763945416,-25.396141644889937,1191700,0.6872628288676916,True,False,False,False,True,-0.0090995608942588,0.0222779614881605,-0.0235331961693899,-0.0097270947541736,0.0222779614881605,-0.0310638110484536,0.0605584571464996,0.0875430117948283,-0.0379667733296742,0.0197676365128089,0.0919358807336938,-0.0379667733296742,0.04193012281594601,-0.0667801577242676,-0.03244773172333204,0.20837410218194258
4452,2023-07-19,2415.67138671875,2447.251669921875,2415.31365234375,2408.4898372395837,0.0028332339205496826,16.06574656098246,25.47579596905116,3395000,0.8808549611982741,True,False,True,False,True,0.0171385575349762,0.0175236914075755,-0.0092432051344408,0.0336992235150723,0.0452531773110846,-0.0092432051344408,0.0953206752376802,0.1222798032579943,-0.0092432051344408,0.0853071223769756,0.1222798032579943,-0.0092432051344408,0.012904387232120316,0.004305207599733074,-0.1352766583005398,0.148015489784805
6954,2023-07-19,4512.32373046875,4671.40400390625,4495.911126302083,4486.222044270833,0.002159741968996709,-59.34796928652759,-33.47780325072999,2821000,0.8514362894159014,True,False,False,False,True,-0.0072718604074626,-0.0018698925251054,-0.0249324449634451,-0.1340119544576219,-0.0018698925251054,-0.1392062205657216,-0.1541657455239498,-0.0018698925251054,-0.1691252312331798,-0.1589444337496303,-0.0018698925251054,-0.1691252312331798,0.03405406025778899,-0.07419474377117541,-0.08776649259752944,0.2318243359720873
4452,2023-07-21,2423.1142578125,2452.575908203125,2416.0059440104164,2412.422060546875,0.0014855955440604696,7.35594824756663,19.40547036555266,3645000,0.9760159804207712,True,False,True,False,True,0.0234208785907532,0.0295641137329976,-0.0036475703226803,0.0669993862011737,0.0673833370418361,-0.0036475703226803,0.0886926205905123,0.1188325931729408,-0.0036475703226803,0.0794778800686262,0.1188325931729408,-0.0036475703226803,0.012012533553838096,0.0019063628261899446,-0.13783395797609044,0.14316988570176564
9432,2023-07-21,149.92831420898438,150.70565246582032,148.99599365234374,148.72899922688802,0.001795173952918283,-0.5644853819306093,-0.1428807693773614,154885800,0.8728137188691028,True,False,False,False,True,-0.0272562713585248,0.0242277401927069,-0.0363416732110112,-0.0399756678962989,0.0242277401927069,-0.0454268731920074,-0.0205936430801585,0.0242277401927069,-0.0454268731920074,0.0963051800268317,0.0963051800268317,-0.0454268731920074,0.005157990056227287,0.012140102834356292,-0.09125188578186028,0.24309796013822066
3407,2023-07-24,870.9115600585938,877.5153588867188,867.5095027669271,865.9261376953125,0.001828522090612461,-3.162968159298316,-0.774269475088503,5901400,0.9219950677154086,True,False,False,False,True,0.006443612260552,0.006443612260552,-0.0124714276850738,-0.0453127983956845,0.0161089393153339,-0.0646434950134959,-0.0430263756818533,0.0161089393153339,-0.0646434950134959,0.0356474500867789,0.0486384812444211,-0.0646434950134959,0.007525564950228457,-0.0003288362795290656,-0.10212375566485954,0.13548593403544829
6273,2023-07-24,71052.5,74547.96,71044.88854166666,70672.21885416667,0.005273213343831795,-895.7470087640395,-424.6498509620709,159000,0.8182800679326849,True,False,False,False,True,-0.0054987949051757,0.0217276693497172,-0.0181060927175714,-0.0591467356883994,0.0217276693497172,-0.0737658384410672,-0.1030042156328067,0.0217276693497172,-0.1098443449693389,-0.0622317124661342,0.0217276693497172,-0.1098443449693389,0.04688874115401691,-0.06784053541326796,-0.03308476208799571,0.23211187830295021
6702,2023-07-24,1771.3555908203125,1774.170478515625,1766.1499886067709,1763.6371614583334,0.0014247982540578352,-7.412268578754265,-7.389731835521554,5338000,1.0545655695602354,True,False,False,False,True,0.0005442099050061,0.0269387620776289,-0.0372788332858399,0.0016326297150186,0.0269387620776289,-0.0372788332858399,-0.0179592025192019,0.0269387620776289,-0.0497959005561241,-0.0029931889342837,0.0304761310935395,-0.0497959005561241,0.0015865936951378334,-0.01856975365465796,-0.11314527019185694,0.16567693948109008
9433,2023-07-24,1986.853759765625,1990.3021142578125,1968.3962337239584,1962.7221158854168,0.0028909430390668955,-16.187151371863138,-15.68389760134147,6070400,0.8619409289889829,True,False,False,False,True,-0.0387970710307363,0.0041322917632427,-0.0387970710307363,-0.0550963468000662,0.0041322917632427,-0.0681817706445164,-0.0247933407002792,0.0041322917632427,-0.0681817706445164,0.0881544006361148,0.0943527484878397,-0.0681817706445164,0.0017325784198713918,-0.03179673300926311,-0.0651303648386441,0.14646754491810365
6273,2023-07-26,72243.7109375,74080.248125,71251.74401041666,70849.34177083333,0.00567968917601136,-881.266315260902,-599.1993841480828,178200,0.9609577221742882,True,False,False,False,True,-0.0495977428831121,0.0027699360129602,-0.0495977428831121,-0.0833664695077804,0.0027699360129602,-0.0895661782332279,-0.0968209278597456,0.0027699360129602,-0.1245219291990215,-0.1072418717243445,0.0027699360129602,-0.1245219291990215,0.024791185693669657,-0.045343181551088185,-0.0021130832320448434,0.23822103369717015
6861,2023-07-28,65363.7109375,65806.0621875,65335.72973958333,64970.3646875,0.00562356474125858,-422.72137329057296,-436.3802275894859,706800,1.433627780087827,True,True,False,False,True,-0.0769461863335626,-0.0241488088229872,-0.0874456609771522,-0.1081447501390955,-0.0241488088229872,-0.1157943510259142,-0.0755962280771476,-0.0241488088229872,-0.1223939362650451,-0.1778938882252013,-0.0241488088229872,-0.1789465208907261,0.006722044068517938,-0.02538820377184281,-0.043419649113546344,0.19421253008813394
4901,2023-07-31,2597.46484375,2623.896259765625,2538.0091341145835,2505.984137369792,0.012779409201849168,-24.89268062239853,-21.816186120279752,5378400,1.6350428870435985,True,False,False,False,True,-0.028495144755027,0.0089729818413499,-0.0421971270916813,0.0113982082890318,0.0367407456653734,-0.0426820576581675,0.0310416669799729,0.0424398115074551,-0.0426820576581675,0.068509747334766,0.1145870420444068,-0.0426820576581675,0.01007334642795137,-0.04942328281424513,0.03237049840886819,0.193974870352218
7741,2023-08-03,15814.5703125,15884.814453125,15784.2160546875,15651.641510416666,0.00847032844335227,-107.94888520370296,-169.56489566665203,1592000,1.4300535820955855,True,True,False,False,True,0.0079975324376995,0.0362965560650181,-0.0086127235561629,-0.0486004179294706,0.0362965560650181,-0.0661334849123418,-0.0012303848557377,0.0362965560650181,-0.0661334849123418,-0.0646314835261193,0.038142203542193,-0.0762841909144894,0.004422093870361889,-0.01650073897452886,-0.0009339958532315062,0.30626284375411933
8766,2023-08-07,2840.6845703125,2921.664541015625,2816.919407552083,2788.9229361979164,0.010038452834531864,-33.09694696818451,-17.958928811932466,6234100,1.197511275711311,True,False,False,False,True,-0.002889275218032,0.0099517389499208,-0.0269662992531528,0.0019260975343957,0.0144461517647487,-0.0269662992531528,0.0606740920243353,0.0690208009809432,-0.0269662992531528,0.0681301891015073,0.1839486440369808,-0.0269662992531528,0.02771706661264235,-0.08742466556990935,0.048007799688603914,0.3137197634078989
8802,2023-08-07,1632.22021484375,1638.327255859375,1607.1555501302084,1601.0039095052084,0.0038423645242073867,-0.6628252981699916,3.632909297771297,5448500,1.3349373325509346,True,False,False,False,True,0.0049692068325022,0.0391697855711417,0.000876836589438,0.0254310998576936,0.0391697855711417,-0.0160772493185142,0.1470329249216297,0.1470329249216297,-0.0160772493185142,0.0987361743359658,0.2335574381249143,-0.0160772493185142,0.0037276075300484986,-0.036547216385393155,-0.03450548244259388,0.1690975712034494
4661,2023-08-10,5261.4111328125,5354.87716796875,5255.33568359375,5227.96275390625,0.005235869300531437,-50.24798239471147,-35.91678458686481,3874700,1.0319530724620312,True,False,False,False,True,-0.0554197210861436,0.0131504819681076,-0.0634978738294402,-0.0452751970465978,0.0131504819681076,-0.0634978738294402,-0.0208529266280415,0.0131504819681076,-0.0634978738294402,-0.0774205433316906,0.0131504819681076,-0.1080728434814475,0.017454375184427235,-0.0654609857530648,-0.07907324841152952,0.1959554858819161
8630,2023-08-10,1880.113525390625,1896.70505859375,1852.7028955078124,1843.195655924479,0.005158019742925735,-28.673259715143782,-24.116507189086228,7791000,1.2049730075838598,True,False,False,False,True,-0.0134874356328995,0.0105973683667772,-0.023763605465465,0.0091522533922785,0.0178227739464842,-0.023763605465465,0.0431921666756482,0.0573218653877054,-0.023763605465465,0.0496191051877399,0.1234781298320446,-0.023763605465465,0.008747555729843539,-0.08487248776078127,-0.035326273506342654,0.28428427013614743
8766,2023-08-10,2835.212646484375,2893.467421875,2831.358408203125,2805.6478645833336,0.00916385265034303,-34.06280871648096,-26.20579461466031,5309800,0.9743163472953904,True,False,False,False,True,0.0119011134991373,0.0154392292806027,-0.0122224890384413,0.0096495049397526,0.0247669075304401,-0.0122224890384413,0.0858799050824887,0.0997107214090726,-0.0122224890384413,0.1257945492438623,0.186233649644802,-0.0122224890384413,0.02013320590728316,-0.06499586465283247,0.004212888076174259,0.3129527241128435
9983,2023-08-10,33352.69921875,33405.291328125,33091.55059895833,32969.61174479167,0.003698522600464882,-230.63203482627432,-179.51073579080838,1905000,1.1466923493649552,True,False,False,False,True,-0.0539130137401032,0.000869552340148,-0.0637680865136438,-0.0559420497614803,0.000869552340148,-0.0637680865136438,-0.017731475771908,0.0076118918049716,-0.0637680865136438,-0.0480266484241401,0.0396550669709043,-0.0928871215464332,0.0015743646375782775,-0.04749302292567892,-0.03575000648971827,0.2537489522928348
4661,2023-08-15,5296.9951171875,5333.84337890625,5269.503177083333,5238.5191796875,0.005914648077642637,-42.29019274681377,-39.30888691490533,2052600,0.5402595488361626,True,False,False,False,True,-0.0613920443913237,-0.0080238707186922,-0.0697890778588111,-0.0438516051350605,-0.0080238707186922,-0.0697890778588111,-0.0227656157502328,-0.0057847635390281,-0.0697890778588111,-0.0881011547857598,-0.0057847635390281,-0.1140646032054107,0.006908388398593391,-0.06246235115817467,-0.06357616234199137,0.18925518280819364
8630,2023-08-17,1865.01953125,1877.4933740234376,1863.0835660807293,1849.9255940755208,0.007112703368907125,-16.791120989564433,-21.59651783044963,3960600,0.583721500909716,True,True,False,False,True,0.0221755254531934,0.0252509150698267,-0.0097118446091082,0.0273553105593313,0.0344771847375975,-0.0097118446091082,0.0640984825477279,0.076723928961039,-0.0097118446091082,0.0533154996910638,0.1325706739178642,-0.0097118446091082,0.006643881116185428,-0.036540005272342024,-0.010597703798839175,0.2731701963157262
8830,2023-08-21,1719.6134033203125,1766.9149365234375,1702.883017578125,1687.4562744140626,0.009142010609678675,-6.901722046350415,6.140828656546089,2538600,0.8947680074440638,True,False,False,False,True,0.0257703640777611,0.0282913726186404,-0.016806664325158,0.1067226669443681,0.1067226669443681,-0.016806664325158,0.1442577886832843,0.1736695542250199,-0.016806664325158,0.0553516688669109,0.1736695542250199,-0.016806664325158,0.02677069066844553,-0.012569786846389097,0.07674702965311564,0.27135410593322545
4063,2023-08-22,4301.77880859375,4322.70828125,4258.5633984375,4223.480419921875,0.008306651156742895,-19.65807430778568,-16.727702566622625,3194100,0.5364430605520119,True,False,False,False,True,-0.0081087004910191,0.0085470301804513,-0.01775144879494,0.0468989765430203,0.0473372846763855,-0.01775144879494,0.0024107714343732,0.0523779240605501,-0.01775144879494,-0.032351941982576,0.0523779240605501,-0.0713593009524606,0.00484174996194702,0.003298536812753494,-0.004230838475153265,0.18974535035626972
8053,2023-08-22,655.95263671875,667.294091796875,650.2195678710938,643.484686686198,0.01046626489214364,-4.693097895659207,-2.1624456176355684,10564000,0.6245979490672419,True,False,False,False,True,0.0070410438956343,0.0164863470017495,-0.0156277168347424,0.0664606395308589,0.0668041051152488,-0.0156277168347424,0.098402847718944,0.1114545388425587,-0.0156277168347424,0.0296975154664576,0.1114545388425587,-0.0403855422478978,0.01699618686505226,-0.020872929155993925,0.040709802096307035,0.17093672342858607
6752,2023-08-23,1547.72314453125,1553.71140625,1501.4418440755207,1482.5164404296877,0.012765729357003153,-21.01500953206687,-17.31893613564073,12116800,1.5251675043457356,True,False,False,False,True,-0.003003876977806,0.0270351408340123,-0.0102131499614697,0.0417543316685264,0.0456594871667512,-0.0102131499614697,0.0405527335548658,0.0862119790655377,-0.0102131499614697,-0.0972904061125575,0.0862119790655377,-0.1130688595183213,0.0038541660276557436,-0.04962732905953382,0.0906806326280376,0.2950959758218481
7974,2023-08-23,5829.51806640625,5911.81240234375,5815.53916015625,5786.505768229166,0.005017430741448781,-40.76799443909749,-29.653428803017437,2131300,0.5788776081134669,True,False,False,False,True,0.0012879796744293,0.0086941940280269,-0.0222187264686705,0.0180325530434122,0.0243117353253501,-0.0222187264686705,-0.0093383342604185,0.0418611612755221,-0.0222187264686705,-0.0049224159138235,0.0418611612755221,-0.0222187264686705,0.013920322624729194,-0.03325843923293359,-0.0041661527984928615,0.1969465953887243
8750,2023-08-23,603.7825317382812,611.790810546875,598.4240543619792,596.5351424153646,0.0031664722030733117,-6.298619543998825,-3.727358432600248,11350400,0.6761905896650741,True,False,False,False,True,0.006351458846123,0.0128898477563912,-0.016626253448021,0.0920978212204493,0.1036801108057499,-0.016626253448021,0.1406686747456853,0.2049316904531288,-0.016626253448021,0.154119138047059,0.2097887772703408,-0.016626253448021,0.013089897184685152,0.008007858668904633,0.03762046884635817,0.3518809701997439
7751,2023-08-28,3238.350830078125,3262.1574609375,3234.248251953125,3210.421097005208,0.007421816088283073,-28.004511696023656,-28.15977368162625,1970300,0.4811777045945474,True,True,False,False,True,-0.0011104254771365,0.005830051388689,-0.0113825075411413,-0.0063854176836519,0.0097167987939936,-0.0113825075411413,0.0166574376229098,0.0291504583968498,-0.0113825075411413,0.0202665277472551,0.0527485023420117,-0.0477512908951687,0.007297817822850744,-0.008302072018461781,-0.024525229393997483,0.1588097079961862
8053,2023-08-28,663.2747802734375,665.3114819335938,654.2478816731771,648.869287109375,0.008289180379861927,-3.948311693811206,-3.5403876297006,8892000,0.5369811658022953,True,False,False,False,True,0.0546875733291716,0.0550272472658315,-0.0061141102216263,0.0516304542870431,0.0696330764303785,-0.0061141102216263,0.0730298274773366,0.0991847678065498,-0.0061141102216263,0.0228354516856115,0.0991847678065498,-0.0509790926523286,0.003061275380723936,-0.02178693560132583,0.02877310088376417,0.17958893083482655
8750,2023-08-29,601.526611328125,609.972587890625,599.9790983072917,597.807450358073,0.003632687996641737,-5.194974939394456,-4.915057685147355,8663200,0.5924860037560407,True,False,False,False,True,0.0678792525365759,0.0744421627804352,0.0020624816776073,0.1351959715129109,0.1370710049035062,0.0020624816776073,0.1486967769586902,0.2094505761385612,0.0020624816776073,0.1464467441848194,0.2143258786108723,0.0020624816776073,0.013846485448973173,-0.07538562495749279,-0.0015401728909825163,0.24305271787499572
9202,2023-08-31,3102.68896484375,3136.035771484375,3089.900927734375,3075.6166080729167,0.004644375903018805,-18.175458218799577,-12.064708335389229,3408000,1.4957405627460534,True,False,False,False,True,-0.0015197565997362,0.0118540544979985,-0.0039513368301759,0.000911822485127,0.0121580547112463,-0.0085106843391923,-0.0477204673932184,0.0121580547112463,-0.053191591423516,-0.1136777779229112,0.0121580547112463,-0.1360182328441679,0.010633426743356598,-0.02950604898750364,0.004487832932539959,0.16879265347027195
4578,2023-09-12,5160.9169921875,5209.2852734375,5080.733880208333,5059.571796875,0.0041825838594491405,19.178066524342285,38.15800350224896,835300,0.8733702073378572,True,False,True,False,True,0.0113844874118671,0.0369077918904179,-0.0099154440563663,-0.0045905420075276,0.0369077918904179,-0.0244215929652847,-0.0301138420357786,0.0369077918904179,-0.0771208678043389,-0.0027543252045165,0.0369077918904179,-0.1081527616929644,0.009285012954969708,-0.07091971437368672,-0.04775760296810616,0.18294472811911044
9202,2023-09-12,3117.77783203125,3118.494736328125,3110.208297526042,3096.426949869792,0.0044507259106594255,-8.659198763923087,-10.87515458751645,2154300,1.0082936281346826,True,True,False,False,True,-0.0208711257532838,0.0072595919973887,-0.0208711257532838,-0.0096792446417963,0.0072595919973887,-0.0281305912512392,-0.0783423064147156,0.0072595919973887,-0.105263101423743,-0.0719902825420436,0.0072595919973887,-0.1401995782893443,0.00022988792910998864,-0.06306484826748171,-0.017689410427633057,0.12931131378470953
2802,2023-09-22,2802.514892578125,2878.14734375,2768.936435546875,2761.4938671875,0.002695123986262926,0.4709962492402155,27.028233691789723,4289400,1.466827618516758,True,False,True,False,True,-0.0031284679871708,0.019590837706322,-0.0152348314137098,0.0203923634786382,0.02661848637444,-0.046019644739258,-0.038409976530392,0.0425298027225042,-0.0551858687527867,-0.0430794188499604,0.0425298027225042,-0.0873539955019567,0.026278172080423007,-0.07412183768857039,-0.03273063399794074,0.2413255965061251
4452,2023-09-25,2540.339111328125,2603.39873046875,2521.7367122395835,2504.075013020833,0.0070531829625359865,-8.288955979612638,5.035794462064107,2441200,0.9338015346599038,True,False,False,False,True,0.01245200850457,0.0302141642526418,-0.0069583692226782,0.0086064420110312,0.0302141642526418,-0.0188609233377599,0.0034792122306968,0.0302141642526418,-0.0274675572308995,0.0102546517717196,0.0558505177297945,-0.0404686861897305,0.024222036525795933,-0.06478918756246277,-0.0074651021545117935,0.13875366033352043
8035,2023-09-25,19760.8203125,19942.008828125,19418.32536458333,19337.23114583333,0.0041936830634343725,-39.56401281492072,50.90760698458833,2580500,0.7864201199210684,True,False,False,False,True,-0.0292164893837829,-0.0071633974589968,-0.0553963143808657,-0.0330649545245188,-0.0071633974589968,-0.0761200256760228,-0.0369135185035097,0.0347647727395783,-0.0761200256760228,0.1519034271176591,0.1771591583888794,-0.0761200256760228,0.009085770505199146,-0.030461077881885235,-0.0067685317539321055,0.34650023691561793
8267,2023-09-25,963.6809692382812,981.253154296875,961.5038916015624,956.510448404948,0.0052204795095980305,-1.978757179113245,0.3835505800031156,5903100,0.9029688249290432,True,False,False,False,True,-0.0181604868063098,0.0183285121723741,-0.0181604868063098,0.0233730566866736,0.0287539197746438,-0.0272406645335627,0.0257272349160162,0.0553219641789439,-0.0272406645335627,0.0321170205819272,0.0839077729417621,-0.0272406645335627,0.017907901729177344,-0.07420778263184225,-0.035107583962992184,0.16434363036143906
3382,2023-09-26,1873.2864990234373,1874.608046875,1867.38486328125,1867.3635953776045,1.1389267573935768e-05,4.233764423861203,7.7422880096695375,4035900,0.6123127059551768,True,False,True,False,True,-0.0486343541946504,0.0008327100834879,-0.0509661124067956,-0.0336443532413052,0.0008327100834879,-0.0581279790055783,-0.1010993575313585,0.0008327100834879,-0.1402399455453096,-0.0431380552657398,0.0008327100834879,-0.1402399455453096,0.0007049728895411858,-0.02694845626039366,-0.0781387791794802,0.1835890012229912
4578,2023-09-27,5137.2255859375,5187.03443359375,5106.3453580729165,5101.175846354166,0.0010133961020859505,-9.85885659413725,5.963071245847399,1243100,1.1991684633453434,True,False,False,False,True,-0.0619811467271574,-0.0036894147363294,-0.0667773099887295,-0.0256410061440706,-0.0036894147363294,-0.0728648147899754,-0.08633083541757,-0.0036894147363294,-0.0994281577576173,0.0389227754904031,0.0540491369233244,-0.104039818844297,0.009602567381019014,-0.05274392388556104,-0.01233074948083246,0.18525373320473332
2802,2023-10-05,2784.5380859375,2855.42580078125,2773.935947265625,2773.7450227864583,6.883274331226374e-05,-24.5120855238124,-11.29770056507632,3011400,0.9721217912297918,True,False,False,False,True,0.0203655825433906,0.0492603110158829,-0.0078328521840113,-0.0313316384737566,0.0492603110158829,-0.049086206825181,0.0412531953971551,0.0492603110158829,-0.06597043816891,-0.0424716460560846,0.0492603110158829,-0.0814620090223835,0.02482561964116,-0.006390586830700373,0.012479421462202822,0.2461565592148031
4452,2023-10-05,2568.249755859375,2591.750673828125,2545.5380143229168,2532.6082259114582,0.0051053251265522626,-10.621355647877865,-6.388492839181997,2974000,1.0092885771203035,True,False,False,False,True,-0.0249954584563543,0.0041659052098397,-0.0262633447262419,-0.0139467929762401,0.0059771639700472,-0.0380366256181576,-0.0105052962811815,0.014127979416612,-0.0380366256181576,0.031153706084984,0.0554247549985322,-0.050896463844634,0.009067584396163423,0.02296210135702914,0.010723485052492654,0.1742464804267149
4689,2023-10-05,386.8716735839844,407.7033740234375,384.0424462890625,381.0235815429688,0.007923039130199427,-4.677526628709188,-1.4442145279370482,10237100,0.675980763427533,True,False,False,False,True,0.0004934917229306,0.0222057901599526,-0.0135701770091239,-0.0567480772873038,0.0222057901599526,-0.0651369103568121,0.0115963455423364,0.0222057901599526,-0.075252885743075,0.0505798251654117,0.1532198194691614,-0.075252885743075,0.05109523679893702,-0.041368263006437256,0.08057465086597482,0.26336045613889725
7011,2023-10-05,742.4404907226562,820.6001586914062,726.6839469401042,719.4156453450521,0.010103063009654134,-5.1576836480630845,10.421383482140508,54629000,1.1078303931926905,True,False,False,False,True,0.1059132392782229,0.1202365302212569,-0.0076216244401444,0.0399474027973194,0.1202365302212569,-0.0076216244401444,0.1202364818900136,0.1265439557179435,-0.0078843559929167,0.0672799444597216,0.164651741559183,-0.0078843559929167,0.0952469569264885,-0.0921357915299833,0.1595103032787406,0.3464133624727949
7269,2023-10-05,1334.2967529296875,1404.3596533203124,1300.4459733072918,1288.738846028646,0.00908417350398194,5.305150730155674,24.641982159766226,7637600,1.1743180203755923,True,False,True,False,True,0.0558512149287149,0.0819149513694239,-0.0042552451264311,0.0262411099011496,0.0819149513694239,-0.0042552451264311,0.0824469270052885,0.089716431347175,-0.0042552451264311,0.0317377180801092,0.1661347932518848,-0.0042552451264311,0.049889570826800636,-0.008870685219728669,0.04413834032652342,0.3053322900216118
8015,2023-10-05,2491.475341796875,2700.497568359375,2471.853727213542,2446.189449869792,0.01049153300253014,-14.018286859831278,28.695009297979848,3137100,1.203191789254463,True,False,False,False,True,0.0498762234466882,0.066831612569765,0.004950574960586,-0.0023514752403287,0.066831612569765,-0.019801970463144,0.108910922135567,0.1090346542964735,-0.0478960474748825,0.0252475163602294,0.1101485592430588,-0.0478960474748825,0.07740137558779082,-0.05093508588991902,0.11356747636754294,0.29472328507179363
8591,2023-10-05,2458.963134765625,2559.41595703125,2420.327643229167,2406.0901822916667,0.005917259894198779,-0.1710149321820608,29.81126512900631,4683300,0.9514512613082988,True,False,False,False,True,0.0187766713235111,0.0399701527691467,-0.0016732999836681,0.0037181615845967,0.0399701527691467,-0.0059490627907319,0.0079939133707767,0.0444320463171228,-0.022680785834065,0.0013013416617082,0.0444320463171228,-0.0343931797486043,0.039248337883359706,-0.005724055749500079,0.0581282339086604,0.2676858932775439
7270,2023-10-06,2442.567626953125,2597.897197265625,2438.683548177083,2431.573063151042,0.002924232520007841,-6.885604870783936,29.72045456582821,2418000,0.7464783079825019,True,False,False,False,True,0.0323953895132085,0.0701593082822791,0.0185116125629243,-0.0124028999404982,0.0701593082822791,-0.0214736136992453,0.0116623522190493,0.0701593082822791,-0.0707146232728925,0.0062939059889211,0.0701593082822791,-0.0707146232728925,0.05979049920681605,-0.018840480217700017,0.0625484128312348,0.32767654995209494
8830,2023-10-06,1805.092041015625,1898.9843798828124,1801.0603385416666,1799.460818684896,0.0008888884048832146,-12.318814816651184,8.81365978806685,2871400,0.9036834684525908,True,False,False,False,True,-0.0067204902797086,0.04381722329422,-0.0220430699966387,-0.0034946847006832,0.04381722329422,-0.0220430699966387,0.0489247743031628,0.0900537595756296,-0.0336022169869122,0.1752688825029347,0.175806516941408,-0.0336022169869122,0.04944344980498552,-0.052401616843529064,0.027963246914194162,0.33531828771262234
4689,2023-10-10,388.58984375,404.98868774414063,385.2158841959636,382.35865315755206,0.0074726464663903425,-5.004316403427595,-2.7367587290952926,8579100,0.5839286388849468,True,False,False,False,True,-0.0171947408498276,0.0176860541955943,-0.0358634219099323,-0.0616556006795404,0.0176860541955943,-0.079341703112804,0.0601817500427226,0.1481207981732146,-0.079341703112804,0.0655857643321706,0.1481207981732146,-0.079341703112804,0.0404921038300727,-0.05780461097075773,0.0009189021521514018,0.2656474208725038
5020,2023-10-10,508.8189392089844,535.7908996582031,488.9218876139323,485.4452026367188,0.007161848460608411,-3.719939791784782,6.329815800456228,34903700,1.5748748806560893,True,False,False,False,True,0.0058267331830741,0.0285872598988856,-0.0147486542180262,-0.007647403622352,0.0355063390883807,-0.0269481619604158,-0.0398760773344702,0.0528041880393652,-0.0398760773344702,0.0538966071989894,0.1125273204303214,-0.049890640649982,0.050340460180314635,-0.02249645844860937,0.08688421233669263,0.4011620682019238
7936,2023-10-11,1184.93994140625,1278.8407568359376,1171.5125415039065,1165.4950756835938,0.005163012650897247,-27.783251495960485,-5.677196354411882,8314800,1.37164462744477,True,False,False,False,True,-0.034051204962013,0.0287180273029468,-0.050871719124917,-0.0375382660892705,0.0287180273029468,-0.0592818809062322,0.0453333399264945,0.0473847814550811,-0.0609230759263792,-0.0264613432659306,0.1415384003091402,-0.0609230759263792,0.07342651141492677,-0.07552241686834804,0.1578338211083563,0.4236194077421147
6501,2023-10-12,1811.5328369140625,1848.0091650390625,1789.0256266276042,1786.1102392578125,0.0016322550006784287,-30.8928542443723,-19.613548331555435,17164000,1.2450808642445477,True,False,False,False,True,-0.0532518800273071,-0.0092145497759924,-0.0536804275459807,-0.0672880605673407,-0.0092145497759924,-0.0827172652184727,0.0604307511342427,0.0617165244295614,-0.0827172652184727,0.0627879491460858,0.1261117164349223,-0.0827172652184727,0.019738174904683974,-0.04894448515146865,0.009875209323378709,0.32752783072113767
6902,2023-10-12,2275.371826171875,2285.411630859375,2240.0979361979166,2238.935872395833,0.0005190250495383797,-24.81053247864429,-17.28047355156821,5396100,0.849870537317382,True,False,False,False,True,-0.0465496335109206,-0.0126581476900635,-0.0506329327250065,-0.0720701233261261,-0.0126581476900635,-0.0884033909494668,-0.03021634406207,-0.0126581476900635,-0.1155573623086507,-0.1159657113046963,0.0334831816373109,-0.13086964766553,0.004392996233997703,-0.016670107881051277,0.017796412911174952,0.33587600681494556
8830,2023-10-17,1817.708251953125,1872.6626708984372,1807.4819694010416,1801.8767740885417,0.0031107539611499035,-13.669316914459614,-6.439339650381754,2375600,0.7879714610774073,True,False,False,False,True,-0.013881581925214,0.0122797995457615,-0.0355046441515426,0.0021356331543531,0.0122797995457615,-0.0403097170859654,0.1452215770604217,0.1532301195573475,-0.0403097170859654,0.1238654469853799,0.1676455686575011,-0.0403097170859654,0.02934560495027492,-0.01970409783769811,0.005817021562335656,0.33224786447466254
9101,2023-10-25,3327.016845703125,3495.0609375,3326.878232421875,3294.272353515625,0.009897748396987538,-35.987695025566154,-11.217491010512491,5820400,0.878367314908506,True,False,False,False,True,0.0135565972267321,0.0329612547406488,-0.0260499131832893,-0.0417331592436771,0.0329612547406488,-0.080010711963061,0.0518340136875092,0.055289622021585,-0.080010711963061,0.2200955115556742,0.2200955115556742,-0.080010711963061,0.04808044689403213,-0.0391713806870978,0.0987040808138262,0.31403861662176524
6701,2023-10-27,1472.365478515625,1524.0997265625,1466.2548128255207,1459.0422200520834,0.004943374958114477,-20.57046695527515,-11.044039765248552,8426000,1.2701618981579186,True,False,False,False,True,0.008621811766879,0.014192777343285,-0.0779944851738003,0.0167129318802834,0.0428437305353233,-0.0779944851738003,0.0473536800784106,0.1111553665307059,-0.0779944851738003,0.1029314640871563,0.1264093592179318,-0.0779944851738003,0.03394413577093021,-0.04348561558423458,0.08267637777120951,0.3885598626989515
8591,2023-10-27,2490.963134765625,2506.849814453125,2451.178968098958,2442.990992838542,0.0033516190949614,-14.391405705841862,-10.64036136683772,4192800,1.0540923763839865,True,False,False,False,True,-0.0049552165371212,0.0310148162442689,-0.0352358551632033,-0.0200037538034212,0.0310148162442689,-0.0467977865518085,-0.0044046913721818,0.0310148162442689,-0.0467977865518085,-0.0339512407398423,0.0310148162442689,-0.057625325348677,0.006337308121095272,0.0025568032007223795,0.032500752580474246,0.28305234758380104
8604,2023-10-27,510.9531555175781,526.4403466796875,507.5596427408854,505.7552823893229,0.003567654979377055,-4.973570167907724,-1.6692212363964427,12536700,1.0411062880604167,True,False,False,False,True,0.0676938953215608,0.077735425136568,-0.0192174453679081,0.0457063236248076,0.077735425136568,-0.0192174453679081,0.0382618604062507,0.0815444122202555,-0.0192174453679081,0.0895082594050389,0.1201524224312786,-0.0192174453679081,0.02941870101672239,-0.016222923077427787,0.011780137448492045,0.29627174255150407
9101,2023-10-27,3427.835205078125,3464.079990234375,3340.1359505208334,3310.001276041666,0.00910412775284608,-33.95622578311213,-20.30186384443481,5186800,0.7997175363371308,True,False,False,False,True,-0.0727553384647587,0.0025801387387434,-0.0964911506131289,-0.0513414384605352,0.0025801387387434,-0.1070691337112981,0.0268318317986799,0.0405058280338597,-0.1070691337112981,0.1248709706758626,0.2048503149900953,-0.1070691337112981,0.010463033549579746,-0.0010350017997345917,0.1488199170156953,0.3288777900313418
8591,2023-10-31,2482.27734375,2495.611806640625,2456.056689453125,2445.077115885417,0.004490481505215138,-14.080945540193625,-12.185416387789637,5203800,1.2024025869747808,True,False,False,False,True,-0.0372007300188995,0.0346224627671116,-0.0379373782744322,-0.0049724570903419,0.0346224627671116,-0.0434624158115131,-0.0060774584830273,0.0346224627671116,-0.0434624158115131,-0.0272560125451836,0.0346224627671116,-0.0543278414865098,0.005343163890771501,0.009354628243473218,0.038543687885645106,0.29109763337273414
8604,2023-10-31,512.98779296875,523.2486486816406,508.6124202473959,506.34040974934896,0.004487120629324437,-5.185593354749926,-2.9821588424839804,17432700,1.338800342673661,True,False,False,False,True,0.0224175684538059,0.0734608578106139,0.0118985324247167,0.0605276132948917,0.0734608578106139,0.0118985324247167,0.0472494738715723,0.0772547375021224,0.0118985324247167,0.100017228266922,0.1157096187214477,0.0118985324247167,0.01960990389319397,-0.007340576630911366,0.08163339212006093,0.2982868930865739
8830,2023-10-31,1821.5902099609373,1822.7047509765623,1817.8807275390625,1812.164933268229,0.0031541247520583404,-13.92426443199497,-14.978888367065569,3484600,1.0667458526833955,True,True,False,False,True,0.0205114207992551,0.0801811268689918,0.0143846229192283,0.1427810160344131,0.1507724916710171,0.0143846229192283,0.1118805623761809,0.1507724916710171,0.0143846229192283,0.1097496144571805,0.165157220267863,0.0143846229192283,0.0006114764418252005,0.0031868849107076214,0.02814591251191434,0.3441911336009346
7270,2023-11-01,2464.271240234375,2487.928251953125,2462.8489713541667,2455.572353515625,0.0029633082601390193,-46.86647904679603,-37.099780780814974,4616700,1.7733689284959764,True,False,False,False,True,0.0077064254722396,0.0436697106514927,-0.0311926736568421,0.0139448990479662,0.0436697106514927,-0.0311926736568421,-0.0236696221537193,0.0436697106514927,-0.059082691688156,-0.0510092726569315,0.0436697106514927,-0.1194495625641407,0.009508719433600259,-0.04049618672750532,0.013869257965506865,0.4009592433632993
9101,2023-11-01,3372.119873046875,3429.887099609375,3359.0498958333333,3326.878232421875,0.009670225708272584,-39.19701359447299,-29.221693373365877,7123900,1.0956778255934492,True,False,False,False,True,-0.0545502408268977,0.006556438986867,-0.0923158207896921,-0.0249148524677779,0.006556438986867,-0.0923158207896921,0.0469447198249257,0.0576974255665347,-0.0923158207896921,0.1463413910148874,0.2247572690352892,-0.0923158207896921,0.016842311389514586,-0.03320858762414103,-0.012366243357360807,0.3576869946441904
6146,2023-11-02,27284.833984375,27393.546640625,26301.195260416665,26031.006197916668,0.010379508976553486,-138.59886667574756,97.1150566004604,1688700,0.979581182203144,True,False,False,False,True,0.0393420537894684,0.0665237716764697,0.0098356208215772,0.1469957948680138,0.1573677555949151,0.0098356208215772,0.1205294121226199,0.1688127075701813,0.0098356208215772,0.2027898683126894,0.2614450723488515,0.0098356208215772,0.003968549880605064,-0.021411652269560655,0.02287675541961076,0.5275325335178266
7267,2023-11-02,1404.1185302734375,1455.4094482421874,1402.5139078776042,1391.8435628255208,0.007666339333726624,-21.337541503502507,-10.874796621067988,26008400,1.6234616816689538,True,False,False,False,True,0.0082644362257759,0.0565797585281837,-0.0244755501964357,0.0336935175790318,0.0565797585281837,-0.0244755501964357,-0.0534011664728978,0.0565797585281837,-0.059122717515036,-0.0483153328147811,0.0565797585281837,-0.1188811162192691,0.035241572762014145,-0.034249537714908795,0.0649699209142276,0.3092822306283393
6701,2023-11-06,1485.0599365234375,1492.0594580078125,1473.4431624348958,1466.2548128255207,0.004902524135980801,-27.98357312488929,-22.906645025413148,12072000,1.5050445547794702,True,False,False,False,True,0.0080219563160452,0.0339293859890805,-0.0436611400332032,0.0866649443254432,0.1016570864992609,-0.0436611400332032,0.0435296673549729,0.1144134934413156,-0.0436611400332032,0.0978432567012046,0.1229616643603266,-0.0436611400332032,0.004691181337854137,-0.02774023030328654,0.03823545413194984,0.3997757020799182
8591,2023-11-06,2478.619873046875,2481.49087890625,2463.1834212239582,2451.178968098958,0.004897420090998139,-10.947011943431336,-11.102713699098931,8169700,1.6902909186458142,True,True,False,False,True,-0.0151234773714699,-0.0033196282571785,-0.0420509415355859,-0.0009221440351159,0.0084839794011419,-0.0420509415355859,-0.0066394961520038,0.0167834395271491,-0.0420509415355859,0.0177058155650859,0.023607697786558,-0.0529324003169559,0.0011569681290307943,-0.0342893563712976,0.023564767947222398,0.3462759838366404
9432,2023-11-09,156.2376708984375,160.36227172851562,155.69307779947917,154.91573201497397,0.005017862126682315,-0.1666939337915778,0.4623563783067024,167375100,0.9701896194265032,True,False,False,False,True,0.0135532178710975,0.0371243392977607,-0.0035356095211687,0.0159103374563149,0.0371243392977607,-0.0035356095211687,0.0047141415064781,0.0371243392977607,-0.0035356095211687,0.0642311424573345,0.0642311424573345,-0.0129641594523747,0.025720518832888836,-0.049676872827421725,0.014764322318248757,0.19219558461792702
8309,2023-11-10,626.2784423828125,636.03943359375,623.6402848307291,620.797919108073,0.004578568379771442,-2.524671303485434,-0.8512714045068177,9153600,0.801047340343606,True,False,False,False,True,-0.0324099746748496,0.0083287923597539,-0.0537751735873436,0.0052507829200154,0.0083287923597539,-0.0537751735873436,0.0144848243037241,0.0237190068149835,-0.0537751735873436,0.0354879559837855,0.0630091868856859,-0.0724245519532669,0.015346518934818164,-0.0402133757518478,0.04009701893314466,0.26327553316609503
8411,2023-11-10,2251.92431640625,2323.88259765625,2250.9105517578123,2235.1177392578124,0.0070657631240687024,-13.310285665301308,2.074832247063943,9408000,0.705104928202286,True,False,False,False,True,0.0345107407054861,0.047375900587562,0.0014292681444341,0.0520725438595159,0.0526851637414218,0.0014292681444341,0.0234836048422995,0.0565651384393397,-0.0142945493003274,0.0285889390172164,0.0565651384393397,-0.0633041814253986,0.03096468011016274,-0.050272543040553286,0.04946337062789019,0.3327721910258877
7267,2023-11-14,1427.7734375,1445.6082861328125,1416.7385807291666,1407.5522347005208,0.006526469002125834,-10.350787757056878,-11.10754503902118,16928900,0.9192745241780024,True,True,False,False,True,-0.0434511025690131,0.0200063393562814,-0.0515786422203875,-0.0590809758966922,0.0200063393562814,-0.0650203318627928,-0.0815879695493967,0.0200063393562814,-0.0931541405186653,-0.0237574724357746,0.0200063393562814,-0.1334792204450353,0.012337262316421148,-0.07063242066303355,0.04912134417093439,0.33393182125234017
8309,2023-11-14,629.340087890625,635.0869165039062,624.6533341471354,622.1657104492188,0.003998329795643185,-3.017489780033202,-1.658157963612903,9182400,0.7937320203584864,True,False,False,False,True,-0.0329728871038883,-0.01243250016127,-0.0583784160073155,-0.0090090221147911,0.0099098965539263,-0.0583784160073155,0.0003603880397722,0.0187387667845373,-0.0583784160073155,0.0481082149464442,0.0603604684476233,-0.076937067933598,0.009048885221753499,-0.03532292696566941,0.032498090929690804,0.2553738289893282
8267,2023-11-22,994.6315307617188,1009.0470092773436,990.6729060872397,989.8955240885416,0.0007853172176062184,1.6681749066808609,6.504762340631927,2732100,0.5784591150026519,True,False,True,False,True,-0.0026067677901929,0.01303356912922,-0.0211795921513673,-0.0022809218164189,0.01303356912922,-0.0211795921513673,0.0231345732212415,0.0270446011002705,-0.0211795921513673,0.1208862175928229,0.1713911877749563,-0.0211795921513673,0.014286230852563427,-0.055108436405384875,-0.04721804886555914,0.18209282806878377
8267,2023-11-30,992.0387573242188,1009.682216796875,990.7787963867188,990.6729060872397,0.00010688724686880313,-1.9444780609605916,1.573615268538729,11432100,2.52241458627754,True,False,False,False,True,0.0003266975985511,0.0120875000905291,-0.0130676551698024,0.0016334879927557,0.0140477486773729,-0.0130676551698024,0.0372427264102031,0.0457366423891845,-0.0179679936737416,0.1541980056926595,0.174452713279037,-0.0179679936737416,0.017474269804046354,-0.08672730448502342,-0.011747195051648118,0.15333883240867058
2503,2023-12-06,1925.234130859375,1941.3894189453124,1902.11802734375,1896.5397412109376,0.002941296726664433,-7.418389274555011,-1.3573072402907411,3006600,1.015566548387696,True,False,False,False,True,-0.0068203961089858,0.0035278409071293,-0.0138758740734297,-0.0282220138860445,0.0035278409071293,-0.0319849363590283,0.0025675397891313,0.0035278409071293,-0.0319849363590283,0.0233897586776363,0.0365528682683948,-0.0319849363590283,0.00832150826015833,-0.05204144962724133,0.01798974921431551,0.14914742248779764
6273,2023-12-06,70008.9296875,71652.6046875,68030.94604166667,67788.36791666667,0.0035784623889780764,86.39603955642087,711.0428758794076,166500,0.7545032287300328,True,False,True,False,True,-0.0164452235613247,0.0056185987553458,-0.0397423490500399,0.0546799666069384,0.0564615206045853,-0.041798078262521,0.0475537551403877,0.0698917015150455,-0.041798078262521,0.0844181372844958,0.1893928486893787,-0.041798078262521,0.02293950104352238,-0.06373868494271162,0.021566257245470455,0.22191487044138555
7269,2023-12-06,1409.0552978515625,1446.377802734375,1397.3121712239583,1385.4131315104166,0.008588802461088951,-6.338539193660381,3.4347208139716354,5328000,0.6736475841996262,True,False,False,False,True,-0.0460039741900294,0.0006715707316466,-0.0690059902998438,-0.0307252519951302,0.0006715707316466,-0.0873069150920843,0.0172934530516857,0.0611150117566665,-0.0873069150920843,0.1863666759912365,0.1910678546249238,-0.0873069150920843,0.025804118959966385,-0.03605743473534928,2.56292796403379e-05,0.29847280304326107
9432,2023-12-06,159.55209350585938,159.72516845703126,158.59165751139324,157.91451883951822,0.004288007694613238,-0.3837675560594391,-0.2929678527300417,142109800,1.007486112307955,True,False,False,False,True,-0.0080785883792193,0.0023080412392582,-0.0161570811232846,-0.0230813531915268,0.0023080412392582,-0.0334681455321722,0.0103866471902487,0.0121176788851105,-0.0334681455321722,0.0582802542288429,0.1130986322122273,-0.0334681455321722,0.0010835797065911008,-0.03441001459415638,0.012328534198394081,0.1996872243407441
2503,2023-12-11,1920.2535400390625,1938.763271484375,1906.084410807292,1899.4617008463545,0.003486624635804292,-6.235867935122997,-3.968285869297001,2067700,0.7416480749503225,True,False,False,False,True,-0.0254656542355952,0.006130706335123,-0.0282951756847055,-0.0068380227042416,0.006130706335123,-0.0294741809616986,0.0325226752219875,0.0392413912122771,-0.0294741809616986,0.0354022006752774,0.0450003670778293,-0.0294741809616986,0.0095471849078,-0.04273164175506938,0.015201779219847111,0.1467431220414051
5802,2023-12-11,415.8377685546875,421.6938269042969,404.97583536783856,403.754053141276,0.0030260556322763144,3.0187923772089107,5.806247923093961,11151200,1.2327543512098489,True,False,True,False,True,-0.0243563636214191,0.0190977027401051,-0.0456682825694096,-0.0124549286476055,0.0190977027401051,-0.0456682825694096,0.0584002609096669,0.080265747471347,-0.0456682825694096,0.1497371382072676,0.1627456450834603,-0.0456682825694096,0.013886990930361455,-0.004841880947465738,0.02800553555041385,0.2829909550826555
6273,2023-12-11,68502.6328125,71668.3390625,68219.53348958334,67928.87635416667,0.004278845036405965,-377.60249583036057,241.51709517777917,142200,0.6504585687166937,True,False,False,False,True,0.0212885293984481,0.0239496279885023,-0.0207282813646011,0.0487395728517277,0.0796919370383613,-0.0207282813646011,0.1813727049952573,0.1899161234901845,-0.0207282813646011,0.1385155474749659,0.215546277507683,-0.0207282813646011,0.04417161457082572,-0.07421113727787643,0.03165056958712231,0.24024793751588824
6954,2023-12-11,3805.446533203125,3806.39380859375,3764.0902962239584,3760.697809244792,0.0009020897586684562,33.79426215385729,46.36136978814767,3247700,0.8239223391611097,True,False,True,False,True,0.0134428392077068,0.0256409966926436,-0.0134428855788519,0.03335827060682,0.0492906040595098,-0.0134428855788519,0.0950959539706817,0.1152602577378163,-0.0134428855788519,-0.0144386621021255,0.1204880168034057,-0.0229026895642532,0.0002488642632000148,0.026031690124629803,-0.006966029329570467,0.24472630840812903
6273,2023-12-13,68857.6171875,71267.300625,68316.71078125,68030.94604166667,0.004200511035203247,-512.2589742887358,-26.372033706975003,142400,0.66436502752636,True,False,False,False,True,0.0723144169212397,0.0741257588417148,-0.0257767592700792,0.0546190480242574,0.0741257588417148,-0.0257767592700792,0.1704056434388217,0.1837817022213017,-0.0257767592700792,0.1251219823514895,0.2092797241003867,-0.0257767592700792,0.033811908355831644,-0.062545982203143,0.04967044610081606,0.24516303187892746
8267,2023-12-14,993.6592407226562,999.8687719726564,990.9170914713542,990.3470483398436,0.0005755993643503654,-2.191075496762437,-1.9068350388502624,3314700,0.6818560505544825,True,False,False,False,True,0.024135704709175,0.0280495585287312,-0.0195695150985599,0.0355511660146339,0.0440312299110627,-0.0195695150985599,0.1529679185887715,0.1725373875354405,-0.0195695150985599,0.1630787820698787,0.1855837592047655,-0.0195695150985599,0.006210346221483934,-0.01939902613361688,0.03265246577979097,0.14800882030549556
5802,2023-12-15,406.05474853515625,420.69940673828125,405.5066125488281,404.7129361979167,0.001961084709492189,0.0012253756701738,3.0664604698815587,12105600,1.4170894507280003,True,False,True,False,True,0.0099205582731243,0.0274943173220112,-0.0113379853613813,0.0178570650166749,0.0286280392496556,-0.0113379853613813,0.0816325334246432,0.1062924383844594,-0.0113379853613813,0.2117346513145366,0.2182539254619597,-0.0113379853613813,0.03481026587764005,-0.04494675015485916,-0.010542307786023941,0.28773151994529156
6273,2023-12-15,70076.0859375,70959.51875,68416.134375,68155.94895833333,0.003817501196054396,-492.2167075560428,-212.1704706802194,285000,1.458136143869433,True,False,False,False,True,0.0225902894164478,0.0554490782992833,-0.0157448301761299,0.0372398795550239,0.0554490782992833,-0.0157448301761299,0.1184281950678831,0.1753833217290612,-0.0157448301761299,0.1529298678590314,0.1882530138594764,-0.0157448301761299,0.012449814035696274,-0.006372075819946255,0.0879124378458861,0.272640052277954
7309,2023-12-15,20502.9921875,21372.07109375,20475.68640625,20450.28583333333,0.0012420644446575757,-133.52319439257917,79.78452027571313,430000,2.229770022556976,True,False,False,False,True,0.0234610382707096,0.0292682764007288,-0.0178861788617887,0.0210092238823373,0.0306620664294627,-0.0178861788617887,-0.003773744152435,0.0752510889528301,-0.0178861788617887,-0.0430523098191079,0.0752510889528301,-0.0902800546989961,0.04066423429146051,-0.02595417492257268,0.0821489922182318,0.2828505762348193
6178,2023-12-18,1180.3287353515625,1199.2176611328125,1161.342188313802,1149.372657877604,0.010413968310591715,-3.64633730649075,1.3067863660412775,23214200,2.5684908393052943,True,False,False,False,True,-0.0183808407950438,0.0168167278360005,-0.0230739899265371,0.0101681070916233,0.0168167278360005,-0.0328508912354919,0.0477121655623242,0.0637465809367383,-0.0328508912354919,0.1052014049068734,0.1337505186262331,-0.0328508912354919,0.01575104036026874,-0.009522208486981598,0.06299120723278884,0.22785791673646297
7309,2023-12-19,20502.9921875,21301.394140625,20482.22703125,20481.211015625,4.960720458502266e-05,-183.1435917572053,-12.028170256589146,238800,1.150538411505384,True,False,False,False,True,0.0167247882645178,0.0306620664294627,0.0037166575487734,0.0212429931149531,0.0306620664294627,0.0037166575487734,0.0182037073094896,0.0752510889528301,-0.003773744152435,-0.0533395849614938,0.0752510889528301,-0.0902800546989961,0.03748120652827729,-0.024853466353588205,0.11656317786809423,0.2826157650267482
7751,2023-12-19,3324.6591796875,3371.229306640625,3295.230244140625,3289.42841796875,0.001763779427508494,-6.115216722878358,14.071140040932258,5393700,1.2815398341318651,True,False,False,False,True,0.0005407626662858,0.007841937586277,-0.0110871660993366,0.0183459095166886,0.024409132793919,-0.0110871660993366,0.0390159823125666,0.0547251499013063,-0.0110871660993366,0.1591780143112648,0.1790213888836918,-0.0110871660993366,0.01381398971033846,0.01748957549870389,0.022809404709815073,0.21595502327030885
8697,2023-12-19,1336.18798828125,1382.6205029296875,1334.5143636067708,1323.6161197916667,0.008233689248827947,-18.894159230873584,-12.345472801566476,3318200,0.9142734333885316,True,False,False,False,True,-0.0093749783026793,0.0472222671010735,-0.0170138673588802,0.0434026807108169,0.0624999011564393,-0.0170138673588802,0.1413193542292692,0.1611110831008781,-0.0170138673588802,0.3194444901230142,0.3631944916376193,-0.0170138673588802,0.03358297851800251,-0.04819177609067837,0.10900875525045173,0.1664487174612199
8766,2023-12-19,3232.669677734375,3366.649921875,3224.7816634114583,3199.979449869792,0.007750741506379111,4.100974339802178,41.789882560391575,6145800,1.17821628429946,True,False,True,False,True,-0.0065979080908827,0.0261043472632522,-0.0197935150413481,0.0197933466580924,0.0261043472632522,-0.0197935150413481,0.0989672619508399,0.1179000577478037,-0.0197935150413481,0.2596097051472261,0.2966148025822006,-0.0197935150413481,0.039796310055904754,-0.04093769923704105,-0.016394715812725558,0.2792737971577669
1925,2023-12-20,3823.229248046875,3909.1644921875,3802.8223274739594,3790.158323567709,0.003341286253796927,-2.86106814169716,19.800578783622463,1434500,0.820154826020834,True,False,False,False,True,0.0187952743390511,0.0216868408698147,-0.010361366181519,0.0903614169319986,0.095662621611005,-0.010361366181519,0.1060241774764627,0.1368674748064933,-0.010361366181519,0.0498796068722326,0.1368674748064933,-0.010361366181519,0.021983020748389405,-0.005637003786062245,0.029543714090452755,0.23117483707743328
5108,2023-12-20,2670.022705078125,2703.717216796875,2649.501630859375,2641.081025390625,0.003188317733457069,-0.9609766588891944,12.320809529079458,4300800,1.2409041334618247,True,False,False,False,True,0.0,0.0134679726299715,-0.0097641956859976,0.0150685604137297,0.0210617114957947,-0.0119863049712692,0.0859588971265075,0.0957191710363485,-0.0119863049712692,0.0979452769386086,0.152397231265541,-0.0119863049712692,0.012462291362951204,0.00727888753686412,-0.011616642271103261,0.2014604605176345
6178,2023-12-22,1171.0965576171875,1193.91841796875,1169.0718050130208,1159.0986181640626,0.008604260839129463,-7.732881107546518,-3.47147050368665,6614000,0.6558654791541576,True,False,False,False,True,-0.0070950255185137,0.0055184397259393,-0.0252265050056118,0.0279857776358316,0.0480883116144983,-0.0252265050056118,0.1198265764664714,0.1426882840276566,-0.0252265050056118,0.1202207966687871,0.1426882840276566,-0.0252265050056118,0.019115091959457327,-0.007930378717928788,0.03881939043532723,0.22818760274330668
9434,2023-12-26,155.77857971191406,159.9585418701172,155.77028462727864,155.2700941975911,0.0032214215639685406,-0.8230162463084412,0.1487761954418807,45718000,0.5514068908372838,True,False,False,False,True,0.0495507686521001,0.0611416105436481,0.002897650724821,0.1057663722725938,0.1072152275590017,0.002897650724821,0.1379309939509878,0.1570557467779498,0.002897650724821,0.1405388621235652,0.162561473381283,0.002897650724821,0.026131534517219855,-0.015002473757035006,0.015100621929396096,0.12585462020709112
7733,2023-12-27,1979.2685546875,2049.62123046875,1971.1628450520836,1969.16046875,0.0010168680175439704,-15.694526858036395,-3.3497595326931884,3446400,0.8030992397541581,True,False,False,False,True,0.001459155967793,0.0124027358654499,-0.0364785995743712,0.0885213475029986,0.1067606462212122,-0.0364785995743712,0.0452334032803902,0.1135700747270469,-0.0364785995743712,0.0369649555869904,0.1135700747270469,-0.0586089338207221,0.034324720458306535,-0.06669862083202571,0.0410554443178488,0.26448901771125183
8697,2023-12-28,1355.2100830078125,1357.57626953125,1349.2561962890625,1339.8154931640624,0.007046271052370878,-12.617618202183394,-13.54834914253072,2589000,0.6775553572409967,True,True,False,False,True,0.0448477154456978,0.0530640518724458,-0.0068468895973839,0.1201643217036825,0.1448134143573087,-0.0068468895973839,0.1242725444453962,0.1547416032476445,-0.0068468895973839,0.3813762730838135,0.3817186216025454,-0.0068468895973839,0.0017429492372127264,-0.02742484210728624,0.026452390875760567,0.2375919782891516
8766,2023-12-28,3258.634765625,3345.35845703125,3243.82396484375,3232.060846354166,0.0036395102223565345,-26.14568440871153,-9.14798623528324,2965000,0.6430003502345921,True,False,False,False,True,0.0221968106371233,0.0321570750181123,-0.0193512622805313,0.0768354480074273,0.1089925319463382,-0.0193512622805313,0.1183835644600492,0.1198064443130517,-0.0193512622805313,0.2657938254193634,0.286283262004386,-0.0193512622805313,0.025923587119333902,-0.03169616084504134,0.015090703075298917,0.2644041263406254
4507,2024-01-04,2171.065673828125,2179.376318359375,2155.7471630859377,2147.333601888021,0.003918143501558946,-14.829209213009108,-10.640922646522233,3989400,1.4011463733299616,True,False,False,False,True,0.0549941890441414,0.0642321347943211,-0.0064953385844658,0.053262203710128,0.0642321347943211,-0.0064953385844658,0.0062066743621302,0.0835737720302458,-0.0064953385844658,0.1280311851819782,0.1352483105380035,-0.0064953385844658,0.0038133132223379888,-0.01284775803884719,0.013898255998755937,0.19180940501548852
7733,2024-01-09,1982.1566162109373,2014.310146484375,1974.1599853515625,1971.1628450520836,0.0015204935031127853,-19.93945382090874,-14.659621958289138,4015800,1.043159767771096,True,False,False,False,True,0.0869353393160303,0.1051480628300389,0.0174841905280438,0.0947060835172095,0.1119475697947081,0.0174841905280438,0.0441962462095451,0.1119475697947081,0.0174841905280438,0.0390967954024883,0.1189899011134827,-0.0599805687836231,0.015962551908680078,-0.0551857863917109,-0.0044973460084769545,0.19958161991292933
6702,2024-01-18,1921.4114990234373,2034.5018017578125,1912.084254557292,1898.629239908854,0.007086699375326244,-17.796306281923762,1.7368607909992857,15141000,2.1296556768313266,True,False,False,False,True,0.0578573224246219,0.0783222614588505,-0.0053057631535747,0.0651843562627496,0.0972712664253134,-0.0053057631535747,0.1940373323012416,0.2152600042410748,-0.0053057631535747,0.2698330510731024,0.2718542735976914,-0.0053057631535747,0.05558623867359813,-0.11405975038551375,0.057626761732188836,0.22015929069746454
7309,2024-01-22,20876.22265625,20907.057890625,20804.117630208333,20688.88802083333,0.005569637636347213,-54.19665420702222,11.921530596644756,183800,0.951912370199653,True,False,False,False,True,0.0032146320771258,0.0408724208318895,-0.0151550544400287,-0.0080368608649979,0.0408724208318895,-0.0431688801762716,-0.070264222922572,0.0408724208318895,-0.1065442614574092,0.049138776115845,0.0555681667333201,-0.1065442614574092,0.0014748720042922962,-0.07384240186816471,-0.06480241002584819,0.2230635737631019
7309,2024-01-29,20943.33203125,21048.3521875,20920.432109375,20804.117630208333,0.005590935469321545,-53.426843996297976,-19.545190845126847,169300,0.8051361312566877,True,False,False,False,True,-0.0112154394307705,-0.0073244192985139,-0.0462348841118491,-0.0137331150110613,-0.0073244192985139,-0.0462348841118491,-0.0425727497918956,-0.0073244192985139,-0.1094071896731435,0.0347904025986791,0.052185776584815,-0.1094071896731435,0.004989471637231962,-0.07739724130935621,-0.09912531143686998,0.25244441555386793
6954,2024-02-05,3855.6552734375,4000.9007421875,3843.428326822917,3837.5422200520834,0.001533822022876219,-19.49165771525213,16.35815880535101,3127100,0.7131625249296724,True,False,False,False,True,-0.0132677851704742,-0.010073754128403,-0.0356265514150136,0.0363636156406821,0.0388206180485546,-0.0449631600233089,0.1068795810537028,0.1216217402923893,-0.0449631600233089,0.0710429156036271,0.1253070988803242,-0.0449631600233089,0.036303192233303604,-0.07543354925782131,-0.07316631791985917,0.2796926306649348
4307,2024-02-07,4085.051513671875,4182.629375,3994.800690104167,3973.927972005208,0.005252414801173888,-5.840160567754538,30.02024904200314,1977200,1.532635952452008,True,False,False,False,True,-0.0241134385557193,0.0297872244343229,-0.034042487084425,-0.0118202614560721,0.0297872244343229,-0.0555555392087975,0.027659499063223,0.0569739171334038,-0.0555555392087975,-0.0094474955163258,0.0569739171334038,-0.0555555392087975,0.023329310961989175,-0.07541177972118318,-0.06610150593687347,0.3357012368039828
4507,2024-02-07,2208.984130859375,2237.300654296875,2206.468681640625,2201.5131673177084,0.002250958293815053,-2.2515449374359378,7.434382440152712,3600300,1.0969484522890036,True,False,False,False,True,-0.0076605888219041,0.0317775149382049,-0.0153212501990791,0.0139025214304289,0.0317775149382049,-0.0153212501990791,0.1227123256755444,0.1543479076661322,-0.0153212501990791,0.0796508708721122,0.1543479076661322,-0.0153212501990791,0.01265655708056781,-0.05587168229622941,-0.11023787259634987,0.17751039821304102
3407,2024-02-13,970.45263671875,1009.6764428710936,952.143279622396,944.549317220052,0.008039773322471078,-3.12796766949441,7.763328313394848,5539500,1.4052511415525115,True,False,False,False,True,-0.0004749716601919,0.0052257414291985,-0.0475059035444366,-0.005700666218194,0.0118764694543058,-0.0475059035444366,0.0190024513367885,0.0323040694763587,-0.0475059035444366,0.0889506447086194,0.0923293755114387,-0.0475059035444366,0.03884789669927099,-0.08556069481874451,-0.07018292552476701,0.2818629614928863
4307,2024-02-13,4119.81787109375,4186.221943359375,4010.600091145833,3984.2806412760415,0.006605822290008723,-18.11488505255693,6.583108507642477,2555100,1.8881002612200863,True,False,False,False,True,-0.0431317183862729,-0.0159399445136456,-0.0541491153833139,-0.0300046685069678,-0.0098452906851601,-0.0635255259209188,-0.0187528437417887,0.0480543157970214,-0.0635255259209188,-0.0326740375900738,0.0480543157970214,-0.0635255259209188,0.015862530263346806,-0.08782632772989973,-0.06594967998771772,0.3588316303979507
4452,2024-02-13,2675.5615234375,2744.528603515625,2675.3144140625,2664.68818359375,0.0039877950951914265,-14.517200439240696,-1.3811295017730545,3333800,1.0771149422316422,True,False,False,False,True,-0.006516411019153,0.000176086123423,-0.0387460096839343,0.009686470604338,0.0154983759819662,-0.0387460096839343,-0.0079253770838846,0.0211343212737811,-0.0387460096839343,0.075730945059357,0.1095455078828184,-0.0387460096839343,0.02512893470659447,-0.08859714535462637,-0.10057958288398483,0.18598168382047323
4661,2024-02-13,5191.46044921875,5373.9877734375,5159.442897135416,5124.681451822917,0.00678314264784885,-52.24974733680392,-6.952266251599259,4428700,1.158549426114254,True,False,False,False,True,0.0274442206256122,0.0587001625186252,-0.0163902555557587,0.0150561821636361,0.0587001625186252,-0.0163902555557587,-0.0627025056453981,0.0587001625186252,-0.076996324931796,-0.0936370961514604,0.0587001625186252,-0.1138718277946919,0.03396496827196833,-0.08968535909407171,-0.09005915351788119,0.2412788670128475
1925,2024-02-16,4011.16650390625,4101.00775390625,3976.36740234375,3954.3677115885416,0.005563390245863387,-18.38601783544027,3.398132314041745,2119300,1.1967665336800586,True,False,False,False,True,0.0057418444530277,0.0158475308968999,-0.0130914594212236,-0.0009186391164606,0.0158475308968999,-0.0192925512065705,0.0096462889426478,0.0174552206957854,-0.0346807181964998,0.0086065279921079,0.0654064831026575,-0.0346807181964998,0.02190711537046613,-0.061395700256812735,-0.08121403763107704,0.22284782162236036
4507,2024-02-16,2241.26171875,2248.494462890625,2211.3949576822915,2206.949189453125,0.0020144406814674998,1.3993108951021895,3.787661415183372,3905700,1.114950649795534,True,False,True,False,True,0.0282436955676821,0.0295020846848066,-0.0152404816410206,0.0791387297542713,0.0794183035386772,-0.0152404816410206,0.0963367060964195,0.1377235367886278,-0.0152404816410206,0.0214137849599922,0.1377235367886278,-0.0152404816410206,0.003216705337724863,-0.07907746759250545,-0.10063634126940335,0.20013808996221402
4578,2024-02-16,5368.0009765625,5481.87630859375,5285.184231770833,5249.444420572917,0.006808303571678831,-34.97660942366565,2.620803453536721,1735600,1.5174379464402807,True,False,False,False,True,0.0303462921285766,0.0378436144205724,-0.0191004265956348,0.0790788077425674,0.1019277394576223,-0.0191004265956348,0.1288823946443342,0.1353086701356682,-0.0191004265956348,0.1310246281813545,0.1620848815989182,-0.0191004265956348,0.020773057548330923,-0.09357790279295874,-0.07818530715634098,0.26036458942743895
7733,2024-02-16,2084.200439453125,2101.97166015625,2048.2220914713544,2035.6880110677084,0.006157171597759747,-7.063548677717336,2.37141819856481,7047500,1.6455144990899762,True,False,False,False,True,0.0346421440607433,0.0376444538537767,-0.0108542770083687,0.0120094156123691,0.0642034201601544,-0.0277134994974196,0.0055427711630178,0.0642034201601544,-0.0418013132584236,0.0432362624071895,0.0679199775445025,-0.0452525588278605,0.008454548193958028,-0.08460778274717629,-0.10149701826249546,0.281521897027411
3407,2024-02-19,967.6865234375,1000.3453442382812,957.772674967448,950.5721150716146,0.00757497488266945,-11.265843164032844,-3.024528294079642,2858100,0.6669295711545552,True,False,False,False,True,-0.004287847243597,0.0147688988447649,-0.0119104597775097,0.0076227204057679,0.0352548907678691,-0.017151004357627,0.0666983462692412,0.0762267811454664,-0.017151004357627,0.0625348795199569,0.0954517779836447,-0.017151004357627,0.03264754615882123,-0.10959157849139634,-0.08354651373811994,0.31550991780984167
6954,2024-02-19,3869.865478515625,3925.151767578125,3859.962490234375,3844.50197265625,0.004021461736289034,-49.12136682878236,-45.568016546687005,3175400,0.7024995879556961,True,False,False,False,True,0.0746633849324922,0.0756425770827722,0.0044062996708851,0.1099142266949104,0.1175031281498939,0.0044062996708851,0.0859241476025851,0.1211749540448678,0.0044062996708851,0.0789833731931466,0.1211749540448678,0.0044062996708851,0.014085134113581697,-0.0803433112106976,-0.09656134514313686,0.26863946870930244
4578,2024-02-20,5326.796875,5459.49208984375,5300.96025390625,5263.606158854167,0.0070966736349085124,-37.244050546271865,-11.9328511133316,862000,0.731736303288569,True,False,False,False,True,0.106673767654694,0.1104514251840744,-0.0030581753392566,0.0840078355308509,0.1104514251840744,-0.0030581753392566,0.152725202763152,0.1568626371675765,-0.0030581753392566,0.1142289866975638,0.1710738978143426,-0.0030581753392566,0.024305413884672937,-0.08869607618782172,-0.08768610283120748,0.2624653145724481
6723,2024-02-20,2387.28955078125,2441.119130859375,2369.815369466146,2345.6479459635416,0.010303090685110039,1.3976992349621469,10.446680401221936,20937200,0.7867427762356877,True,False,True,False,True,0.0324158359017656,0.0778796914385706,-0.0193679297906698,0.0880733515245637,0.1274209884700576,-0.0193679297906698,0.0574923877656918,0.1274209884700576,-0.0291539267726567,0.039959244607826,0.1635066008746932,-0.0291539267726567,0.022051189308067473,-0.10748760616596453,-0.088914080221274,0.523995307646675
4507,2024-02-22,2239.694580078125,2242.590478515625,2215.0259375,2210.254270833333,0.0021588767996669755,1.0094517776255998,2.228240733230799,4721100,1.428668697203397,True,False,True,False,True,0.0649224655156119,0.0687002748138541,0.0032181351286539,0.1073178160081946,0.1385196143289599,0.0032181351286539,0.0930461775390736,0.1385196143289599,0.0032181351286539,0.0279278278582602,0.1385196143289599,-0.0010695994980681,0.001291318439654087,-0.07893871721522172,-0.09634105135547033,0.1951104182258662
4307,2024-02-29,4059.9423828125,4067.513935546875,4044.0015852864585,4039.275927734375,0.0011699268969560528,-27.94603632274584,-31.54457942237797,2787400,1.7244974031076097,True,True,False,False,True,0.0468602709253733,0.0635108809367825,-0.0097525151837212,-0.0099904242598886,0.0635108809367825,-0.0221217285277276,0.013681089127987,0.0635108809367825,-0.0337772293023637,-0.056483997978535,0.0635108809367825,-0.0849810548923812,0.0018614694022817224,-0.10061802735124603,-0.11769330900050035,0.36125912138246236
1925,2024-03-01,4036.961669921875,4050.08052734375,3997.359837239583,3990.567080078125,0.0017022034776383865,-16.857024127042678,-15.638048899189828,1463000,0.7998972107480379,True,False,False,False,True,0.0073026377658349,0.0109539386730062,-0.0182564200759268,-0.0045640881273172,0.0109539386730062,-0.0408488647304963,0.0274771180246979,0.0585988046174941,-0.0408488647304963,0.0311931465804113,0.0585988046174941,-0.0408488647304963,0.003239159649617876,-0.1056767028241592,-0.09844077723611577,0.15080547356706706
7733,2024-03-06,2073.1298828125,2082.15974609375,2071.0825227864584,2065.4283821614586,0.002737514732455981,-0.3434906486791078,2.350424474467894,4857500,0.9750384144058788,True,False,False,False,True,-0.0127699451454035,0.0271651786710895,-0.0222892756012016,0.0448107174905847,0.0471325190850084,-0.036684512365971,0.0010489263431603,0.0502117280096439,-0.0401541876584435,0.0694087291586684,0.1094413238798006,-0.0401541876584435,0.004336777376563258,-0.07663165214662071,-0.1357980609449958,0.3160041293157667
9202,2024-03-13,2978.2041015625,3035.127666015625,2975.8653255208333,2970.848209635417,0.0016887823043749695,-16.691569163700933,-5.5316933361024985,2170300,0.9184064254172988,True,False,False,False,True,0.011399634912635,0.0174160349937009,-0.001899905582293,0.0164660664508844,0.0309410579035078,-0.001899905582293,0.0039210658426243,0.0315843792991978,-0.0218122202496181,-0.0298538601250425,0.0315843792991978,-0.0499580646709385,0.018754916009134995,-0.04729858593801484,-0.1066024316875176,0.13435889729136535
5108,2024-03-14,2820.8974609375,2897.175927734375,2807.1034765625,2798.3841373697915,0.0031158478481456697,-15.505806564685829,0.8693525690753234,4094400,0.7983776616488574,True,False,False,False,True,0.0998378452668578,0.1058346033386046,-0.0063209478937226,0.080388884023016,0.1058346033386046,-0.0063209478937226,0.0815233440155591,0.1058346033386046,-0.0063209478937226,0.1189626874481366,0.1439221659846974,-0.0063209478937226,0.026328558810208517,-0.07311061218395709,-0.09703623333772704,0.1610578089298083
8001,2024-03-14,1181.2152099609375,1236.6145947265625,1180.6282389322917,1176.679568684896,0.0033557736128697613,-9.692342223381049,0.1659891896042964,15176000,0.7840067985829398,True,False,False,False,True,0.0584581329125206,0.0680153169568775,0.0027079618557765,0.0431915829200906,0.0680153169568775,0.0027079618557765,0.0959153166196713,0.1349343328470731,0.0027079618557765,0.1499290808726074,0.2063615014413626,0.0027079618557765,0.0447992325190653,-0.08171499902985768,-0.04995862626347369,0.17035828297898778
8002,2024-03-14,2239.45654296875,2269.1125,2203.797708333333,2199.3850325520834,0.002006322547411843,-0.2823284602191052,13.910638962716456,5927200,0.8916253675179218,True,False,False,False,True,0.1052631177302843,0.1126934580175467,-0.0043343376748754,0.1046586140305472,0.1176470455030265,-0.0043343376748754,0.1235451847164894,0.1344573933327875,-0.0043343376748754,0.2637259405892238,0.2922657911917674,-0.0043343376748754,0.013069407987153647,-0.016334026762397702,-0.05902672620671856,0.24709871890210874
8830,2024-03-14,2179.697021484375,2209.956728515625,2153.5395003255207,2145.9762255859373,0.0035243981966848192,-16.310170486804964,-10.497986601884032,2788600,1.015572648078548,True,False,False,False,True,0.2114870913982343,0.2114870913982343,-0.0028939303887234,0.2993960935878528,0.3148437728534561,-0.0028939303887234,0.3287243704916611,0.3571570571053832,-0.0028939303887234,0.1628297098612585,0.3571570571053832,-0.0028939303887234,0.013692443223345223,-0.030294071913247622,-0.08475333156056908,0.2619142908543127
5108,2024-03-18,2890.39111328125,2892.7685546875,2811.445078125,2801.8491178385416,0.003424866894282008,-13.41882547633486,-5.031861227742299,4175000,0.801726736962579,True,False,False,False,True,0.0509331751673827,0.079247030078714,0.0033217732945693,0.042391605672148,0.079247030078714,0.0033217732945693,0.0713382045608082,0.079247030078714,0.0033217732945693,0.0947485446879907,0.1164188537353718,0.0033217732945693,0.0008218567650002786,-0.04449553738865686,-0.08619427936225499,0.18394387657070363
7269,2024-03-18,1494.6964111328125,1536.7976611328124,1490.1572233072916,1488.516953125,0.001101949278339065,-24.86436089589688,-15.808838429026526,6826000,0.6337905241538627,True,False,False,False,True,0.0691673268922108,0.0918011685451918,-0.0090218988982186,0.1204630336444294,0.1441122969689505,-0.0090218988982186,0.1418752485288765,0.1792667481675594,-0.0090218988982186,0.1415557595283387,0.2243280851802738,-0.0090218988982186,0.02739544122481683,-0.09530324061921058,-0.033236284050088605,0.23926952301247625
9104,2024-03-18,4243.3798828125,4454.28984375,4233.083450520833,4186.742936197917,0.011068392549794304,-86.61163226444296,-50.77413550230104,4193200,0.6816942211571992,True,False,False,False,True,-0.019298558117067,0.0099605033984004,-0.0390122255804691,-0.0591788081664891,0.0099605033984004,-0.0600284999179757,-0.0547179303423231,0.0099605033984004,-0.0647018150325593,0.0757097279977243,0.0876054972981448,-0.0647018150325593,0.04734985111789176,-0.12470076200108127,-0.02007156562041268,0.20575782709400464
6954,2024-04-03,4003.21533203125,4130.095205078125,4002.143870442708,3989.7727018229166,0.00310072015233831,-9.27653818386625,9.864523479895173,4117900,1.0569110907777264,True,False,False,False,True,0.0401722980245982,0.0542803378977196,-0.0040649822681605,0.0430416956096693,0.079148824458147,-0.0040649822681605,0.1183645714473899,0.1267336883836192,-0.0040649822681605,0.06025832506463,0.1353420145390427,-0.0040649822681605,0.030720810719053426,-0.07114309980307387,-0.12776558251741466,0.2301665872897273
9022,2024-04-03,3657.74462890625,3754.728623046875,3652.718753255208,3643.373004557292,0.002565136395923817,-10.768630199612744,21.953959364294665,8720500,2.902571391007537,True,False,False,False,True,-0.0236432462637802,0.0056422102546505,-0.0252552827311487,-0.0413755808422865,0.0056422102546505,-0.0413755808422865,-0.0276733162365117,0.0056422102546505,-0.0537345638205425,-0.0615260641983825,0.0056422102546505,-0.0854379399707123,0.025829827898966668,-0.01838007559854149,-0.12253151175400134,0.22907556659616998
7733,2024-04-04,2075.304443359375,2085.578271484375,2073.678876953125,2069.883077799479,0.001833822979837807,1.944758794325935,5.192521502892804,2904500,0.6472603693696203,True,False,True,False,True,0.0098223069916205,0.0238542066867295,-0.0149672476958738,0.0339102167215441,0.0724977212963036,-0.0149672476958738,0.0682881735513438,0.1082788210288567,-0.025724938973721,0.1749298595709143,0.2174930016162801,-0.025724938973721,0.004926129249365302,-0.008746236370404725,-0.09198846049821574,0.2580062890577173
7741,2024-04-04,18103.337890625,18781.01421875,17961.465494791668,17836.212643229166,0.007022390575167847,-88.77431855169198,43.83512698893665,974400,1.1316810294766673,True,False,False,False,True,-0.082747279102643,-0.0232557997115092,-0.1022172661028227,-0.0411032193756568,-0.0232557997115092,-0.1022172661028227,-0.0051377136187225,0.0146025822408659,-0.1022172661028227,0.0351542991737214,0.0705787507617257,-0.1022172661028227,0.036083052823017485,-0.06320555372612735,-0.05357886216823404,0.22708735412948824
9735,2024-04-04,5198.99072265625,5368.0740234375,5185.93935546875,5170.9796484375,0.002893012165648523,-26.17070098523345,12.150516742526875,1178400,0.975739008031796,True,False,False,False,True,0.0032482641753728,0.0116008802411136,-0.0176334842502611,-0.0018562046250525,0.0153132662566366,-0.0176334842502611,-0.0055685199566886,0.0408352961826052,-0.0208816002765508,-0.0930857880412298,0.0408352961826052,-0.1082133992312911,0.03149794508105081,-0.058641764318989376,-0.1062623207850697,0.24343337480284036
9735,2024-04-08,5196.57861328125,5358.66443359375,5193.00919921875,5178.0630924479165,0.0028864280917380025,-36.127142256128536,-4.753444946546178,660800,0.543926510655461,True,False,False,False,True,0.012070460648077,0.0148561039982104,-0.0167131662797763,0.0222840429959128,0.0241410530649335,-0.0204271203490901,-0.0176415653591187,0.0413184234019909,-0.0241411013161,-0.0999072312546387,0.0413184234019909,-0.1077994563314923,0.030247428686964485,-0.06354049527728911,-0.11580294494901344,0.24231250204315602
6752,2024-04-09,1334.681640625,1340.0230126953124,1328.6427750651042,1328.5543391927083,6.65654913667435e-05,-3.899512161581697,-0.3099043732441816,6225900,0.6553634135866407,True,False,False,False,True,-0.0049857724439787,0.0160256715298106,-0.016737777492823,-0.027065556509994,0.0160256715298106,-0.0445155352493833,-0.0584045016001885,0.0160256715298106,-0.0683760121732576,-0.0487891943742436,0.0160256715298106,-0.0683760121732576,0.003986030105235916,-0.023648345203426624,-0.14637286792649862,0.2256990147812003
4568,2024-04-12,4453.349609375,4557.116796875,4387.955491536458,4346.587620442709,0.00951732133483052,-46.8723319933988,-23.23040870008277,3985400,1.0480392981865612,True,False,False,False,True,0.0008635529348299,0.0021588897160227,-0.040803205101497,0.0816060812722165,0.0919687742664414,-0.040803205101497,0.1843695383785466,0.191709870207789,-0.040803205101497,0.2145941103847832,0.262521480653564,-0.040803205101497,0.022770359445506646,-0.05442003974032006,-0.08225251097443187,0.2583727442735929
7182,2024-04-18,1439.7901611328125,1495.4997998046874,1424.586064453125,1414.1072591145833,0.007410191321062021,-9.100998521892508,0.8366097760686899,5224300,0.7386116622968457,True,False,False,False,True,0.0319010279224818,0.0397135317727981,-0.0117187460517872,0.0156249880773335,0.0494792345315611,-0.0117187460517872,-0.0244140597677222,0.068033881315475,-0.0257161431047023,-0.0361328220215738,0.068033881315475,-0.0501302008139956,0.037251518642229586,-0.04475712363681006,-0.009466850690932338,0.21426851496565663
4568,2024-04-19,4457.1953125,4521.49056640625,4434.054986979167,4387.955491536458,0.010505916828834394,-56.47950793833752,-47.19458503155597,5970000,1.7785139428641223,True,False,False,False,True,0.0806728630497386,0.0910266150310536,-0.0094908652564067,0.1408542586513028,0.1906816535713993,-0.0094908652564067,0.17040564676848,0.2070751041693863,-0.0094908652564067,0.1512079529062033,0.2614321672034863,-0.0094908652564067,0.014219924372716918,0.0077213999657118615,0.01271119180637803,0.26635874232622275
2502,2024-04-22,1694.533203125,1700.898876953125,1683.130966796875,1681.8745361328124,0.0007470418494781583,-3.556556059396371,4.263916994651018,6030600,1.2849778027787278,True,False,False,False,True,-0.0124247061725378,0.0191850667973676,-0.0219257698247928,0.0020098524552185,0.0191850667973676,-0.0232048878047588,0.0681527280397324,0.0964735552685525,-0.0232048878047588,0.0407454002473486,0.0964735552685525,-0.0232048878047588,0.0037425351467854405,0.04082017667190729,-0.05637771642355616,0.21607693519637033
6098,2024-04-22,6269.22314453125,6544.8210546875,6191.225305989583,6162.35326171875,0.0046852303080691104,-14.01737332123139,60.211067774353936,4681800,1.2896454838443103,True,False,False,False,True,0.0941661541155176,0.0941661541155176,-0.0147432501780523,0.1044704767033333,0.1274571811248668,-0.0147432501780523,0.2317691001793,0.2840836808109441,-0.0147432501780523,0.3045338910346762,0.3226062380184751,-0.0147432501780523,0.042109311752513444,0.004292582689843338,-0.027566000152827064,0.2741934512188559
9020,2024-04-22,2804.385009765625,2810.4595703125,2774.1436881510417,2759.736038411458,0.005220662244160401,-5.62388806747822,-3.4347750803409944,2555200,0.8834506853554012,True,False,False,False,True,-0.0090768842496157,0.0030826994252033,-0.0262030668372525,-0.0181537684992314,0.0464120246048924,-0.0262030668372525,-0.0313410368684435,0.0464120246048924,-0.0474397101846203,-0.1245075961796366,0.0464120246048924,-0.1419763367631903,0.0021614118242589235,0.0038527398963350556,0.007524007359837048,0.20552448971748682
4063,2024-04-23,5962.517578125,6209.60294921875,5924.777233072917,5895.748125,0.0049237361327942875,-47.88970923219949,-8.827284926444735,4632800,0.7450651176105423,True,False,False,False,True,-0.0215849566743284,0.0457474707709393,-0.0686210646962666,-0.0655605214738295,0.0457474707709393,-0.0737758294046162,-0.0473582690564656,0.0457474707709393,-0.0737758294046162,-0.0211017132090477,0.0457474707709393,-0.0765141232401899,0.03979084864433024,-0.049013064752508106,0.006625174575748183,0.3226045508603
4507,2024-04-23,2326.322021484375,2372.4448046875,2321.7170377604166,2311.76421875,0.004305291573289516,-29.130191730881503,-21.48859625086402,1739700,0.8243187536425536,True,False,False,False,True,0.0062643941433251,0.0132099626750279,-0.0292795633787518,0.0198827426651198,0.028870893714695,-0.0292795633787518,-0.0574697372073486,0.0418084438379149,-0.0836170912533907,-0.1818058553105567,0.0418084438379149,-0.1849380538203272,0.019441035303327237,-0.005006622570361663,-0.022085576000959062,0.16468109784468776
9983,2024-04-23,41146.27734375,43357.9153125,40808.948125,40435.98182291666,0.009223624239339312,-852.7602400422402,-471.0584227563013,1745700,1.064983711367879,True,False,False,False,True,-0.0234707593819952,0.0279754878414681,-0.0317685315164042,-0.0346135505309895,0.0279754878414681,-0.0379326260136356,-0.0443337304493011,0.0279754878414681,-0.055002294609505,-0.0433854178978638,0.0279754878414681,-0.0720719907447476,0.05100886315243091,-0.05241526430192489,0.027708515802991718,0.2600227141458472
6146,2024-04-24,47458.82421875,52974.8134375,46267.79510416667,45294.49671875,0.021488226074355854,-738.5969142501199,497.2679859440729,3065200,1.163316735487005,True,False,False,False,True,-0.0400579153359832,0.0074333785324405,-0.07660550599753,0.0883748815482237,0.0883748815482237,-0.07660550599753,0.2758619951719661,0.2940325334986493,-0.07660550599753,0.304976131035958,0.3648564257861695,-0.07660550599753,0.10412475025056572,-0.09666988005778876,0.13335610217326743,0.4883487627492693
8015,2024-04-24,3082.829833984375,3129.83640625,2994.1286783854166,2968.1693196614583,0.008745915723877618,-19.051580966561687,3.4084242206819853,2854800,1.407713131851063,True,False,False,False,True,0.0177666259004023,0.0421320865202938,-0.03299488693101,-0.0181724934865181,0.0421320865202938,-0.03299488693101,-0.026497332638224,0.0421320865202938,-0.0593907625096904,-0.0746192902646977,0.0421320865202938,-0.1129948667201568,0.015018859187578339,-0.022738433907071864,-0.040023568872239235,0.31198385847829513
8035,2024-04-24,33297.5,36209.839140625,32363.55684895833,31787.53372395833,0.018121038580789506,-783.7271400329555,-55.95321404686861,5081400,1.2366557677869352,True,False,False,False,True,0.0057455514678279,0.0203965807234804,-0.0405055576346135,-0.0048836483594864,0.0640620707123718,-0.0405055576346135,0.0235564560027028,0.0787131266148444,-0.0405055576346135,0.0051709493956002,0.0787131266148444,-0.0453891891605732,0.08042949678165107,-0.08973156568983487,0.15755848788989724,0.5366111173674307
2502,2024-04-26,1692.0562744140625,1700.42826171875,1685.4551578776045,1682.11955078125,0.0019829786145730832,0.3792653803036501,1.9455124231175636,5979000,1.2189751556593964,True,False,True,False,True,0.0,0.0087831657954555,-0.0217749992752313,0.0633119128221868,0.0733759783881891,-0.0217749992752313,0.041719965443419,0.0980786359451801,-0.0217749992752313,0.0653247074143343,0.0980786359451801,-0.0217749992752313,0.004923458103563477,0.008769570507005109,-0.06930083544906274,0.216899324629654
8035,2024-04-26,32742.703125,35813.74453125,32607.20966145833,32038.35075520833,0.017755561470576886,-931.6511673061614,-366.0394744823608,4399400,1.0477593349631389,True,False,False,False,True,0.0598889399498838,0.0820916851087016,0.0029214274980255,0.0292141665151539,0.0820916851087016,0.0005842264499902,0.0335962258766624,0.0969909905218853,0.0005842264499902,0.0414840758890457,0.0969909905218853,-0.0292141319982782,0.08575035775916422,-0.10421315351306026,0.15910213577823207,0.5505365549293572
3407,2024-04-30,1031.01123046875,1031.015810546875,1009.0812727864584,1007.127771809896,0.0019396754128344629,-0.7334641449648416,3.536652298209721,5595300,1.5760298570523203,True,False,False,False,True,0.0290778736175183,0.0622446218621448,-0.0109039384320005,-0.0626987024931435,0.0622446218621448,-0.0667877532335999,-0.0840526049828771,0.0622446218621448,-0.0876873168678658,-0.0617899930428967,0.0622446218621448,-0.1124942019901428,4.442296692342719e-06,0.013262324505944001,-0.08737022928554328,0.19617900153068965
4507,2024-04-30,2336.143310546875,2349.537412109375,2328.133001302084,2319.103766276042,0.003893415705387371,-21.580352054654213,-23.49396373095441,1931700,0.9353369697057734,True,True,False,False,True,0.0155950933670874,0.0215620360180346,-0.0080012931410535,-0.022104866805736,0.0374286175539313,-0.0253595447147726,-0.053973609975626,0.0374286175539313,-0.0874696209325859,-0.1516138889518826,0.0374286175539313,-0.1890426595552713,0.005700739853499526,-0.036617890652009155,-0.03502926842411935,0.19786114888749862
5401,2024-04-30,598.3802490234375,602.14818359375,594.8053873697917,592.1760050455729,0.00444020409779422,-5.507539528697407,-4.578310089383773,27022000,0.9912674408154056,True,False,False,False,True,-0.0369951147823174,-0.0045184552829612,-0.0465969057853224,-0.0841570393381709,-0.0045184552829612,-0.0929115596140608,-0.0556339940321477,-0.0045184552829612,-0.0929115596140608,-0.0389719887938039,-0.0045184552829612,-0.0929115596140608,0.0062574872315061154,-0.02733565117407044,-0.06872728993624544,0.2272797606547076
7751,2024-04-30,3921.6767578125,4050.1023828125,3877.621917317708,3839.981155598958,0.009802329801506193,-32.91023776026395,-5.354689634581607,7344000,2.00040585576322,True,False,False,False,True,0.0135513573021743,0.0254672446286867,-0.0133178034838572,0.0142523389504001,0.033177541454811,-0.0133178034838572,0.0507008944924258,0.0628504029111678,-0.0133178034838572,0.0399093878500331,0.0988318245126693,-0.0133178034838572,0.031709229264179156,-0.053269757601723366,-0.034500665988268064,0.3608798627066693
6902,2024-05-02,2516.99365234375,2662.653486328125,2496.948642578125,2465.4971272786456,0.012756662723916845,-25.346025973104133,4.531487339130348,6979800,1.0454131185132542,True,False,False,False,True,-0.0475479858299143,0.0095095979364343,-0.0548200352724814,-0.0261047803378713,0.0095095979364343,-0.0548200566606887,-0.0454969860147904,0.0095095979364343,-0.0785009076665765,-0.057617041815177,0.0095095979364343,-0.1383553211438104,0.05470476527730388,-0.044358437219063296,0.07273455192952127,0.24982447962682117
6146,2024-05-07,49595.10546875,51235.1440625,47185.92401041667,46454.606145833335,0.015742634051993276,-1451.687030681831,-988.2236446395018,3454300,1.2948194850784451,True,False,False,False,True,0.0268720601287912,0.0574984155877027,-0.0266745875403834,0.1288282369724143,0.1472040510873162,-0.0266745875403834,0.1663702953298298,0.2841335371619649,-0.0266745875403834,0.2220904957937901,0.3060660035501241,-0.0266745875403834,0.032010031859174164,-0.11321711122706757,0.1342327036440194,0.5647454094350779
9984,2024-05-07,2003.836669921875,2033.22689453125,1995.864217122396,1970.7887565104168,0.012723565896721967,-48.35730419378047,-52.05186018035789,25408800,1.052688272722527,True,True,False,False,True,0.0333002546993894,0.0347857708197194,-0.044194135240684,0.0121316956059025,0.0627631029100725,-0.044194135240684,0.1145084837862913,0.1370388963381066,-0.044194135240684,0.3060163516886247,0.3159197441372015,-0.044194135240684,0.014454965497665643,-0.08497792194730436,0.13298251593070431,0.2981192565808745
6702,2024-05-09,2306.33642578125,2398.66794921875,2303.142296549479,2278.507294921875,0.010811903776875242,-13.22970264575315,2.288072189882844,5032900,0.7530589419109643,True,False,False,False,True,-0.012907290694772,0.0249683130168238,-0.0241218488069214,-0.0040203227478984,0.0249683130168238,-0.0281422059992666,0.0093101821006453,0.0249683130168238,-0.0674988940153737,0.1212441860982089,0.140287774841149,-0.0674988940153737,0.038492832435424215,-0.03733808613739087,-0.04117884168297681,0.25516291397749263
6723,2024-05-13,2507.992431640625,2518.524775390625,2496.7787565104168,2491.4574479166668,0.002135821584350106,-12.705669588931414,-15.602399212589772,10166800,0.5949106548563822,True,True,False,False,True,0.0702503140107646,0.089850656878025,0.0052396355383943,0.1670871161210494,0.1822239293996395,0.0052396355383943,0.156607825158962,0.1864933615175743,0.0052396355383943,0.2711041857686029,0.2932272571770158,0.0052396355383943,0.004181949628971403,-0.05311389792597876,-0.1222961522910313,0.4964703693552485
7267,2024-05-13,1600.3551025390625,1641.4211669921874,1592.8256705729166,1580.092381184896,0.008058572738938174,-13.49536140523128,-8.44984092763666,25708000,2.350672453434365,True,False,False,False,True,0.0079726263145485,0.0176537908021603,-0.0384396421180915,-0.006264249976869,0.0176537908021603,-0.0384396421180915,-0.0273348604500541,0.022494306144789,-0.0532460459533072,-0.0318906578122272,0.025911143013525,-0.0691913505555745,0.025018602951475385,-0.05775155471738891,-0.023228146950643236,0.2252207826233289
7270,2024-05-14,3018.164794921875,3142.79044921875,3005.387353515625,2977.352604166667,0.00941599906901347,-20.689418225574627,0.5743193356756544,6079500,1.9557035321366527,True,False,False,False,True,0.0207190301108934,0.0478365821020398,-0.0234612860737005,0.046313245086736,0.0478365821020398,-0.0234612860737005,0.0362583229166693,0.0987201975268403,-0.0234612860737005,0.0460085308657225,0.1011577682868372,-0.0289457987303864,0.039654458771775564,-0.07283434114292975,-0.05687478817244962,0.3767569234709472
6178,2024-05-20,1378.0157470703125,1389.5953564453123,1367.374580078125,1361.8535546875,0.004054052193513513,1.2064947607796055,5.824002121357828,8039900,0.987609280203224,True,False,True,False,True,-0.0122574732885658,0.0071501796853279,-0.0221313753053956,0.0466462716494053,0.048689172635058,-0.0221313753053956,0.0044262827312786,0.048689172635058,-0.0221313753053956,0.1470888822057092,0.1562819364709375,-0.0221313753053956,0.008333080073483613,5.253718574560473e-05,-0.003171382801942624,0.20186990256610682
7267,2024-05-20,1613.1141357421875,1619.293251953125,1603.698701171875,1592.8256705729166,0.006826252740544714,-14.893621621021111,-13.337168591431809,13404600,1.068240319405816,True,False,False,False,True,-0.0141242687745121,0.000565001226823,-0.0409604404258191,-0.0025423335695109,0.0144068196408626,-0.0409604404258191,-0.0720338691258196,0.0144068196408626,-0.0765536432792404,-0.0367231593526902,0.0177966308118555,-0.0765536432792404,0.0038159340215149665,-0.052333725908675466,-0.023326042758279764,0.24196975244855248
7270,2024-05-20,3049.431640625,3108.985517578125,3025.0850520833333,3000.944156901042,0.008044433325017586,-29.1017899107801,-16.1650202862453,3080300,0.8785795778665145,True,False,False,False,True,0.015982982868862,0.0256332303750135,-0.0105549792508249,0.0717731083340966,0.0874546507182758,-0.0105549792508249,-0.0162847328747864,0.0874546507182758,-0.0389023432470707,0.0199034111761349,0.0898672282474595,-0.0389023432470707,0.019155405072300537,-0.08526621369130194,-0.05533540210909793,0.39657191454742813
8801,2024-05-20,1427.2447509765625,1497.208408203125,1406.9370670572916,1392.2595784505208,0.010542206951885902,-24.96393395116843,-9.903303821897929,12526000,1.0125035212505704,True,False,False,False,True,-0.048322231572404,0.0030199969340209,-0.0708054457670228,-0.0151007668584018,0.0030199969340209,-0.0929531325153454,-0.0496644326298972,0.0318790807437587,-0.0929531325153454,0.0275167039585821,0.0426173740036952,-0.0929531325153454,0.04672940443243257,-0.12253465283394205,0.04879536589941624,0.3545853272966063
8630,2024-05-22,2834.85693359375,2898.417939453125,2807.435234375,2770.877001953125,0.01319374060851719,-6.9353378630003135,5.2269414254979685,5969900,2.0896499340191608,True,False,False,False,True,0.0965174919438141,0.1207297656618715,-0.0116085831411821,0.0597015529505302,0.1439468939503698,-0.0116085831411821,0.0729685742863113,0.1565506539223071,-0.0116085831411821,0.1446102828092039,0.1923714872666708,-0.0116085831411821,0.02192955163373296,-0.04469626903147916,0.0011795928442352999,0.31610914432053444
2503,2024-05-30,1995.6070556640625,2066.400205078125,1994.065060221354,1990.2805973307293,0.0019014720314816103,-8.095639829914944,3.7507274084104254,2788800,1.081160712555002,True,False,False,False,True,0.025167523417066,0.0314016615284982,0.0013853389730134,-0.0016161597131101,0.0314016615284982,-0.0055413505745525,-0.0203695091262773,0.0314016615284982,-0.054721840616332,-0.0119163717327603,0.0314016615284982,-0.054721840616332,0.03425916685455713,-0.05436219939536491,0.020639974652902238,0.19041348134193056
4578,2024-05-30,5994.68212890625,6142.5945703125,5926.82693359375,5896.495774739583,0.0051439295494970505,-47.116114383822605,-2.874593943737139,1140000,1.1263097055292914,True,False,False,False,True,0.0330882457751251,0.0596227728985461,-0.010549783313511,0.0177429393190204,0.0637788232398832,-0.010549783313511,0.0765436716412635,0.0839194803005378,-0.0151854623931362,0.2083093014813177,0.2220180962792237,-0.0151854623931362,0.02407979880702511,-0.06776481615531604,0.017137825261887007,0.21950237708716291
6178,2024-05-30,1385.991943359375,1391.8287158203125,1374.65390625,1369.880888671875,0.0034842573668960597,-6.540718859876279,-4.408254027384037,33792900,3.8481593563796928,True,False,False,False,True,0.0118482873858358,0.0426541081981914,-0.0013540899288179,0.0020311702101611,0.0426541081981914,-0.0013540899288179,0.0670277361920146,0.0751522997307407,-0.0013540899288179,0.0230196354673919,0.1496276902215434,-0.0013540899288179,0.004193599682628634,-0.01818100004101264,-0.0066329209695557,0.1733584856559209
9021,2024-05-30,2934.372802734375,2950.9065234375,2926.7554524739585,2925.642770182292,0.0003803206266350667,17.204904705017725,21.516656004554505,1582500,0.7102145229333094,True,False,True,False,True,0.0154192574192388,0.0244138153069224,0.0028910868606109,-0.0607129880871349,0.0244138153069224,-0.0619979224399569,-0.0460969461255753,0.0244138153069224,-0.08544811014572,-0.0822358177018736,0.0244138153069224,-0.0883392546860053,0.005602929327583285,0.044066715484587404,-0.007311566580715745,0.34519254667466487
8802,2024-05-31,2562.92529296875,2667.131865234375,2532.1260465494797,2499.9283121744797,0.01287946307028065,-59.40060505451265,-40.9590789393593,17618100,3.2786034099663914,True,False,False,False,True,-0.0015154687550903,0.0267096017441186,-0.0149650034746661,-0.0187534614586641,0.0267096017441186,-0.0503883597063063,-0.0452736407505537,0.0267096017441186,-0.0954726581454146,-0.0229209290912274,0.0304983130869689,-0.0954726581454146,0.03907064874592079,-0.09957779662101407,0.05636276215374525,0.2884268128716408
5108,2024-06-10,3068.697509765625,3125.371396484375,3039.5527115885416,3031.243942057292,0.002741042849098596,-13.040198579750268,1.917401477892005,2295800,0.7071746282081295,True,False,False,False,True,-0.0393325528655539,0.0068533969010726,-0.0400774873003665,-0.051698472120951,0.0068533969010726,-0.0604886983809453,-0.0549055502715526,0.0068533969010726,-0.0653560353839057,-0.1239700271731671,0.0068533969010726,-0.2472563941726075,0.01813348864154212,-0.0573113287417798,0.03469404647373331,0.17631846545201674
6954,2024-06-12,4242.52783203125,4322.86025390625,4228.325413411459,4208.866246744792,0.004623374924711987,-38.25401118622176,-21.74761246857176,2769800,1.0331527982931232,True,False,False,False,True,-0.0406136846526009,0.009927772739007,-0.0437725638219961,-0.0144403700577888,0.009927772739007,-0.0586642224720614,0.0232400784605562,0.029557757227778,-0.0586642224720614,-0.1171028866583793,0.0489622690340774,-0.1823104691351152,0.01858316419144243,-0.024297280623874817,0.006906435005194389,0.19735309278203556
1928,2024-06-14,3173.44189453125,3222.84087890625,3165.945279947917,3154.8269075520834,0.0035242416530738563,-8.575354900277489,2.192936854996393,3054800,1.1704640590366315,True,False,False,False,True,-0.0231098892188265,-0.0019970733392566,-0.0288159275901183,0.0165478599011048,0.0219686876693117,-0.0288159275901183,0.0587732291729654,0.0736091784903987,-0.0288159275901183,-0.0145005338341942,0.1126962264989115,-0.1749778263892212,0.01532777640321008,-0.01117676062864148,0.026557469164198988,0.2380173964621423
7751,2024-06-14,4074.695068359375,4099.0683984375,4059.839404296875,4043.65181640625,0.004003210124310597,24.96310820247345,38.76246427463871,3661700,1.0266352650909805,True,False,True,False,True,-0.0229367959198921,-0.0035979415877255,-0.0317067292530509,-0.0041744280735156,0.0079474725493837,-0.0317067292530509,0.0070326749311606,0.045228020058087,-0.0317067292530509,0.0520896076926769,0.0928008116980092,-0.1528392678307201,0.005946065717619097,0.02661138825182241,-0.01652138951241633,0.21300365639785318
8604,2024-06-14,830.3505249023438,837.9865771484375,826.0196736653646,819.8218872070313,0.007559918264012033,4.724746928634886,9.435539275305972,12017000,0.7167359972707132,True,False,True,False,True,-0.0297522952578135,-0.0107107131855632,-0.0505247542431431,-0.0024883010817846,0.0236936149214288,-0.0505247542431431,0.0318078706965501,0.0642648907650211,-0.0505247542431431,-0.1514659564291512,0.1046197609318844,-0.2894081890626627,0.009112380143460384,0.00745880366815399,-0.02158144163696707,0.3242561299553921
7270,2024-06-18,3089.894287109375,3096.662734375,3087.6143684895837,3085.803235677083,0.00058692427033602,-10.282056356010798,1.3771399123226136,3586800,1.4219283327188612,True,False,False,False,True,0.0261905482424553,0.032440548681287,-0.007142779811651,0.0324406040451139,0.049404891860211,-0.0107142405567727,-0.0127975150848907,0.0755952473077046,-0.0127975150848907,-0.1959821769666061,0.0755952473077046,-0.3552082795790343,0.0021857230981246023,0.018754643512649216,0.02100476986416877,0.24881110903121556
6301,2024-06-19,4231.20068359375,4237.64287109375,4153.067942708333,4138.63689453125,0.003486908502688957,-18.36613193215726,-6.384430259469917,3582700,1.2734006518594343,True,False,False,False,True,0.0052503612313612,0.0181578196236682,-0.0133451075364826,0.0732879895318203,0.0737255304977932,-0.0133451075364826,0.0901332975746693,0.1225113640706068,-0.0133451075364826,-0.0535988175637663,0.1225113640706068,-0.272806889809813,0.0015202289801115468,-0.0068579471346660315,0.05640639419339444,0.25369612270473535
8306,2024-06-19,1465.6583251953125,1495.6809130859374,1461.3949186197915,1457.2782389322915,0.002824909874806103,-2.5583913100438167,9.587549788522349,35779700,0.5945311647109396,True,False,False,False,True,0.0522292894959328,0.0579617735186102,-0.018471425880784,0.1471337646990136,0.1579617380137385,-0.018471425880784,0.1305733070268508,0.1780254661212632,-0.018471425880784,-0.0108280620285069,0.1780254661212632,-0.2356688696188908,0.02007285620077969,0.012867871098525163,0.013345489863142546,0.22700696393243613
8306,2024-06-24,1474.52685546875,1496.969189453125,1461.386201171875,1460.2563818359374,0.000773712993136888,-7.789384013545259,1.2686495743816717,47993500,0.8061582708049128,True,False,False,False,True,0.1073124621874535,0.1073124621874535,0.0117126609990221,0.1342197626291008,0.1709402411418543,0.0117126609990221,0.1199746773908871,0.1709402411418543,0.0117126609990221,-0.0262741524277352,0.1709402411418543,-0.2402659332420967,0.014991847622844945,0.002827671300177692,0.029799581303747935,0.23882660909316591
8031,2024-06-25,3520.445556640625,3664.005693359375,3504.014645182292,3479.169365234375,0.0071411527694464905,-47.51638777680273,-31.47153124302497,16992800,2.102424008472647,True,False,False,False,True,0.0123556969974156,0.0171905079674219,-0.0255170947891242,0.0112812674565327,0.0445876978482011,-0.0255170947891242,-0.0413644624090092,0.0445876978482011,-0.0448562701951351,-0.1847971652758075,0.0445876978482011,-0.3550900044412681,0.03918119913922015,-0.09635010388840815,0.04381105338808733,0.21740284048113329
8053,2024-06-25,927.86376953125,935.32599609375,904.6359855143228,898.7756233723958,0.006520383941809316,-9.653991689441568,-6.491877110035549,14940400,0.9758856872624854,True,False,False,False,True,0.0370371369256392,0.0420761900691071,-0.0105818899333193,0.023683538874841,0.0491308121861713,-0.0105818899333193,-0.0176365533228259,0.0491308121861713,-0.019652174654813,-0.1529352485048137,0.0491308121861713,-0.3259007631087233,0.007978209302066691,-0.033188138028362846,0.07997951161513872,0.2228757168296909
8031,2024-07-02,3563.943115234375,3587.7908203125,3533.805087890625,3504.014645182292,0.008501803138663444,-44.69888321706185,-43.92212805926349,10912700,1.253866376200128,True,False,False,False,True,-0.0010613162390152,0.0318386126006733,-0.0177766322278225,0.0021225639750783,0.0318386126006733,-0.0262669609091359,-0.0634120868390004,0.0318386126006733,-0.0960467161461906,-0.1942160080301901,0.0318386126006733,-0.3629610645038152,0.006646905093549368,-0.061918998556060645,0.01938787530130681,0.20818438096296632
7269,2024-07-04,1732.0740966796875,1758.93880859375,1720.3727913411458,1701.58513671875,0.011041266297509456,-7.238905475587671,-2.902411427329219,5126200,0.8885268207285948,True,False,False,False,True,0.077771531221283,0.0882513976968226,-0.0358522768875206,0.0113071599562228,0.0882513976968226,-0.0358522768875206,-0.1086596372115569,0.0882513976968226,-0.1194152913417392,-0.0722559792337117,0.0882513976968226,-0.2829565122272325,0.015273249861114037,-0.06786549420796861,-0.06882749796895793,0.25337978604617345
2502,2024-07-08,1744.653564453125,1774.4740185546875,1743.8812076822917,1738.5644352213542,0.003058139435746954,-5.16498214772605,-0.7283581285764862,3596100,0.8307862910212427,True,False,False,False,True,0.0134625861011479,0.0384132676047275,-0.0089750640075102,0.0443367649015875,0.0622867861572427,-0.0089750640075102,-0.1007000880620074,0.0622867861572427,-0.1787830167849556,-0.0396696744140615,0.0622867861572427,-0.1787830167849556,0.016805235686601562,-0.07312322426482787,-0.03707594004006887,0.17716199219295625
7309,2024-07-09,23885.091796875,24410.010859375,23815.454557291665,23659.049375,0.006610797408324265,-207.0423713513483,-155.075308229858,159200,0.7997789555650449,True,False,False,False,True,0.0319062614812604,0.0391760511903258,-0.012924064462139,0.0405896820282198,0.050888551382662,-0.012924064462139,0.0848141987103454,0.0967285765442826,-0.0549272779470189,0.0514942677616554,0.1629645565584832,-0.0549272779470189,0.02150425354269757,-0.07963716182134406,0.025377196402091462,0.16273945465473363
5802,2024-07-10,588.40576171875,594.8285668945313,575.5100187174479,572.9179866536458,0.004524263723926447,-4.248431862855114,-2.217602418779808,17248400,1.2582376619265003,True,False,False,False,True,-0.040383945131135,0.0235905021886113,-0.040383945131135,-0.0993602989075187,0.0235905021886113,-0.1003598990197189,-0.1691323736261,0.0235905021886113,-0.2792883006613496,-0.0811676645464315,0.0235905021886113,-0.2792883006613496,0.010797741623798119,-0.13411956764643018,-0.04115752985078336,0.2386764319969052
5802,2024-07-16,583.1122436523438,592.00064453125,576.8477978515625,574.5415592447916,0.004014050105970224,-2.974405297557041,-2.63387516825794,12665600,0.9328992531267032,True,False,False,False,True,-0.0407505523246412,0.0225942179881268,-0.0508372545734781,-0.0788783541809041,0.0225942179881268,-0.1030866994355539,-0.0808957901280454,0.0225942179881268,-0.2727456488088975,-0.0990519809527418,0.0225942179881268,-0.2727456488088975,0.015014174327367794,-0.10413023670776278,-0.0544638742081498,0.21750305885104435
7741,2024-07-24,18343.216796875,18954.950234375,18259.406171875,18228.728125,0.0016829504869801948,69.62282757626599,259.79355129643454,1248500,1.1809999479735709,True,False,True,False,True,0.0109419705236322,0.0176140257259345,-0.0312249746305668,0.0266879563258173,0.0603148558571542,-0.1529223707982736,0.0675205955198654,0.082465973911616,-0.1529223707982736,0.0533759126516348,0.1166265690943251,-0.1529223707982736,0.03227301733510301,-0.0058991679200394165,-0.025857668468201256,0.4544960447718863
5020,2024-07-29,742.3961791992188,770.8051831054687,736.684306640625,733.5787589518229,0.004233420952972189,-7.903875037860757,-0.9165522534982996,13193700,0.9767630385172764,True,False,False,False,True,-0.2389762286409766,0.0060821736288392,-0.2536746261217132,-0.1216421139483889,0.0060821736288392,-0.2536746261217132,-0.0019006169235804,0.0060821736288392,-0.2536746261217132,0.0220475838249096,0.0255955422008049,-0.2536746261217132,0.03685626994851534,-0.028653945286419402,0.10143190887235876,0.24372670849805567
6178,2024-07-29,1465.2852783203125,1513.1241357421875,1433.6368212890625,1430.5651839192708,0.0021471495352463066,-3.8978344142142314,13.397168938510376,5731700,0.6873316656793451,True,False,False,False,True,-0.2241433561234085,0.031380127151936,-0.2411142195676756,-0.1258405695549933,0.031380127151936,-0.2411142195676756,-0.0979827163762389,0.031380127151936,-0.2411142195676756,-0.0842138665370613,0.031380127151936,-0.2411142195676756,0.03161595026597737,-0.0044115082688303,0.0282471038199148,0.23524795914566574
6501,2024-07-29,3161.139892578125,3504.81873046875,3145.8133138020835,3114.286630859375,0.01012324383706753,-54.51286700619767,26.912138209348377,18652500,1.0517199236435266,True,False,False,False,True,-0.1663573660516206,0.097402615195395,-0.2009894042571913,0.0760667897793556,0.097402615195395,-0.2009894042571913,0.042053273127516,0.1317254541212411,-0.2009894042571913,0.231601813681449,0.231601813681449,-0.2009894042571913,0.09805894807137708,-0.0853245340720793,0.10284190652248237,0.5024690801575724
6758,2024-07-29,2634.602294921875,2784.28798828125,2614.478372395833,2603.883365885417,0.004068925148194458,10.106492303837513,54.05581099023797,18462500,0.993657277715436,True,False,True,False,True,-0.1543650176238686,0.0295990571389108,-0.1719746074208017,-0.0299737817327631,0.0295990571389108,-0.1719746074208017,0.0325964424592295,0.0359684917996261,-0.1719746074208017,0.0670663331520458,0.0715624690786791,-0.1719746074208017,0.05376085160349249,-0.005036015400236793,0.0056023977895118815,0.3458087505368562
7741,2024-07-29,18612.46484375,18960.8246875,18300.98484375,18252.226197916665,0.002671380756770425,-96.36059030698743,95.91931403214554,976100,0.899581589958159,True,False,False,False,True,-0.1549184423828873,0.0223567336481769,-0.1651762017190426,0.0431352602873871,0.0668070135465563,-0.1651762017190426,0.0715413330826053,0.0873225135822075,-0.1651762017190426,0.0694372533863501,0.1004734413199381,-0.1651762017190426,0.018372610342189285,0.0328973532744562,0.01809056116463248,0.46955442044932333
7974,2024-07-29,8057.06494140625,8384.83400390625,8031.155,7996.732337239583,0.004304591089052234,-69.54374053094398,1.3045304190599225,2689000,0.8585609445766822,True,False,False,False,True,-0.2079837128577895,0.0086310135768088,-0.2184128663285587,-0.0709661412377735,0.0086310135768088,-0.2184128663285587,-0.035243295368262,0.0086310135768088,-0.2184128663285587,-0.0414767852529464,0.0086310135768088,-0.2184128663285587,0.03909070380490556,-0.008420144756812298,0.07921367157224002,0.20433813643237903
8308,2024-07-29,993.9739379882812,1016.8059741210938,981.0363802083332,975.7018473307292,0.005467380114322795,-0.2873711466103259,6.532546231188938,6437300,0.819222125220481,True,False,False,False,True,-0.1970972662471832,0.1228832633958947,-0.2087082965517988,-0.0719884946327874,0.1228832633958947,-0.2268989312869096,-0.0038703689819308,0.1228832633958947,-0.2268989312869096,-0.0637639451948874,0.1228832633958947,-0.2268989312869096,0.02245466363683401,-0.01253004286606263,0.028944692832329366,0.2546110565543826
8630,2024-07-29,3155.482666015625,3203.39775390625,3055.627926432292,3047.604453125,0.0026327147865481404,-12.222978936876189,13.388531086947202,2657900,0.942714965187752,True,False,False,False,True,-0.2505959640404532,0.0336709749660577,-0.266388573943378,-0.044696123136991,0.0336709749660577,-0.266388573943378,0.0005959060127318,0.0336709749660577,-0.266388573943378,-0.0169846366578756,0.064958242864892,-0.266388573943378,0.014957583032639879,-0.006407008669440439,0.07368743637987962,0.29631522500536606
9101,2024-07-29,4220.44140625,4259.130546875,4195.694661458333,4159.12111328125,0.008793576138067749,-33.79280844898767,-28.03559525925979,3964100,0.7123155240975438,True,False,False,False,True,-0.1460914281588955,0.0478428250368674,-0.1518581944019446,0.0079026186723285,0.0478428250368674,-0.1518581944019446,0.0862879743584286,0.1166169956242,-0.1518581944019446,0.1426741639694455,0.1426741639694455,-0.1518581944019446,0.009083811871741435,0.016591595847100238,0.06969357668514697,0.41232543519524983
9434,2024-07-29,180.92271423339844,184.8058972167969,178.74654764811197,178.43417256673175,0.0017506460611595998,-0.2191388760979862,1.0358629165695907,45305000,0.7197536267687026,True,False,False,False,True,-0.0769817636928751,0.0045883462954754,-0.1136883550906302,-0.0374712689628219,0.0045883462954754,-0.1136883550906302,0.0285495824348096,0.0336477216290342,-0.1136883550906302,0.0076471598811531,0.0532756692677569,-0.1136883550906302,0.02101222440344028,0.01506436493081309,0.01818273071324561,0.16923492657281083
9984,2024-07-29,2327.55615234375,2638.48576171875,2311.025408528646,2292.9731884765624,0.007872843931540974,-32.140498469449085,40.85214549910273,42634000,1.154263714902223,True,False,False,False,True,-0.3179153987918608,-0.0072470413164356,-0.3213258217979016,-0.1603964160706212,-0.0072470413164356,-0.3213258217979016,-0.0897367960082529,-0.0072470413164356,-0.3213258217979016,-0.0523286415409804,-0.0072470413164356,-0.3213258217979016,0.11784395954915278,-0.08032859078827681,0.19154759571036073,0.5095344557725737
5803,2024-07-31,494.9225158691406,509.6294165039063,490.4980220540365,485.9397965494792,0.009380226803657576,-8.886327686778145,-4.132186278919198,22572000,1.0271896724024006,True,False,False,False,True,-0.1337038274602668,-0.0065381555668468,-0.2775416320309866,0.1660672055414294,0.2085647886820445,-0.2775416320309866,0.3337691144712285,0.37234384935388,-0.2775416320309866,0.5856696860778778,0.6794671223301265,-0.2775416320309866,0.028858029302264526,-0.020689678059035654,0.021359588540159402,0.5953715992863097
4307,2024-08-06,4307.01806640625,4466.698359375,4195.625162760417,4163.217197265625,0.007784356174373341,-5.189438853106367,33.09750795938277,3063200,1.9249549113623368,True,False,False,False,True,0.0562076588979219,0.0656884713949752,-0.0390520443899871,0.0884875962684903,0.0884875962684903,-0.0390520443899871,0.1250562734127722,0.1343114288282898,-0.0390520443899871,0.1581209492637436,0.2470850517433718,-0.0390520443899871,0.03574906566806837,0.12935419974244278,0.20884183809684453,0.5577738063653608
6762,2024-08-06,1738.2291259765625,1987.587880859375,1697.8366520182292,1674.4463834635417,0.013968956417885092,-36.47825186596037,14.034422239605522,22247500,1.772875149665407,True,False,False,False,True,0.0713808623334422,0.0896152674229022,-0.0529242065271868,0.0975093845861809,0.1446520394221846,-0.0529242065271868,0.0271292545078423,0.1446520394221846,-0.0529242065271868,0.0629038525242295,0.1446520394221846,-0.0643763104928729,0.12545797712099002,0.0019418936703107237,0.4218635426599352,0.9532644587314024
6857,2024-08-06,6083.5859375,6217.15138671875,5708.263111979167,5687.621067708334,0.0036292931658243877,-36.60534397992342,-6.950647666184511,26046300,2.0356019125653164,True,False,False,False,True,0.0260671966960275,0.0579994244750718,-0.0746171510353619,0.0638644553286957,0.0979146547036506,-0.0746171510353619,-0.0014662276438007,0.1441837438809488,-0.0746171510353619,0.139338097904325,0.1777298577499135,-0.1085044720003436,0.02148338377348761,0.08943978327143132,0.3146313880344277,1.0858090352308565
7011,2024-08-06,1548.928955078125,1809.5348876953128,1539.209811197917,1525.1921826171874,0.009190729365446737,-44.67124403233129,12.838044337785265,132413400,1.6754427659165665,True,False,False,False,True,0.1639656813010124,0.1903400060479367,-0.0438512275935385,0.1665078392595185,0.2704161919909649,-0.0438512275935385,0.1299650574450308,0.2704161919909649,-0.0438512275935385,0.4218390259272213,0.5243800929625848,-0.0438512275935385,0.14401818632472166,-0.06761304533534807,0.3391014693421258,1.057681208343654
8113,2024-08-06,1619.2822265625,1641.5971435546876,1614.47189453125,1608.13,0.003943645433671428,-26.086224435082386,-16.166704629451885,7725000,2.406294679986169,True,False,False,False,True,-0.0160843140979829,0.0075456584077906,-0.0508339909384288,0.0021842932915998,0.0212471011762696,-0.0508339909384288,0.0305798045406162,0.0385226403758423,-0.0508339909384288,0.0109213156871081,0.0542095831129534,-0.0508339909384288,0.013593418506971348,0.12218739036928372,0.12462015731027065,0.3380331572756876
4568,2024-08-07,5388.822265625,5568.4176953125,5316.932877604167,5259.657194010417,0.010889622931885112,-56.494268929636746,9.619554144349332,7442200,1.6509404140106547,True,False,False,False,True,0.0260482038014886,0.0383586413014542,-0.0479927818304115,0.0449598724500983,0.0719001783172883,-0.0479927818304115,0.0174843797400363,0.1163246494034164,-0.0479927818304115,-0.1209249506266044,0.1163246494034164,-0.1723460493899038,0.032252506818711425,0.07692368741953415,0.1210315908498556,0.682943796096724
6501,2024-08-07,3209.035888671875,3391.78404296875,3175.6457161458334,3156.1614713541667,0.0061733992283059536,-106.4720515390436,-70.40907420668582,29187400,1.4411392284749844,True,False,False,False,True,0.0344198674230047,0.0600061121964643,-0.0651842259945756,0.0691441274033108,0.1148340512793046,-0.0651842259945756,0.0335060050390243,0.1148340512793046,-0.0651842259945756,0.1954592786132236,0.2340421683460629,-0.0651842259945756,0.053879655066989364,-0.020508369343139377,0.21762253480868243,0.9733225323475897
4689,2024-08-08,369.1995239257813,371.54660888671873,368.211904703776,367.374032796224,0.0022807053105375896,-5.632372627196901,-5.3959231443451054,14019800,0.8276554200544005,True,False,False,False,True,0.003671702514397,0.018882846977577,-0.0196695243285105,0.0013112987097791,0.0196695473087007,-0.0207186089587264,0.0367165291913575,0.0828744260611431,-0.0207186089587264,0.1106740574627229,0.1489640629389881,-0.0207186089587264,0.006317067374050581,0.09806850378866705,0.08851022614342108,0.4478803229814066
6098,2024-08-09,8250.9658203125,8591.30013671875,7967.743704427084,7876.667024739583,0.011562844970016029,-210.6205904480921,-124.51067856710654,10357400,1.937793560083406,True,False,False,False,True,0.0267404774701447,0.0714285394162363,-0.0243315396578912,0.0537218121600111,0.0861238301274491,-0.0243315396578912,0.0142134165401328,0.1214164737640972,-0.0527583957634674,0.1721833227620488,0.1835204183829595,-0.0527583957634674,0.03961383154939256,0.03145838116509103,0.16663027185199697,0.6674472440482337
4568,2024-08-13,5535.92138671875,5554.41931640625,5352.903235677083,5290.62810546875,0.011770838729707966,-49.68471202915953,-23.58581884087242,4119500,0.8664723878313161,True,False,False,False,True,0.0177145590407536,0.0434179143695039,-0.0131990333292024,0.0131989517680468,0.0434179143695039,-0.0131990333292024,-0.08388334110837,0.0866619495001106,-0.1019451671794088,-0.1278575906100488,0.0866619495001106,-0.1943382635489775,0.003330308468585009,0.08147116859993275,0.11115188988403124,0.7063273400695556
4689,2024-08-13,369.1027221679688,370.485390625,368.8264306640625,367.02545735677086,0.00490694384052226,-3.65820258417341,-4.933286971908625,14492000,0.8259126385948314,True,True,False,False,True,-0.0018364154123629,0.0191500616163993,-0.0204617802919285,0.06715628373879,0.0802726921067462,-0.0204617802919285,0.0448582766186806,0.0831584232836972,-0.0204617802919285,0.1143755832072042,0.1492653929869016,-0.0204617802919285,0.0037320458296578015,0.047440376730611966,0.039838295258876055,0.44388609121882533
6701,2024-08-13,2475.23095703125,2515.1097705078123,2405.185021158854,2392.473409830729,0.0053131672334967295,-68.93133555342501,-56.635262871129136,7863500,1.06080381503553,True,False,False,False,True,0.0126935361342741,0.0230068345632408,-0.0142800205802972,-0.0309400381474819,0.0230068345632408,-0.0357000543334131,-0.0043632489313556,0.0900438075465974,-0.0602934380546207,0.0883337709371738,0.1537135120860451,-0.0602934380546207,0.01585569502539469,0.07356087528020983,0.21967714139979944,0.9372637042488313
6762,2024-08-13,1856.700927734375,1944.9226123046876,1718.4490511067709,1693.6183121744791,0.01466135477740016,-45.45691783772872,-21.95065747532625,14542000,1.0067255803971658,True,False,False,False,True,0.0371603226120758,0.0716144341350604,-0.0162382685105655,-0.001561397319438,0.0716144341350604,-0.0162382685105655,-0.0696367819949042,0.0716144341350604,-0.0970126218094187,-0.0043933324803909,0.0716144341350604,-0.1240762991164901,0.0453599973655363,0.024334616200154313,0.39302422249512536,1.0004803663416415
7936,2024-08-13,2288.964111328125,2373.411533203125,2203.6100130208333,2168.976088867188,0.015967868125154716,-67.18274432020053,-48.73392862129568,11499000,0.7701436878222327,True,False,False,False,True,0.0858433868264603,0.128227034502443,-0.0529260635583271,0.128227034502443,0.1688897893322416,-0.0529260635583271,0.1570567719580951,0.2603270364046193,-0.0529260635583271,0.2179431347145146,0.3321859932006101,-0.0529260635583271,0.03558060652087209,0.026116917386909133,0.2156182419931051,0.9798699974485026
8630,2024-08-14,3052.995361328125,3057.15109375,3052.0612434895834,3051.710211588542,0.00011502792752349222,-77.37504258185436,-78.36858919748619,3068800,0.9202613124699186,True,True,False,False,True,0.0203263972393914,0.0492762285138543,0.0040036386961714,0.026793934523672,0.0545117910788985,0.0040036386961714,-0.0120111292468677,0.1007082807779788,-0.0267939658537015,0.0407650689492398,0.1007082807779788,-0.0384971839842696,0.0013593480644025495,0.05511697156163475,0.10447941453335119,0.9527680732750012
8725,2024-08-14,3016.1025390625,3169.075244140625,2997.305556640625,2974.00208984375,0.00783572643625785,-106.14147068649118,-85.45648605371866,6925000,1.0008975557864888,True,False,False,False,True,0.0185749406910629,0.0368452581638065,-0.01522526489589,0.0042631688181502,0.0368452581638065,-0.0210109564250237,-0.0487209926925431,0.0651645179878277,-0.0621193838060134,0.0870861123351904,0.102642581474635,-0.0700365396446818,0.04827045535159177,-0.011875843349937631,0.2543922783989645,0.8789033665420112
6702,2024-08-16,2471.77197265625,2489.437900390625,2405.337451171875,2405.038138020833,0.00012445255911330833,-24.91971561567243,-20.774700496300984,4745600,0.6520495055286669,True,False,False,False,True,0.0124382949747627,0.0128331865667234,-0.0321816461708811,0.0572556654838449,0.0635735331393976,-0.0321816461708811,0.1307008687348496,0.1601183049527432,-0.0321816461708811,0.2299647445008472,0.2652766655583203,-0.0321816461708811,0.007096352044613417,0.02381839711583722,0.11001295098367891,0.83477803860216
6758,2024-08-16,2642.499267578125,2672.349462890625,2612.5831184895837,2609.371708984375,0.001230721362599052,-51.81719122536606,-60.51836021405612,15116500,0.6868513840170117,True,True,False,False,True,0.0018677571402028,0.0104593419148659,-0.0149420993649608,0.0608890121166771,0.0608890121166771,-0.0149420993649608,-0.0209190462723527,0.068360159953525,-0.0601420143009696,0.0393235127027533,0.0944292651312102,-0.0687337896492255,0.01117001938818726,-0.023677229635158503,0.06401026831843848,0.593235854066066
8725,2024-08-16,3105.18994140625,3129.950419921875,3010.751279296875,2982.8556966145834,0.00935197190864856,-75.7048130782523,-85.01696213284431,5755100,0.8098058680707748,True,True,False,False,True,-0.023957496813,0.0070983336840704,-0.0354925445779373,-0.0106478113050715,0.0070983336840704,-0.049097995369762,-0.0591542102286227,0.0346051184770543,-0.0890270285497804,0.0688925059152323,0.0797718189525376,-0.0967170424548065,0.007910821321010899,-0.031209570503721196,0.09897002980234748,0.8921643050328124
8750,2024-08-16,965.6378173828124,994.45607421875,957.811825358073,950.9950154622396,0.007168081625033462,-30.467824785931043,-28.530383212364946,11540400,0.6487912325144455,True,False,False,False,True,-0.0108199160483433,0.0096178080119215,-0.0348641385537753,0.0043281054749348,0.0242847472983711,-0.0348641385537753,-0.1370521856695622,0.0370282015629408,-0.1454676700667663,-0.0401141899284559,0.0370282015629408,-0.188025953079261,0.028978913783172786,-0.047735340886917,0.09658449452088402,0.8362772293357795
8766,2024-08-16,5243.3427734375,5284.0493359375,5190.621419270833,5161.115885416667,0.00571689039913581,-156.36931035762973,-184.0016364173529,5075100,0.687356479070577,True,True,False,False,True,-0.0243726093895477,0.0062723898755694,-0.0367382026944929,-0.0132616079578588,0.0062723898755694,-0.0562723247207893,-0.0908601923234876,0.0197132963168813,-0.1120071154870642,0.0404099655385186,0.0624263587033668,-0.1383512435643596,0.007703668136319053,-0.030645965241120843,0.10388242219221633,1.1437773112288245
6758,2024-08-20,2619.795654296875,2640.643427734375,2613.412298177084,2610.01662109375,0.0013010174172418676,-35.25752991449872,-52.68903889556184,13145500,0.6068958194109249,True,True,False,False,True,0.0384325023859153,0.0418236099771609,-0.0064054130783884,0.0681990139863417,0.0776187583777556,-0.0064054130783884,-0.0346647086676589,0.0776187583777556,-0.0606632716807644,0.0252653069706747,0.1039137830394936,-0.0606632716807644,0.007894959697526117,-0.02673088261214729,0.07372083862865719,0.5931731785017796
8750,2024-08-20,967.031005859375,985.2988891601562,960.8951806640624,953.0598697916666,0.008221215813135174,-21.93695594279029,-26.84633884662688,5374000,0.3043593501865574,True,True,False,False,True,-0.0103242043151671,-0.0024010356452011,-0.036254596721442,0.0324129207093535,0.0355341690742887,-0.036254596721442,-0.1563026150990202,0.0355341690742887,-0.1891957530945485,-0.0497957060398757,0.0355341690742887,-0.1891957530945485,0.018540448489039026,-0.046031024546435595,0.09816268039237097,0.8364510768931925
4063,2024-08-22,6027.82861328125,6032.0933203125,5934.805390625,5920.62904296875,0.002394398898050376,-46.27488207789156,-63.71174743217642,7525300,1.0064059699895689,True,True,False,False,True,0.0267686664544888,0.0420650814473821,-0.0044613506810948,-0.0780751354010488,0.0420650814473821,-0.0889100629490489,-0.0659656105110793,0.0420650814473821,-0.1322497803752315,-0.0567587199117893,0.0420650814473821,-0.1322497803752315,0.000707002827175867,0.013930357880610367,0.08281254262296156,0.8363401920846554
6098,2024-09-05,8373.2099609375,8397.737578125,8364.370475260417,8284.583971354166,0.009630719440122837,81.49565267475191,96.0849790001459,4117100,0.8221029910084046,True,False,True,False,True,0.0405933311072668,0.0443915501782639,-0.066587588679248,0.0997030965223793,0.1151333612334326,-0.066587588679248,0.121793055815218,0.1360546477950701,-0.066587588679248,0.1077690695784208,0.1878716161964266,-0.066587588679248,0.002920741087622285,0.02944505481854698,0.11507660876444226,0.47989441415500267
7741,2024-09-09,18867.02734375,19283.728046875,18844.313307291668,18791.834270833333,0.0027926510899358714,69.99246826074886,230.0528142485273,753400,0.8059219323299424,True,False,True,False,True,-0.0051893815247706,0.010638299711132,-0.0365853237263504,0.018681835601503,0.053191543956667,-0.0365853237263504,0.1127381205513338,0.1153385835579976,-0.0365853237263504,0.1088373628016303,0.1408230544839961,-0.0365853237263504,0.02160892863206124,-0.060517481698603603,0.07918852488995154,0.25755885811568063
6098,2024-09-10,8469.6142578125,8471.0044140625,8390.170904947916,8347.421966145834,0.0051212145468932935,13.498394726671904,60.94786940072636,3417800,0.7601792241848113,True,False,True,False,True,0.0178360487888402,0.0354375483643907,-0.0262849756224355,0.0992721568428498,0.105374009122507,-0.0262849756224355,0.1284106730344054,0.1568441781233607,-0.0262849756224355,0.1674186847859737,0.1784630986221367,-0.0262849756224355,0.00016410760543245618,0.019215713228101228,0.1405168117778529,0.4317367762573504
4502,2024-09-12,3883.940185546875,3936.950888671875,3875.527861328125,3868.511240234375,0.0018137781327280944,2.2388284209555422,19.52167243810854,3268500,0.9543302534515457,True,False,True,False,True,0.0108773112235573,0.0174982620339105,-0.0224638215177576,-0.0068667179721885,0.0174982620339105,-0.0224638215177576,0.0248419425972801,0.04057513532702,-0.0224638215177576,0.016854259945505,0.0439639453876332,-0.0224638215177576,0.013464913488642235,-0.012268933116077019,0.0900279587262478,0.14250254907304813
7011,2024-09-12,1706.4305419921875,1793.4106982421874,1700.3404231770833,1677.0105094401042,0.013911608547264365,-25.60096095446238,-1.34491518171171,52762500,1.0321020159854777,True,False,False,False,True,0.0986442669077125,0.1110469194351557,-0.0049033880940998,0.227974031765612,0.2871254926955757,-0.0049033880940998,0.2990139049933118,0.3836815542330123,-0.0049033880940998,0.3219205642946863,0.4002093413868079,-0.0049033880940998,0.04849985356686764,-0.09496090293550175,0.15372110373629355,0.41660706218747845
7741,2024-09-12,18940.458984375,19404.743359375,18872.445755208333,18826.16763020833,0.0024581808634140945,-76.38247579014205,92.34568444620594,987200,1.2282502535007993,True,False,False,False,True,0.0201602163028362,0.025846439955905,-0.0312742015994438,0.0250137277436539,0.0796708228860691,-0.0312742015994438,0.1099782779402764,0.1213759870147823,-0.0312742015994438,0.0496224032651664,0.1364001147536184,-0.0312742015994438,0.023926334216406418,-0.009340133399641681,0.09821755759970241,0.28436697363538077
6857,2024-09-18,6070.701171875,6238.32193359375,6038.866022135417,5999.366015625,0.006584030113772288,-44.93006239709666,-26.12766573543601,9787400,0.7628619051905927,True,False,False,False,True,0.1265306693683383,0.1302857715995662,0.0042449117853395,0.1239111459723139,0.1802295316355227,0.0042449117853395,0.304490076085862,0.3329766587857261,0.0042449117853395,0.4898167717060586,0.6379797274471646,0.0042449117853395,0.02686952733492351,-0.04008504726885653,0.1172064161177162,0.5750128482015651
4502,2024-09-19,3915.16650390625,3949.36771484375,3878.368798828125,3874.572721354167,0.0009797409280865033,-10.79492736675138,1.4520739788611363,3357700,0.9620930689012448,True,False,False,False,True,-0.0003804440888117,0.0093829686923168,-0.0174289640190771,0.0181087894245397,0.0209902293946091,-0.0251128423174376,0.0310751919898841,0.0325159374523327,-0.0251128423174376,0.0125859584765324,0.0356375688511925,-0.0251128423174376,0.008659920627029572,-0.0067178511354850645,0.08491992387587466,0.16946939018094695
9434,2024-09-19,182.07568359375,184.1122802734375,182.00866088867187,181.42080423990885,0.0032402934780602077,0.4298913624242573,1.1295263665795048,67927000,1.102235968101411,True,False,True,False,True,-0.0093494144401446,0.0131712901306035,-0.0162106688013387,0.0020433249930944,0.0131712901306035,-0.0352420412805357,-0.0300635775601985,0.0131712901306035,-0.0352420412805357,0.0149895512361521,0.0269001290309365,-0.044563360300899,0.011061710151342535,0.018304224521976553,0.04770815204874279,0.17318032588551857
7741,2024-09-20,19322.302734375,19332.29078125,18893.137161458333,18872.445755208333,0.0010963818107301293,-88.04601904994342,-44.38542378761399,1109200,1.3737158568075845,True,False,False,False,True,0.0047575972511526,0.058334569053188,-0.0093742310356733,0.0509708916964579,0.061381572189223,-0.0093742310356733,0.0212623669276283,0.0992155634913525,-0.0093742310356733,0.0116135428426853,0.1139427872143918,-0.0107314360132545,0.0005166509746837041,-0.0009975499584732317,0.10124432897103341,0.2777731776106171
4502,2024-09-26,3898.635009765625,3938.824423828125,3880.266839192708,3877.621826171875,0.0006821224810993343,-8.00140527355461,-4.027621703810972,6636200,1.8159901376865435,True,False,False,False,True,0.0127802893753692,0.014950532852602,-0.0209790002689692,0.0303834180745727,0.0366529757348217,-0.0209790002689692,-0.0101278060248576,0.0368941444728256,-0.0209790002689692,0.0016879781078225,0.0400290126150713,-0.0209790002689692,0.010203403284333263,-0.03591802290957502,0.049202769095139876,0.15615866919118637
9434,2024-09-26,182.30625915527344,184.66385681152343,182.14947611490885,181.94409505208333,0.001128814116043264,-0.1788866560016799,0.4611274948615675,115108000,1.6547421383647798,True,False,False,False,True,-0.0178431308051819,0.0080166802094996,-0.0364622385962872,-0.0064648842702853,0.009051013784828,-0.0364622385962872,-0.040599874970946,0.009051013784828,-0.0457717682882027,-0.0043961045640626,0.0256013361371711,-0.0457717682882027,0.012766968571745297,-0.03435092857342492,0.03781349047885063,0.18866165816583874
4502,2024-10-01,3899.5751953125,3922.967705078125,3881.275403645833,3879.91171875,0.0003514731763722967,-8.312166404673917,-6.029675931511997,3181700,0.7787738417951181,True,False,False,False,True,0.0149469155419321,0.0364030392427436,-0.008919999979294,0.0108486626523072,0.0364030392427436,-0.008919999979294,0.0248311802793022,0.0366441498350906,-0.0120539806776633,-0.0108486000453275,0.0397782621622613,-0.0147058872359994,0.005962962615099913,-0.02327469897389245,0.05821003296619964,0.16858839121517502
4901,2024-10-03,3605.671142578125,3660.162236328125,3552.876188151042,3549.514807942709,0.0009469970940285677,6.907671313749233,22.259757819373117,2612500,0.728147898335224,True,False,True,False,True,0.0147610890477505,0.0324744537335881,-0.006709626936823,-0.0056361272786081,0.0324744537335881,-0.0281804444728092,-0.0461621567965883,0.0324744537335881,-0.0517982273388707,-0.0866881863145683,0.0324744537335881,-0.1392915327733729,0.01488761705947367,-0.04475241579670697,0.03226615368895114,0.29847272939331154
8267,2024-10-11,1184.870849609375,1275.259072265625,1178.0939794921876,1169.954420572917,0.006957158993668111,-0.7787742443799743,16.303299593319426,16081800,1.8416242957262607,True,False,False,False,True,0.0392482863477958,0.0511332288828889,0.0024875626940936,0.0414593906616025,0.0569376572901363,0.0024875626940936,0.0610835338355004,0.0807076537002653,0.0024875626940936,0.0215589367165915,0.0807076537002653,-0.0243229013899434,0.07087832160697068,-0.1325802087629685,0.16189991274535875,0.3752041855191673
4901,2024-10-18,3585.34912109375,3623.27078125,3560.6507356770835,3559.5005859375,0.00032312109854037985,-5.05026890098452,5.571816740812414,2297600,0.7401382282876733,True,False,False,False,True,-0.0278002450020734,-0.0043185730705436,-0.0402158998410253,-0.0407557340222626,0.0143049935306374,-0.0464237502252825,-0.1085020077504547,0.0151146500693406,-0.1098515354408112,-0.0782725787659875,0.0151146500693406,-0.1344129741248285,0.010466140248885048,-0.07529206911523467,0.030915093091100854,0.2691605201194358
7832,2024-10-24,3135.928955078125,3231.0334375,3101.032014973958,3097.944482421875,0.000996639084271056,-15.079820021643627,16.026187616424743,5855000,2.9627717982582644,True,False,False,False,True,0.0078196837388617,0.0159524132983359,-0.018142040456367,0.038786307106436,0.0584922490639872,-0.018142040456367,-0.0172037402007744,0.0738190854435278,-0.0597435338328403,0.1801688080708365,0.1958084689252075,-0.0597435338328403,0.029434694583495846,-0.041050511205287465,0.04611075663214337,0.34116080566347556
7936,2024-10-24,2633.1953125,2819.62162109375,2599.3925553385416,2579.9632747395835,0.007530836112742412,-23.110505235546498,13.695308970118852,3834900,0.9275702347406484,True,False,False,False,True,0.0151485763197636,0.0319805365499863,-0.0295494159493874,-0.0243126741215669,0.0319805365499863,-0.0933233360439632,0.0703197087070426,0.1008040527765419,-0.0933233360439632,0.1539179948612812,0.1931924216932359,-0.0933233360439632,0.06611749150988352,-0.0780138520948701,0.18977029377965027,0.4126132401216171
1928,2024-10-28,3433.169189453125,3573.3690625,3427.3863671875,3414.786083984375,0.003689918751344612,-31.620699969887028,-7.217704638894226,1346300,0.6291150893228473,True,False,False,False,True,-0.0026824278115731,0.0032188689918393,-0.0228004275614587,-0.0112661114738235,0.0120708160983211,-0.0265558175581992,-0.0380902473649151,0.0120708160983211,-0.0659870602538805,-0.0241416369671989,0.0120708160983211,-0.0659870602538805,0.03923464679822025,-0.06889072323153211,0.03261383189021849,0.20164824433840034
7936,2024-10-28,2614.973876953125,2808.294990234375,2603.010504557292,2588.821025390625,0.005481058376573422,-36.14124913237493,-3.471207170628236,2626300,0.6625687626692971,True,False,False,False,True,-0.0060262724078284,0.03917149436341,-0.0158191634659651,0.0563089135185514,0.0804143763337368,-0.0870055098737913,0.1348399807934566,0.1465160642334158,-0.0870055098737913,0.1661017765679235,0.2015067222675253,-0.0870055098737913,0.06883931850233284,-0.11529726172959998,0.1449908891923879,0.342605356056776
4307,2024-10-29,4789.62060546875,4993.70021484375,4773.423385416667,4758.06390625,0.003228094340324228,-58.91161986026873,-22.75373320641758,1945200,0.6616214009965817,True,False,False,False,True,-0.0704081895839422,0.0281633962065952,-0.0855102621599837,-0.0581631851018993,0.0281633962065952,-0.0855102621599837,-0.0759183549470121,0.0281633962065952,-0.1153060646103724,-0.0499999847081442,0.0281633962065952,-0.1153060646103724,0.040867413059433144,-0.09101189858208314,0.08610138675173262,0.1402415609360452
4452,2024-10-29,3243.791015625,3309.134140625,3218.985934244792,3213.68048828125,0.0016508940396808836,-17.137346929498108,-2.836206838356564,1940600,0.837631702758582,True,False,False,False,True,-0.0434845175970197,0.0032321213934753,-0.048185632671009,-0.0687526681081224,0.0032321213934753,-0.0904950289576669,-0.0459819270107976,0.0032321213934753,-0.1009254619316739,-0.0614073551574793,0.0032321213934753,-0.1009254619316739,0.01974629078882201,-0.05802165171346019,0.06194047430112737,0.15554955788924854
6702,2024-11-06,2747.451416015625,2944.67162109375,2716.760511067708,2704.2767415364583,0.004616306215819099,-34.848849796875584,9.698424031637376,7163100,1.2344393960413358,True,False,False,False,True,-0.0208817457869557,0.0431911975467773,-0.0319472455611463,-0.0030340618405143,0.0431911975467773,-0.0319472455611463,0.0019632896644892,0.0431911975467773,-0.0373014729278835,0.0312333136151303,0.0431911975467773,-0.0490808191837656,0.06697527957459344,-0.06397473353736838,0.02603770888925827,0.3967575467900596
7936,2024-11-06,2619.406005859375,2735.13478515625,2609.2023893229166,2605.7682942708334,0.0013178819696415545,-40.74663798998154,-28.413599045870452,4043200,1.130977689260859,True,False,False,False,True,0.0308328192324285,0.078586276460191,-0.088550329295402,0.0908065150371135,0.0971986938567037,-0.088550329295402,0.1739049184706955,0.1806731082632877,-0.088550329295402,0.1610640308909789,0.2051981120319386,-0.088550329295402,0.04231191088824669,-0.09508802136343775,0.11686217013075528,0.2832326430727605
9101,2024-11-08,4504.77880859375,4656.2191796875,4492.543291015625,4467.426298828125,0.005622251047339821,-19.191562883846014,15.092414658172492,6164400,0.8586023545961983,True,False,False,False,True,0.0219442525607842,0.0252256308551797,-0.0098441656953219,0.020303525325265,0.0455290877915233,-0.0098441656953219,-0.0016407272355193,0.0455290877915233,-0.0256357443407228,0.0381460139931693,0.0986465027465341,-0.0256357443407228,0.03252432182625781,-0.019854583198559594,-0.006261376392023621,0.2887090141239828
6702,2024-11-14,2798.4482421875,2895.1851171875,2735.5648697916668,2718.854208984375,0.006146214369300074,-43.9532289963272,-29.51895516557624,4616200,0.8382414760836425,True,False,False,False,True,-0.0394253616418976,0.013842633545446,-0.0404767019976344,-0.0077098740896792,0.013842633545446,-0.054844970320796,0.0042052986256682,0.0154196290612529,-0.054844970320796,-0.0644822343297817,0.0154196876176808,-0.067636255641275,0.03341301888632744,-0.0823483439179632,0.11437608824884937,0.4216165173794685
9101,2024-11-15,4603.6328125,4629.0574609375,4515.648479817708,4492.543291015625,0.0051430086045669565,-30.43542865957897,-16.38751276073946,6329400,0.8683150210788705,True,False,False,False,True,-0.0016054958295503,0.0230783970570216,-0.0096327819791017,-0.0375275767269395,0.0230783970570216,-0.0465583095969092,0.0278948138783059,0.0278948138783059,-0.0465583095969092,-0.0453542760897049,0.0750552194931863,-0.0551877090246649,0.0054924028599875555,-0.03502822206550449,-0.018105104023053986,0.2744267476548234
7741,2024-11-18,19605.576171875,20090.908359375,19561.273541666666,19451.03747395833,0.0056673618492546485,2.722432351518364,116.66137035109472,681200,0.7690006491124093,True,False,True,False,True,-0.0075074304733336,0.0255255853162852,-0.0307807689450699,-0.0227727383442309,0.0255255853162852,-0.0450450114011743,-0.0030028725684407,0.0420420769658842,-0.0450450114011743,0.0518017683704661,0.0555555220049075,-0.0450450114011743,0.024156806592247986,-0.00866337505124748,9.998434652835897e-05,0.2945574156388192
7832,2024-11-25,3169.279296875,3169.475439453125,3133.396012369792,3124.6844075520835,0.0027879951001301695,-18.843094323665355,-6.3578366809074325,2965900,1.2182038486024684,True,False,False,False,True,-0.0160941435448097,0.0157846058940469,-0.0287837126277485,0.016094066511326,0.0219745987268957,-0.0287837126277485,0.1513462987876161,0.183224970461826,-0.0287837126277485,0.1463943553560764,0.183224970461826,-0.0287837126277485,6.188487081601562e-05,-0.028531843144119717,0.011334123355729586,0.31211028961623033
6762,2024-11-28,1866.5523681640625,1879.070625,1841.481131184896,1833.545908203125,0.004327801636309969,-4.642313688657623,8.013876320487585,6630400,0.6628090110596457,True,False,False,False,True,0.0787483477806945,0.0803128849058296,-0.0080835006810092,0.0670142962462976,0.0829205093566411,-0.0080835006810092,0.0664928060976808,0.0876140971888224,-0.0080835006810092,0.0229465475213619,0.1019555697263228,-0.0550195546466063,0.00666194057284971,0.023841588985866635,-0.02204208893820847,0.3856025335670182
6902,2024-11-28,2063.493896484375,2131.4610302734377,2062.4893929036457,2053.507325846354,0.004374012668101779,9.705768334260483,27.449255792316368,5037000,0.4724899149152318,True,False,True,False,True,0.0011539183710123,0.019616901429958,-0.0272328526059036,0.0043849607983652,0.0216940243817684,-0.0272328526059036,0.0018462930564591,0.0216940243817684,-0.0611586141157025,0.0140779697662265,0.0313869957172707,-0.0611586141157025,0.031887579844865115,-0.009028186060757837,-0.02165379953251978,0.3128292235002273
8697,2024-11-28,1700.2930908203125,1737.9361328125,1690.2385514322916,1675.7246077473958,0.008661294115866802,-10.508194678909604,-1.6951888157107418,1353300,0.3835014735887553,True,False,False,False,True,0.0550126317405208,0.0692544645141488,-0.0047471809038209,0.0742810526189583,0.0862888730667399,-0.0047471809038209,-0.0044679366156498,0.0862888730667399,-0.0228985889750598,-0.0767941906844673,0.0862888730667399,-0.1119798930358761,0.02165962332072002,-0.01897336411066819,0.069710802803999,0.2810856968838783
8750,2024-11-28,923.59765625,928.639296875,914.4395703125,911.1430045572916,0.003618055276416232,-3.598989016810833,2.2342008012812897,13580400,1.217368231389964,True,False,False,False,True,0.1282901971316312,0.1466903996669601,0.0017888429391661,0.0940453961030447,0.1466903996669601,0.0017888429391661,0.0904677329650949,0.1466903996669601,0.0017888429391661,0.084078652285348,0.1466903996669601,0.0017888429391661,0.005429062330191963,0.020600535862511316,-0.05050370121908487,0.4082262109418476
9020,2024-11-28,2830.29736328125,2860.790859375,2782.149215494792,2763.4709700520834,0.006758980153989569,-29.934372187588902,-20.821693253199367,3182800,1.071803204162212,True,False,False,False,True,-0.0125000668512739,0.0417808177495051,-0.013698696907116,-0.0241438335781096,0.0417808177495051,-0.0436643581745801,-0.0482876671562192,0.0417808177495051,-0.069178099257926,-0.0493151065419534,0.0417808177495051,-0.1005138240656381,0.010659114067643449,-0.04043830337930243,0.048903793364433845,0.23272013262027255
6902,2024-12-02,2064.446044921875,2134.7184228515625,2063.273904622396,2059.473098958333,0.0018455233360343826,-3.2854822539998167,17.036252263634328,5887800,0.8127740168523815,True,False,False,False,True,-0.0020759295413855,0.0191466413125123,-0.0106111178541844,-0.014532807645627,0.0212228062691366,-0.0163782518260658,0.0216840857188369,0.0309113070845523,-0.0615916195511456,-0.0876584723386586,0.0371396299258484,-0.0897345971803658,0.032918804268254505,-0.020630929796957798,-0.014731520589005731,0.30897618271432975
8015,2024-12-02,2532.9521484375,2553.093310546875,2532.284957682292,2518.79423828125,0.0053560228128231024,-20.43825902505841,-7.674867638759276,2395100,1.2634316430255683,True,False,False,False,True,-0.0196337879273312,0.0175570630614503,-0.0330376148199439,-0.0062299927170887,0.0175570630614503,-0.0330376148199439,0.0677742551979898,0.0819332136739179,-0.0334151521847657,-0.0443647462373874,0.0819332136739179,-0.0573909873495209,0.007888925181923948,0.008403529671142884,-0.036446686602418565,0.29923477102109886
8725,2024-12-02,3226.212890625,3293.402177734375,3167.585869140625,3144.142223307292,0.007456293058102359,-19.77545581793902,10.058996156016129,4422000,0.986614219783824,True,False,False,False,True,-0.0017451951512905,0.0229783874933791,-0.0093077315516596,-0.0049447700446961,0.0229783874933791,-0.0127980725514447,0.0031995748934054,0.0229783874933791,-0.0418848283753012,-0.0715532282250921,0.0229783874933791,-0.0971495234168455,0.020401178927863736,-0.0012254627432057852,0.0012035861112098534,0.3524270022185991
7203,2024-12-03,2528.00048828125,2541.65087890625,2492.433795572917,2484.3943815104167,0.0032359653210987105,-6.037062896494717,4.037029353007452,28572300,1.0726441082904172,True,False,False,False,True,0.0103695040604789,0.0180995189264014,-0.015271478682034,0.0077300237863229,0.0271493070725779,-0.015271478682034,0.1353694799168299,0.2141779684379752,-0.015271478682034,0.0833332528545036,0.2141779684379752,-0.015271478682034,0.005370678852193177,-0.03217750517948925,-0.048039311195190004,0.30537979587725594
7751,2024-12-03,4619.64794921875,4659.75873046875,4605.768098958333,4581.62453125,0.005269652182027906,-14.520878447137877,-0.8330477532626297,2842400,1.2707211959728903,True,False,False,False,True,0.0125075057823986,0.0161387331256381,-0.0181561969435127,0.0102885105959291,0.0270324612119974,-0.0181561969435127,0.0325872242995721,0.071104378944744,-0.0181561969435127,0.0391433752677692,0.071104378944744,-0.0181561969435127,0.008607909458429286,-0.042720490577981884,-0.05639112324457407,0.15326096350180549
7741,2024-12-05,19742.953125,19778.47515625,19698.185989583333,19690.75502604167,0.00037738337264547894,-144.98638973277411,-178.44549457620565,803800,0.9160949146360922,True,True,False,False,True,0.018638177071091,0.0347912586787078,-0.0004969053899788,0.0047217203290097,0.0347912586787078,-0.0191351397134302,0.0129224311839113,0.0347912586787078,-0.0293240507491201,-0.0350396977085969,0.0834990133564952,-0.0541748878390214,0.0017959944317938851,-0.038407677251069194,-0.011766196699461329,0.2408015732235696
7751,2024-12-06,4629.8994140625,4644.58666015625,4614.168014322917,4598.536217447917,0.003399298414936691,-16.625722962726286,-9.490486089465616,1431100,0.6351622746185853,True,False,False,False,True,0.0110707259644924,0.024758418899647,-0.0014089680572115,0.0392511775427086,0.049718165966536,-0.0014089680572115,0.0303008827009056,0.068732753148428,-0.0014089680572115,-0.0269379966365865,0.068732753148428,-0.0285733949615671,0.003162228884594893,-0.010711159337002063,-0.039375217911128635,0.16621136775957485
8001,2024-12-09,1479.9012451171875,1483.53490234375,1464.5861279296876,1456.1084244791666,0.005822164962443255,-3.7697986419580047,-5.88273161023647,10861500,0.7236091517920344,True,True,False,False,True,0.0009122890197603,0.0263260609517721,-0.0046917612727103,-0.0079499471721968,0.0263260609517721,-0.0276293611347676,-0.0417046409033278,0.0418350022539091,-0.0427472420213245,-0.1436206045671696,0.0418350022539091,-0.1489639841806654,0.0024493237205419896,-0.029812821795911937,-0.04617384427962601,0.2039470147218678
4578,2024-12-16,8450.0234375,8585.9981640625,8426.87208984375,8409.94626953125,0.002012595535101136,-51.82231593103461,-36.75916071776576,728700,0.5837235103515398,True,False,False,False,True,-0.0160182386698262,-0.0004575006620106,-0.0416474161901623,-0.0091341277714651,0.0042311248291067,-0.0416474161901623,-0.0774576600656618,0.0042311248291067,-0.0993489304862439,-0.1378313600276626,0.0042311248291067,-0.1653682627653974,0.015836798932899167,-0.01817304932848629,0.03203952745880856,0.25163380561734877
8031,2024-12-23,3089.670166015625,3095.2405078125,3032.5599283854167,3022.843369140625,0.003214377345510444,-5.841380630608455,-0.8619740229187349,4731200,0.700991213903664,True,False,False,False,True,0.0292197989314981,0.0425862898267124,-0.0136773391358409,-0.0488033106158223,0.0425862898267124,-0.0512900993462385,-0.0472490197576681,0.0425862898267124,-0.0783339292889764,-0.1286912531195455,0.0425862898267124,-0.1708113811328953,0.0017996474854910481,-0.03828494474319322,-0.0055868433255359395,0.28046170289342087
8766,2024-12-23,5322.6142578125,5407.1041015625,5286.549479166667,5282.030319010417,0.0008555725513321732,-45.69181961499089,-25.13966615978091,3861300,0.6938725267774273,True,False,False,False,True,0.0267072413788673,0.0439146253125914,-0.0138018047314384,-0.0745652991171037,0.0439146253125914,-0.0745652991171037,-0.0663201511387235,0.0439146253125914,-0.0774333190782505,-0.0871124588719601,0.0439146253125914,-0.1098763506313295,0.015625710576865806,-0.04671827996113698,0.039467766721633435,0.23795223569376356
9984,2024-12-23,2222.1708984375,2248.968212890625,2202.0360514322915,2187.823570963541,0.006496173026644625,9.55640975648248,19.221924256116328,26542800,0.7464884433054869,True,False,True,False,True,0.0278648281281106,0.0378245417594009,-0.0168978979988005,0.0352507775203987,0.077439643189191,-0.0168978979988005,0.0833706877116839,0.2186660501603712,-0.0168978979988005,-0.0221576284452272,0.2186660501603712,-0.0285363209582304,0.011915381595670613,0.0011828762826746608,-0.006926099220933901,0.3462833627885148
3407,2024-12-24,1020.9188232421876,1028.194755859375,1020.805353190104,1017.6169498697916,0.0031332057909614353,-5.04752407216597,-3.716731460914705,1533000,0.4337210322164474,True,False,False,False,True,0.0097946197984615,0.0289178150105295,-0.0130597671749336,-0.0074627240440363,0.0289178150105295,-0.0163246640079288,-0.0242537485201833,0.0289178150105295,-0.0424440455764384,-0.0457089829969198,0.0289178150105295,-0.0774254141173155,0.007076414828731575,-0.03687268952543776,-0.03510359405009278,0.15822135222018646
9984,2024-12-25,2218.440673828125,2252.95697265625,2209.1371321614583,2197.179762369792,0.005442144514734348,-1.6199180121398058,12.307199744193044,19863600,0.6014861828598421,True,False,False,False,True,0.0475284131271382,0.0792513174519087,-0.0001120558081537,0.0089676894875199,0.0792513174519087,-0.0013451074901258,0.0535815237445624,0.2207151913181888,-0.0013451074901258,-0.0726375475101998,0.2207151913181888,-0.0789148710130921,0.015320442976516333,-0.029558280059704067,0.024468683045422157,0.348404083443601
9021,2024-12-26,2641.363525390625,2667.0461328125,2616.341455078125,2614.190989583333,0.0008226122358163668,-8.301314554057626,0.6491847989039736,1225800,0.957031936197871,True,False,False,False,True,-0.0023512285071898,0.0207993686937608,-0.0041599150445501,-0.0215229191170184,0.0207993686937608,-0.0379815600733984,0.0425030906204579,0.0481098907261543,-0.0379815600733984,0.0989328520823271,0.0989328520823271,-0.0379815600733984,0.009629607491937886,-0.05154680742924134,-0.02161323988408892,0.1310850672237074
4689,2025-01-07,411.8031921386719,414.1270397949218,406.9141097005208,405.5779044596354,0.003294571095202148,-0.3376308562650365,1.5147276472433866,16888300,1.5642666634556917,True,False,False,False,True,0.0044674779477376,0.0221021068422311,-0.0138725481028345,0.0148131383454546,0.0221021255519198,-0.0138725481028345,0.1145073943044325,0.1279097271153224,-0.0138725481028345,0.2189043444377771,0.2414765886451764,-0.0138725481028345,0.0056114366678416405,-0.030933543595246138,-0.030902864278554487,0.18186832542094775
1925,2025-01-14,4459.23779296875,4533.0219921875,4425.081061197917,4410.698151041666,0.003260914636122658,2.707980634211708,24.08517314015079,2032100,1.3763838513145106,True,False,True,False,True,0.004482333954082,0.0074705253248203,-0.0226254076429145,0.0215580170158966,0.0300959026574838,-0.0226254076429145,0.0341514756224432,0.0572037392274631,-0.0226254076429145,0.0529347926897276,0.0902880582302918,-0.0226254076429145,0.01627704417625019,0.010481521579935316,0.03586876472145495,0.1388995005865356
8308,2025-01-15,1097.4217529296875,1133.02595703125,1087.7492838541666,1079.0380834960938,0.00807311668727051,-14.755228382886344,-11.192145601038735,7812900,0.8851444396798576,True,False,False,False,True,-0.0097559765603839,0.0270510369588561,-0.0314855990982742,0.0084258436438655,0.0319291275127293,-0.0314855990982742,0.0261641749755481,0.0439024581252598,-0.0314855990982742,0.1481153836356721,0.1587583999382043,-0.0314855990982742,0.031423996847214836,-0.05097135293994781,0.0868523484909528,0.29074359843864
6503,2025-01-20,2526.06884765625,2570.322802734375,2497.224716796875,2479.436516927083,0.007174291315124259,-15.32787448797626,-2.410081700251392,2987800,0.8029961177860226,True,False,False,False,True,0.0212889461820868,0.0555448005452154,-0.0123861680017935,-0.0145151466475843,0.0555448005452154,-0.0257402294233975,-0.0778013213388747,0.0555448005452154,-0.0814785846048959,0.1494097969435508,0.1813432246236628,-0.1120572318510211,0.0172172752119097,-0.016359500128937055,0.08884390737649972,0.15946536714076812
7270,2025-01-20,2477.660888671875,2478.185439453125,2409.497854817708,2399.233313802084,0.004278258790662459,21.499258564542743,41.92885646845582,2286100,0.7367457629303539,True,False,True,False,True,0.021360991413607,0.0385632971982732,-0.0134215981280397,-0.0251417475628662,0.0438562704966922,-0.033459328153759,0.06275992144257,0.1285443870388325,-0.033459328153759,0.1111530877620423,0.1287334275309892,-0.033459328153759,0.00021166728401321043,0.06173197323475654,0.00929221718940143,0.2749547473514571
8308,2025-01-20,1109.5882568359375,1121.61861328125,1094.248758951823,1084.9425415039063,0.008577613184027832,-13.578040262838384,-12.709267221734825,6243400,0.7046587680265909,True,False,False,False,True,-0.0179823486836322,0.0206141467678373,-0.031578799224501,-0.0157893283498429,0.022807041524204,-0.031578799224501,0.082456200376094,0.0885965515937867,-0.031578799224501,0.2087719273154686,0.2131578922186452,-0.031578799224501,0.010725888731569943,-0.037658336368594725,0.07201099662418309,0.30238769720257014
1925,2025-01-21,4479.2255859375,4518.4402734375,4430.645091145833,4425.081061197917,0.0012573848639081397,-15.95364406970657,-0.936599616383544,1306100,0.8698026445037144,True,False,False,False,True,0.0169994856899047,0.0254992724487006,-0.014874676380404,0.0382490608226737,0.0488737953787796,-0.014874676380404,0.0577985129701419,0.0779854745865591,-0.014874676380404,0.0796854707071077,0.0854228306220588,-0.014874676380404,0.008678810635282879,-0.005800703535842611,0.027983075727447737,0.1400120492980334
9434,2025-01-22,183.2963104248047,184.79360107421877,182.53697001139324,182.46052876790364,0.0004189467388140411,-1.0194827306525838,-0.6518307870894461,58109500,1.066074728060086,True,False,False,False,True,0.0288065596964897,0.0334361571858368,0.0005144022460603,0.0447530228286234,0.0586420107152887,0.0005144022460603,0.0833333125216908,0.0967077892620409,0.0005144022460603,0.1085390418502982,0.1234567676596867,0.0005144022460603,0.008102502687918968,-0.022235790590839577,0.004462598071845791,0.11617884212612548
7751,2025-01-24,4687.84765625,4741.7107421875,4687.138196614584,4675.659557291667,0.002454977566751282,-17.18618854622764,-5.411522429978279,1855000,0.7343001288488905,True,False,False,False,True,0.0131232975221005,0.0290732258808581,-0.0141329887137462,-0.0389663808267553,0.0413889301895704,-0.0405815633799877,0.0379566640474164,0.0565312629760998,-0.0405815633799877,-0.020795540997376,0.0565312629760998,-0.052897412708362,0.011359420442557635,-0.0451565164811758,-0.045708447239026895,0.12521675481090402
8308,2025-01-24,1106.66845703125,1108.6928955078124,1102.0729833984376,1091.8621720377605,0.009351740194113,-12.322909981601924,-12.969050502553609,12089100,1.44767937921186,True,True,False,False,True,0.0193490324325589,0.0255055839658011,-0.017590146959845,0.0004396730226958,0.0351801916868792,-0.0211081846162307,0.0637641702445712,0.1156552705230093,-0.0211081846162307,0.2203165557519952,0.2576956230153198,-0.0211081846162307,0.0018259686562121962,0.008133254875271945,0.1020958855163503,0.22860957873768953
9432,2025-01-27,145.3797149658203,146.51615173339843,144.72978556315104,144.52454345703126,0.0014201193874090468,-0.916331934999107,-0.6172951144441378,199461600,1.5105760681715257,True,False,False,False,True,-0.0078429993686766,0.0117646883275845,-0.0143789478580388,-0.0516339625750648,0.0117646883275845,-0.0516339625750648,-0.0366013284555772,0.0117646883275845,-0.0555555316094208,-0.0196078657752919,0.0117646883275845,-0.0555555316094208,0.007756392412257623,-0.027683873869084774,-0.00219319981453836,0.12047572889501634
2802,2025-01-29,3060.588134765625,3106.243974609375,3034.186572265625,3017.0288053385416,0.005686974846485837,-18.385874694340146,-13.393716674498652,2171800,1.0406225143985204,True,False,False,False,True,0.0147696636827407,0.0499278067090671,-0.018783138848507,0.0147696636827407,0.0499278067090671,-0.0235992553040028,-0.0359608266289326,0.0499278067090671,-0.0603628487787281,-0.0438624431435153,0.0499278067090671,-0.0603628487787281,0.014698085603366527,-0.0360297334212093,0.024150649949228997,0.16607932893564767
5802,2025-01-29,660.477783203125,669.51498046875,648.6621557617187,639.9736075846354,0.013576416392975021,0.4504811310412151,0.2121199103885545,24010000,1.6855202508132758,True,True,True,False,True,0.0759355557962337,0.137226469313018,-0.0101248415012155,0.0569517361551346,0.137226469313018,-0.0101248415012155,-0.0531549537447921,0.137226469313018,-0.0710540713696716,-0.0876753999623703,0.137226469313018,-0.1155307239756265,0.013498125552467433,-0.0338324252846407,0.1502309519543803,0.46332817946733207
7751,2025-01-29,4709.61572265625,4743.6155859375,4694.35888671875,4680.412265625,0.002979784750198222,-11.187441161566312,-9.139736776793915,1721700,0.7260344736703389,True,False,False,False,True,-0.0004018540442473,0.0365755813471058,-0.0235128386833646,0.0389872033954801,0.044614213394527,-0.0450160407279497,0.0174839686052046,0.0516479255559991,-0.0450160407279497,-0.0665192856246046,0.0516479255559991,-0.0673231441515156,0.0071674996983405,-0.04929703754625725,-0.03925457142250388,0.12386804175340346
7270,2025-02-04,2460.799560546875,2530.49263671875,2424.96021484375,2419.321070963542,0.0023308786700071416,9.335140299362138,20.187898564494457,3156700,1.1124502662451852,True,False,True,False,True,0.0837457655116582,0.127331578393969,-0.0110391539243595,0.0542444095328755,0.1362771408634715,-0.0110391539243595,0.0681386407075397,0.1362771408634715,-0.0110391539243595,-0.0572298943343551,0.1397031238443342,-0.0866731799508001,0.027541307633380384,-0.03936560814896317,-0.01553987851955041,0.29575652958425536
4507,2025-02-06,2125.007080078125,2152.319658203125,2094.060559895833,2086.940289713541,0.0034118226656449924,-1.1102518816360316,12.833676398161804,2124400,0.9647198797506006,True,False,False,False,True,-0.0156356326478231,-0.0004531906832875,-0.0482665172046059,0.0231134340200382,0.0265124819735931,-0.0482665172046059,0.0482664981929632,0.0636756111380267,-0.0482665172046059,0.0418633715489689,0.125295150397277,-0.0482665172046059,0.012689833510976765,0.0024593004161800325,0.01639362968307534,0.2884487722216272
9433,2025-02-12,2357.031982421875,2368.750498046875,2356.4468359375,2349.588863932292,0.0029187966075607807,9.952986535239232,18.995634066414805,11080600,1.3143638669148163,True,False,True,False,True,-0.0046558031604854,0.0182187323234797,-0.0052630906509305,-0.0014169700601891,0.0182187323234797,-0.0297569869864656,-0.0340080065023181,0.0182187323234797,-0.042510132845188,0.0168618401365676,0.0353653146652361,-0.084289721102148,0.004947129566690179,0.008669341544793152,-0.011383236870364577,0.29844597105786347
4507,2025-02-13,2116.821044921875,2142.400068359375,2097.8614615885417,2092.1922119140627,0.0027097174161128113,-14.367362423695797,-1.8821489025300928,2253500,1.1030590492693182,True,False,False,False,True,0.0,0.0079617161939515,-0.0177434291727281,0.0204732161320819,0.0677889895308341,-0.0177434291727281,0.0106915415133546,0.0677889895308341,-0.0177434291727281,0.0292799756969004,0.1296468199370373,-0.0177434291727281,0.011939424300470661,-0.03733374251934152,0.014691736158377378,0.33683659210604827
4507,2025-02-18,2122.599609375,2137.623251953125,2101.880660807292,2096.2627734375,0.002679953792519729,-12.052916864878624,-7.579604411892468,1205700,0.5842376490939882,True,False,False,False,True,0.057168667548177,0.0607984503584069,-0.011343088652111,0.0533120593022817,0.064882041149666,-0.011343088652111,0.0412885971377594,0.064882041149666,-0.011343088652111,0.0892952609151329,0.1265714698194537,-0.011343088652111,0.00702819945675554,-0.03760006947680128,0.032950328085469716,0.3386072859637489
7203,2025-02-18,2672.89306640625,2737.2372265625,2659.4208463541668,2645.465377604167,0.005275241501228267,-19.851376519528912,-5.05884114460523,18272300,0.6819087234331181,True,False,False,False,True,-0.0281739322644789,-0.0044577858869258,-0.0549214380113407,0.0162269128082592,0.0253210648618162,-0.0549214380113407,0.0313837837739092,0.0438659526646723,-0.0549214380113407,-0.0929167157616295,0.0559915434262585,-0.1916666279133846,0.02350697248007808,-0.04672650403548195,0.016305740095160726,0.2867637656538163
8053,2025-02-18,788.1898803710938,790.4404467773437,787.3601676432291,786.2698274739583,0.0013867251815751214,0.9254637049267558,2.976433205287424,7437600,0.678725846810328,True,False,True,False,True,0.0241983263824481,0.0505141131074051,-0.0308530700217922,0.0408347628871439,0.0505141131074051,-0.0308530700217922,0.1064731007055064,0.117967353801955,-0.0308530700217922,-0.0022342158558238,0.117967353801955,-0.1417365942324763,0.0028472308260863994,-0.00930842716999547,-0.015234245154394088,0.26332198227962184
5803,2025-02-26,1029.6009521484375,1071.0000390625,1007.0033056640624,994.9953670247396,0.012068336232790022,8.884187458676251,19.36822136576068,182801400,1.077655508831962,True,False,True,False,True,-0.0129725670464287,0.0893845298110338,-0.1052048190591368,-0.0965036301538527,0.0893845298110338,-0.1673785209626188,-0.0775193784663472,0.0893845298110338,-0.1673785209626188,-0.2245048930634937,0.0893845298110338,-0.42517982699891,0.03865460822046396,-0.01699947785647482,0.11669956993106734,0.7108835367013246
7182,2025-02-27,1428.541748046875,1471.66052734375,1414.8563037109377,1405.457674153646,0.006687237709204874,-4.408755156881398,5.801297635100663,14933300,2.209517468419982,True,False,False,False,True,-0.0118109509550601,0.0026246448487392,-0.0278870764935333,0.026246785547229,0.026246785547229,-0.0479002575562538,0.0586797958131406,0.0734908221486678,-0.0479002575562538,-0.0239870340079575,0.0734908221486678,-0.2097322759938218,0.029299406008192284,-0.03786352290048267,0.050105975110025014,0.2066502241230831
7182,2025-03-03,1418.230712890625,1469.0733984375,1416.7185302734374,1409.325861002604,0.00524553580928,-8.538848883735454,0.8850877963919692,12264000,1.520767327806953,True,False,False,False,True,-0.026107005369015,-0.0003303687676468,-0.0380038997723795,0.0343689087742571,0.0429611105723819,-0.0409781581916273,0.0489008315096057,0.0812954772773997,-0.0409781581916273,0.0012702543073568,0.0812954772773997,-0.2039867522147822,0.034608676190686576,-0.04425550353180774,0.06116912446718348,0.20305249350679397
7203,2025-03-03,2664.314208984375,2693.6168359375,2664.1743522135416,2660.107177734375,0.0015289513570015956,-35.27009544766224,-31.880492362537357,24143500,0.8104743491338934,True,False,False,False,True,0.0121645398056691,0.0325582058254405,-0.0250447173169686,-0.0123434085360886,0.0325582058254405,-0.0293381420052499,-0.0419188766164047,0.0593917433198039,-0.0590373312343225,-0.006043325635197,0.0593917433198039,-0.1890638655495874,0.010878543140277964,-0.03389910579570021,0.05526358615777083,0.34071310298095475
5803,2025-03-05,1016.244384765625,1050.9716015625,1012.5739965820312,1007.0033056640624,0.005531948988285906,-11.896580397706202,2.822173247375952,173758200,1.0095655232591176,True,False,False,False,True,-0.084628917412626,0.0125020564417082,-0.1564353216142607,-0.0593043977747225,0.0160281817469432,-0.1564353216142607,-0.2068545576892169,0.0560986185400489,-0.2172309100881356,-0.103576977213656,0.0560986185400489,-0.4176249273224314,0.03304296400135389,0.031585548333261215,0.09909552563132973,0.751833253232543
6954,2025-03-10,4218.99951171875,4278.400234375,4138.405432942708,4129.982268880209,0.0020395157930745977,-32.705091788571735,-13.017631236917053,3200400,1.108004853839536,True,False,False,False,True,-0.0055032624806565,0.0199496064981021,-0.0355423138334414,0.0,0.0275166455224802,-0.0355423138334414,-0.2346736205763756,0.0275166455224802,-0.2789697775916228,-0.1393557047725534,0.0275166455224802,-0.2954358883440424,0.013883862986681813,0.01172987972359485,0.10660507112214712,0.23435125951896713
6178,2025-03-12,1483.7174072265625,1533.152373046875,1483.1698404947915,1478.2734635416666,0.0033122267793361804,-5.007429111677084,3.6365996722201817,7273000,1.311205279435639,True,False,False,False,True,0.0212423875610026,0.0318634941964262,-0.0009655768804391,0.0424847751220052,0.0440940446112332,-0.0009655768804391,-0.1176963018073878,0.0522917451890494,-0.2213237037766889,-0.0673536870322403,0.0522917451890494,-0.2213237037766889,0.03224400045904706,-0.03275872576836225,0.022963098132207982,0.18056483146203317
7182,2025-03-12,1443.5396728515625,1444.90818359375,1420.8179361979169,1418.1933170572918,0.001850677978141313,-13.341858688713272,-11.275347382287316,36619900,2.391292068522263,True,False,False,False,True,0.0256492824771465,0.0318181132359518,-0.0048701421377181,0.0581168100026747,0.0623375889318047,-0.0048701421377181,-0.0472572057769847,0.0623375889318047,-0.2179429099813195,0.0106480271366642,0.0623375889318047,-0.2179429099813195,0.0009471264387081996,-0.013574847691083303,0.03411560653646295,0.23409365043031824
8309,2025-03-12,888.7622680664062,906.40568359375,888.357255045573,886.0902124023437,0.0025584783710486114,-3.108537547328524,1.5723550000036033,10232000,1.1738737374432682,True,False,False,False,True,0.0461049944026985,0.0527292224822455,-0.0034445877758771,0.0736619441387864,0.0773714912480141,-0.0034445877758771,-0.0938991027080281,0.0773714912480141,-0.2350886258974643,-0.0251977116888041,0.0773714912480141,-0.2350886258974643,0.019465252531725683,0.008841845494464429,-0.002579040614498096,0.1812149206345493
8411,2025-03-12,3886.541015625,4053.76669921875,3843.636080729167,3810.0427734375,0.008817042035819123,-12.471985849227622,25.501188247369317,9478500,0.9480846509511104,True,False,False,False,True,0.0690164726125666,0.0744391985515746,0.0081340848869735,0.0882426030537075,0.1099334743099631,0.0081340848869735,-0.1401880689016432,0.1099334743099631,-0.3258663360665725,-0.0509221150313908,0.1099334743099631,-0.3258663360665725,0.04125192592508547,-0.010936289352285966,0.07348771715506675,0.30674122976694806
6954,2025-03-14,4182.23681640625,4253.20814453125,4148.595794270834,4135.2967317708335,0.003215987476261617,-39.71288879759141,-28.5567167497856,8521300,2.7716321837585016,True,False,False,False,True,-0.0004626850842494,0.0365487216640516,-0.0057830642194176,-0.0501399204994243,0.0365487216640516,-0.0538832114531212,-0.2045507056969108,0.0365487216640516,-0.2892426293532263,-0.0763429805255462,0.0365487216640516,-0.2892426293532263,0.01668654006887817,-0.030387985647551186,0.060682455136421454,0.24875311575369036
7269,2025-03-17,1760.214599609375,1798.745810546875,1738.8791715494792,1730.245740559896,0.004989713765623627,-22.145526712945184,-15.102083993168849,5320000,0.8054967583297752,True,False,False,False,True,0.0406592990495349,0.0508241582104631,0.0052197525781172,0.0143682126605046,0.0585164418526109,-0.0211846518738862,-0.0861797330009727,0.0585164418526109,-0.1872832450477044,-0.0170182718365833,0.0715861441765162,-0.1872832450477044,0.021421153957148213,-0.05524820303017297,0.015364675804192762,0.28230080168148053
8604,2025-03-18,891.7723999023438,910.3016284179688,881.3177156575521,880.9686889648438,0.0003961851278941886,-11.866260874492356,-7.942946929561961,11077900,1.006081681528408,True,False,False,False,True,0.0361995945601605,0.0429416858398521,-0.0032153721472077,-0.0127703488358166,0.0507764933268242,-0.0333801028434426,-0.1723887242579957,0.0507764933268242,-0.2786578525533062,-0.0783567004104293,0.0507764933268242,-0.2786578525533062,0.020355042699228564,-0.07222753452708419,0.038616489654903496,0.27893725081090154
9202,2025-03-19,2754.216796875,2764.735517578125,2751.2406380208336,2750.88298828125,0.00013001270541379562,-4.338599269770839,1.1415721981071232,1376700,0.8134073063083822,True,False,False,False,True,0.0095652334240323,0.0156522076936382,-0.0006956669399417,-0.0335877018123488,0.0156522076936382,-0.0499254326894644,-0.0481496235530887,0.0156522076936382,-0.1087057060128414,0.0118738383402154,0.0353149311202978,-0.1087057060128414,0.0038046028765670865,-0.013948292790049721,-0.03910507372181726,0.1312267566404716
4519,2025-03-24,6628.55712890625,6922.853046875,6599.601328125,6569.126790364583,0.0046390545856287435,-75.850488621757,-26.937709684049008,1460200,0.558185762478617,True,False,False,False,True,-0.0176274752242771,0.03785582359961,-0.0252853284104974,-0.0764340490825791,0.03785582359961,-0.0916052669871988,0.2165871287416803,0.2222221522596048,-0.0995520172872747,0.0859702024672042,0.2505417897816551,-0.0995520172872747,0.042510785073156476,-0.08161697527774614,-0.004138738544342768,0.372672602264313
7936,2025-03-24,3315.983154296875,3316.694736328125,3233.0811100260416,3212.8463802083334,0.006298069506950998,-42.04230570072514,-45.896620551957774,8099300,1.3265395535399147,True,True,False,False,True,-0.0628724939658452,0.0125149632451619,-0.0861144480105716,-0.2029201016295733,0.0125149632451619,-0.2368891141208736,-0.1716328356672711,0.0125149632451619,-0.2368891141208736,0.007151457116842,0.0864124435246194,-0.2368891141208736,0.0002145455303607259,-0.07952006635940201,0.07726532673571285,0.4712426590872757
4307,2025-03-27,4877.59326171875,4956.37775390625,4794.846959635417,4769.862740885416,0.005237932432697878,-48.66653163808769,-34.03740558149334,1648700,1.1396753857213957,True,False,False,False,True,-0.0052462076713799,0.1095642362890925,-0.0417675606681789,0.0605327034066713,0.1095642362890925,-0.0558918007987837,0.0788942300424924,0.1095642362890925,-0.0558918007987837,0.1886601588437881,0.2185229969903623,-0.0558918007987837,0.01589557860584944,-0.084228909771903,0.0342934699554609,0.31987846844496376
6301,2025-04-01,4202.63818359375,4263.6098828125,4192.564000651042,4163.537604166667,0.0069715706315049975,0.2271279008673445,8.08124357995508,2075800,0.6667844466215891,True,False,True,False,True,-0.1026939342300682,0.0142758352907974,-0.1789086015158182,-0.0571033843022943,0.0142758352907974,-0.1789086015158182,-0.0557218348825949,0.0142758352907974,-0.1789086015158182,0.0181901876878629,0.0331568302692824,-0.1789086015158182,0.014300487355688708,0.004708073103099508,0.055227054759904526,0.2430218598234048
9104,2025-04-01,5040.548828125,5155.42525390625,5017.238489583333,5000.268470052083,0.003393821678353337,-6.502227956296338,13.295261292175926,3716600,0.7047417328045463,True,False,False,False,True,-0.0705115661620738,-0.0030656655149392,-0.1691894347477059,-0.0500095708203898,-0.0030656655149392,-0.1691894347477059,-0.0919715153786034,0.0272084207755447,-0.1691894347477059,-0.0180110634033914,0.0272084207755447,-0.1691894347477059,0.0222826285172515,-0.02100264168189947,0.027297538530862142,0.12202652563645619
7270,2025-04-02,2604.50634765625,2646.434423828125,2561.521129557292,2543.1822493489585,0.007210997250798101,-1.0925775875821273,17.806934716303218,4024600,0.9615635023503905,True,False,False,False,True,-0.1481208669844127,-0.0420043318245452,-0.1989682093042252,-0.1077744421711992,-0.0420043318245452,-0.1989682093042252,-0.0420043648056656,-0.009027271412512,-0.1989682093042252,-0.0318716864868938,0.0549006005416095,-0.1989682093042252,0.015843232613043635,0.023083508258775365,0.02806720970837384,0.33314274462129195
8267,2025-04-03,1233.0106201171875,1253.700185546875,1220.5556591796876,1218.8045035807293,0.001436781365521389,-1.973486499899081,3.670222921570769,8862600,1.358449614541876,True,False,False,False,True,0.0707609667053863,0.0707609667053863,-0.0275033986218756,0.0691588200288233,0.1025367810372568,-0.0275033986218756,0.1348464377605667,0.1463283734404612,-0.0275033986218756,0.1781041010222632,0.1925234177945634,-0.0275033986218756,0.016502801601375308,0.017104800394638686,0.0836913685808025,0.20896943535534662
1925,2025-04-08,4707.46826171875,4778.51533203125,4652.0371875,4640.041477864584,0.002585259138876639,-1.7818873905307555,23.506445453328435,2300800,1.300452739327278,True,False,False,False,True,0.031217848550368,0.048469849999926,-0.0246457167733396,0.0546313386879537,0.0622304550109109,-0.0246457167733396,0.0704456380865055,0.0852330548104909,-0.0246457167733396,-0.0020538549584867,0.0852330548104909,-0.0246457167733396,0.014868021838552835,0.07848378835067193,0.15092660595575813,0.2284004973517575
7011,2025-04-08,2298.264404296875,2518.999931640625,2279.0750065104166,2275.3285188802083,0.0016465699784100618,-5.350606649853489,62.9665785599229,76686400,1.0031964078414424,True,False,False,False,True,0.1076988824043618,0.1135379823311322,-0.0687716869147452,0.0936418031991914,0.174091621048082,-0.0687716869147452,0.1814445577191772,0.2826556236193374,-0.0687716869147452,0.5008649635939824,0.5069203265594913,-0.0687716869147452,0.0876282387193179,0.081483255434184,0.15420560187721355,0.8615758880295917
8267,2025-04-08,1244.204833984375,1254.859111328125,1221.010595703125,1220.3306282552082,0.000557199362347438,-2.056890636329172,0.8841801739312034,9093000,1.2739121206580968,True,False,False,False,True,0.0330776688722698,0.0926171663675017,-0.0116433011685908,0.1119343723037842,0.1172268424514475,-0.0116433011685908,0.1643292349708012,0.1743848705199948,-0.0116433011685908,0.1595659407687555,0.1817941859062155,-0.0116433011685908,0.008490417169202085,0.0603242104537588,0.1807677587286236,0.23183680332811454
8830,2025-04-08,2555.408203125,2715.552626953125,2553.77451171875,2532.786832682292,0.008286397720344896,-6.2407917270252256,41.90598549531046,4726400,1.0275274034845143,True,False,False,False,True,0.0251451425400632,0.0462281658786467,-0.0448742648734683,0.0350096188460595,0.054158651067321,-0.0448742648734683,0.0655706646978031,0.0736944562965156,-0.0448742648734683,0.0640232228064101,0.1516441027521051,-0.0448742648734683,0.05897305109781969,0.07968381117195855,0.19630527744629478,0.5938704031299483
9021,2025-04-08,2769.3740234375,2869.6438671875,2740.961171875,2733.481474609375,0.002736326305885939,-7.246004464778252,13.688796980792336,2653400,1.1693494188288438,True,False,False,False,True,0.0457332909237795,0.0695636742290131,-0.0077098314335372,0.0968984840112574,0.0986507180112752,-0.0077098314335372,0.1032065818969272,0.1627824080248734,-0.0077098314335372,0.1053092224205958,0.1627824080248734,-0.0077098314335372,0.03494156361927691,0.04329528769930313,0.1639184041999444,0.24741036484923168
9434,2025-04-08,195.2764129638672,200.75756774902345,193.1874635823568,192.60648213704428,0.0030164168872526265,-0.360665241778662,0.9619185110298796,88062000,1.163687895053223,True,False,False,False,True,0.0571428236545268,0.0620689317327558,-0.015763560276978,0.059605856863397,0.0768473237438012,-0.015763560276978,0.109359580891313,0.1374383833392412,-0.015763560276978,0.0837438323565251,0.1374383833392412,-0.015763560276978,0.027302357000103302,0.06388600855983684,0.17615524723077947,0.23881529824622733
5108,2025-04-10,2702.203857421875,2809.2112890625,2675.2713248697914,2667.8937825520834,0.0027653058626084803,-49.72033045802527,-13.490190839776872,4417400,0.9253153579642812,True,False,False,False,True,0.0208772371582186,0.0261404333986285,-0.0503508237389809,0.0403509071507117,0.0591228375158257,-0.0503508237389809,0.0817544670885408,0.0959649944700156,-0.0503508237389809,0.0471931050926224,0.0991228956429588,-0.0503508237389809,0.038091628086948125,0.00695778625784127,0.1400982216487614,0.39755607905553386
8630,2025-04-10,4283.6552734375,4355.472822265625,4161.654814453125,4157.318238932292,0.0010431184892756296,-44.07907121074277,5.604540284640903,4072900,1.1899513402254622,True,False,False,False,True,0.0090742814882971,0.0104354428392254,-0.0555807240646146,0.0458256458563539,0.0678310878624419,-0.0555807240646146,0.0830307926910587,0.0952812457294578,-0.0555807240646146,-0.0249546160539824,0.0952812457294578,-0.0603448780750743,0.016489036152627617,0.053286560052203336,0.16950736962112734,0.7086343378604057
8830,2025-04-10,2655.74609375,2714.040224609375,2561.290514322917,2543.013212890625,0.00718726168611461,-20.692454556474782,19.03297873837137,5881200,1.2105942434403505,True,False,False,False,True,0.0067002600493328,0.0111670387960853,-0.0530429545330708,-0.0027917060736522,0.0160059467364797,-0.0530429545330708,0.0228923023632423,0.0344315217970547,-0.0530429545330708,0.0530430589038215,0.1081333393200101,-0.0530429545330708,0.021478727666155013,0.06041108009374907,0.15981047326855435,0.657564379370952
4507,2025-04-14,2178.801513671875,2204.324248046875,2168.0365787760416,2162.51177734375,0.002554807557662242,-2.453938970414129,7.2308722060510755,2073300,0.7068702758543096,True,False,False,False,True,0.0791301706305127,0.0836134700514954,0.0091907131431221,0.0777852018926599,0.0907868297831797,0.0091907131431221,-0.0188297864353689,0.1071508892406298,-0.0307105537534733,0.10199508738487,0.1443622560453457,-0.0307105537534733,0.011578484607069051,0.09402207867600643,0.08489744503573526,0.3970323797055195
6971,2025-04-14,1598.494384765625,1630.992177734375,1595.2869563802085,1590.6122916666666,0.0029389089585392103,-22.03635937218246,-12.73813956325381,3866300,0.648309930478934,True,False,False,False,True,-0.0024441639952634,0.0131378210396309,-0.0149709937047188,0.0351359838275551,0.0366636343349746,-0.0149709937047188,0.0760769907840217,0.169569199523349,-0.0149709937047188,0.0430797840924832,0.169569199523349,-0.0149709937047188,0.01992516789007103,0.06001364418086497,0.10797847657755744,0.4413488613157228
5108,2025-04-15,2725.907470703125,2788.4280078125,2684.520732421875,2671.318505859375,0.004942213567398213,-44.67390914306816,-30.85820173299032,3786600,0.8144574477924301,True,False,False,False,True,0.0050435648177298,0.0259130443049198,-0.0052173740486437,0.0419130957052091,0.0499130464911363,-0.0052173740486437,0.0704348116582807,0.0864348359162463,-0.0052173740486437,0.0349564638424506,0.0895652769978299,-0.0052173740486437,0.022421427748612263,0.018482155964726577,0.1433125222415026,0.41467290288469727
8630,2025-04-15,4182.5888671875,4325.105517578125,4169.756640625,4159.332106119792,0.002506300107622872,-50.45838500739501,-21.970164660512395,2487300,0.7184222611830153,True,False,False,False,True,0.0508829034798508,0.0564590581466186,0.0023235149639868,0.079228647590656,0.0936337316218931,0.0023235149639868,0.1017658069597016,0.1217471841360062,0.0023235149639868,0.0058085847417599,0.1217471841360062,-0.0376394271443408,0.03295102276959663,0.01595093689499505,0.11039828725133094,0.7130956165962498
4502,2025-04-16,4025.4580078125,4161.65546875,4013.7346549479166,4008.546005859375,0.0012943967914942345,-54.75835989159168,-20.138138547433567,4058000,0.5827805439189335,True,False,False,False,True,0.0338901410917673,0.0420046989858393,-0.0126490872105038,0.0434368032170251,0.0441527937041366,-0.0126490872105038,-0.0217183409593579,0.0665870377496173,-0.0453460386034294,0.0348448800832785,0.0665870377496173,-0.0453460386034294,0.032726750678957243,0.04308973055140397,0.11806324575183258,0.3976483500502824
9022,2025-04-16,2872.219482421875,2913.53796875,2867.3996419270834,2865.194541015625,0.0007696164710255804,-17.278235450191005,-14.03677949640158,1614700,0.5267321371193328,True,False,False,False,True,0.0480304023651951,0.0556323373642173,0.0067381751393982,0.1116102351365464,0.116102287687611,-0.0062197456983315,0.0507947946600189,0.123013190434714,-0.0062197456983315,0.0684173917862647,0.123013190434714,-0.0062197456983315,0.014181550668396414,0.052725215408129134,0.10498728897624698,0.4049633427171655
6971,2025-04-17,1601.4246826171875,1623.8498291015626,1600.6346842447915,1592.2019156901042,0.005296293435893995,-15.567656981926802,-14.91839544374175,2966400,0.5093039306918113,True,False,False,False,True,0.013723741928707,0.0317170036425222,-0.0088441119491067,0.0393412664855077,0.048795368381356,-0.0088441119491067,0.0738030734504515,0.1674291137923012,-0.0088441119491067,0.0405611885352024,0.1674291137923012,-0.0088441119491067,0.013809864731631243,0.03232033826703429,0.08830343039672739,0.432157842318733
4502,2025-04-18,4119.609375,4151.25681640625,4018.817161458333,4008.8422330729168,0.0024882317151628808,-42.36795607817339,-29.891322230976485,6087500,0.8620622511613943,True,False,False,False,True,-0.003031660692951,0.0181902646317773,-0.0226211410656896,0.0065298401319906,0.0422107877978625,-0.0226211410656896,-0.034281660692951,0.0422107877978625,-0.0671641207259486,0.0104944197910148,0.0422107877978625,-0.0671641207259486,0.007623580714441964,0.040463763540758535,0.13174372672744294,0.4111421142268932
8058,2025-04-22,2466.2412109375,2517.140498046875,2440.035498046875,2439.99845703125,1.5180753708543548e-05,-26.33545162361497,-20.24760996536512,14688100,0.9469558747870848,True,False,False,False,True,0.0725726618545508,0.0858216235699371,0.0120625231031612,0.0915562531702509,0.1010480466760792,0.0120625231031612,0.1576032962294355,0.1706546041393359,0.0120625231031612,0.1127151167464088,0.1738185468749433,0.0120625231031612,0.020221075124280664,0.015303114384901617,0.11707806410732247,0.536592673156022
9022,2025-04-25,2888.09912109375,2900.1932421875,2873.191907552083,2869.9693131510417,0.0011228671980130223,5.636829530267278,1.7480397708472477,2349800,0.8438979191656552,True,True,True,False,True,0.0824742634061823,0.1168385257365374,-0.0061855356130426,0.0563574386875558,0.1168385257365374,-0.0061855356130426,0.0800686985435077,0.1168385257365374,-0.0061855356130426,0.0797250705726473,0.1168385257365374,-0.0061855356130426,0.004170108707869335,0.02743142261026621,0.04669811923639966,0.43891976066425215
7832,2025-05-09,4718.21728515625,4748.88603515625,4623.09021484375,4532.972731119792,0.019880438085427388,-6.693016248888853,2.901868422345537,6245300,2.3054575255083205,True,False,False,False,True,-0.0218749860937321,0.0172917653784647,-0.0533331815538027,-0.0114582472007135,0.0172917653784647,-0.0533331815538027,-0.0345832709383893,0.0172917653784647,-0.0681249362952937,-0.0204165226020446,0.0860417353717002,-0.0681249362952937,0.006458093492443801,-0.08428527025367072,-0.006272670434053662,0.556555646202921
1925,2025-05-16,4844.75732421875,4918.08126953125,4787.890546875,4759.523717447917,0.005960014302080818,7.739236725487899,36.47514607147817,1792100,1.3979647954069434,True,False,True,False,True,-0.0185591444037394,0.0101776667908026,-0.0237477974892104,-0.0279385446353243,0.0101776667908026,-0.0303332762026362,-0.0337257483650325,0.0101776667908026,-0.0393135517844593,-0.0149670486873546,0.0101776667908026,-0.0393135517844593,0.014909055238017319,-0.09290072630446478,0.005521747453886006,0.20063139393175825
4507,2025-05-20,2228.619384765625,2273.924404296875,2211.901302083333,2211.855973307292,2.04935477663426e-05,-19.5619344071406,-2.205450163445745,2451900,0.9514791797231984,True,False,False,False,True,0.0468989995535922,0.0556651624135762,0.0046021356367609,0.0512820119571557,0.0661845739092052,0.0046021356367609,0.0942363003475408,0.1187815347494947,0.0046021356367609,0.0911680821171232,0.1466140929054045,0.0046021356367609,0.019923714018654337,-0.1174845535875394,0.052695471740903055,0.327364098851722
2503,2025-05-21,1969.6722412109373,2034.9942578125,1964.891505533854,1956.881219075521,0.004093394315531018,-6.412386659216509,6.6309823060502975,2528600,0.9909782804649596,True,False,False,False,True,0.0038731856449933,0.0191237307850062,-0.0108932334078575,0.0036310495672444,0.0191237307850062,-0.0108932334078575,-0.0048414820562416,0.0191237307850062,-0.0205761703720637,-0.022005936579188,0.0191237307850062,-0.0303901519489074,0.032099361632489415,-0.11064291019499661,0.030694002820654487,0.17297741020902177
2503,2025-05-26,1976.347412109375,2027.5561376953128,1968.267267252604,1963.0224397786455,0.0026718122868476524,-12.72992643220391,-2.3437461828386685,2394800,0.905165163916612,True,False,False,False,True,-0.002653821395337,0.0156816107265787,-0.0098913762429703,-0.0031362108450784,0.0156816107265787,-0.0120626728770721,-0.01158018801206,0.0156816107265787,-0.0238842028590193,-0.0287497935484333,0.0156816107265787,-0.0336650374274889,0.02525637866882733,-0.11505692398832146,-0.0011391151279214196,0.17201349357032544
2502,2025-05-28,1813.9356689453125,1864.720244140625,1811.2810074869792,1798.2172347005207,0.007264846835167926,-19.86054595322912,-10.80774100375788,3641000,0.8126107547616178,True,False,False,False,True,0.0036851871305332,0.0144775009706465,-0.0128980309908576,0.0031587991220047,0.0144775009706465,-0.0128980309908576,0.0244802053007446,0.0552778416400527,-0.0128980309908576,0.0467822463631817,0.0552778416400527,-0.0220604309201697,0.02723442047400365,-0.08045292446091512,0.004176873988694707,0.1825230009355426
2502,2025-05-30,1820.14306640625,1855.4189892578124,1818.0229850260416,1802.6800553385417,0.008511177367310774,-17.599453771264734,-13.478962865607054,5858300,1.3649140914687918,True,False,False,False,True,-0.0060336222282492,0.0110177371861783,-0.0162644335386594,-0.012854200753128,0.0110177371861783,-0.0162644335386594,0.0097061743676247,0.0516789327874021,-0.0162644335386594,0.0283207020610556,0.0516789327874021,-0.0253955861121416,0.01901237567136961,-0.08239920233094322,-0.03434864692895312,0.17930926666167324
4519,2025-06-06,7297.06298828125,7376.824375,7062.632819010417,7033.938776041667,0.004079370589133546,-25.87292607051768,-4.076616699442995,2301200,1.0520661175916592,True,False,False,False,True,-0.0212625678473887,0.020868904444578,-0.030318875051161,-0.0564377858305978,0.020868904444578,-0.0570940572221694,-0.0491640171208116,0.020868904444578,-0.0690481600343499,-0.0254098111096575,0.020868904444578,-0.1006759812051384,0.010812428582285469,-0.08696005142749996,0.0991490494103231,0.49545406692997956
7267,2025-06-06,1336.41796875,1371.8588037109375,1335.6904280598958,1334.815224609375,0.0006556738598608725,-0.8563738569821453,5.11487004040695,16167400,0.8626975131960052,True,False,False,False,True,-0.00606278662937,0.0124822245073634,-0.0092724869954755,0.0153352193509352,0.0338801574692391,-0.0092724869954755,0.0292439597747009,0.0427960285451232,-0.0274607184444153,0.1052068627365012,0.1943651447269589,-0.0274607184444153,0.02583417102770966,-0.06825861864651805,-0.042699563944146535,0.2953574446205368
8801,2025-06-06,1338.0374755859375,1370.0171826171877,1330.0405501302084,1326.8063232421875,0.002437602859864052,-8.649980529577306,-5.532775542306863,4693200,0.5431828137939176,True,False,False,False,True,-0.0190267436886261,0.0069520419549651,-0.0237834611790219,0.016465346002624,0.0321989949119789,-0.0296377178522158,0.0084155908799425,0.0402487756134066,-0.0296377178522158,0.0307354037690936,0.0402487756134066,-0.0417123974498121,0.0233425590839367,-0.0757503317122602,0.029178999979746045,0.16788801564660136
5108,2025-06-10,2829.729248046875,2876.662138671875,2823.534560546875,2819.078291015625,0.0015807540874095416,-5.521185498535942,8.804069388040038,4565200,1.0139954111221428,True,False,False,False,True,0.0085440139230414,0.018261021566496,-0.0082092261649182,-0.0038533045524676,0.018261021566496,-0.0105545740863481,0.0220829500116948,0.0333597337005817,-0.0194337543334849,0.0718031924397857,0.0868388280210712,-0.0194337543334849,0.01631505139031316,-0.035175146073943786,-0.03704730365200026,0.1930429668896836
6971,2025-06-11,1678.590087890625,1699.2781982421875,1654.9330305989583,1654.6337955729166,0.00018084667848694558,-1.5846138901683844,5.163025496731835,3026100,0.7514247048160609,True,False,False,False,True,0.0046552216891704,0.0061099787434553,-0.0296770141567576,-0.0046552944111014,0.0101833380058293,-0.0296770141567576,-0.0322955913783787,0.0142565991891197,-0.0453883946815003,0.0957230050738091,0.104451547334089,-0.0779749196923224,0.012174645901396984,-0.051173897485085273,-0.005324245221739465,0.171634339875252
7267,2025-06-11,1346.4268798828125,1364.442734375,1336.7606754557291,1336.3220751953124,0.0003282144840364154,-3.9426961768278943,0.8755822086079814,13509400,0.7351358293146663,True,False,False,False,True,0.0237167437795837,0.0261946197154263,-0.0166372416528971,-0.0141592933191138,0.0261946197154263,-0.0251327446322583,0.0484955070880328,0.0499114361995631,-0.0346902675478217,0.0941592643071409,0.1854866123890266,-0.0346902675478217,0.01320381870070933,-0.042756173488016636,-0.03231418387349594,0.27827345006483617
8697,2025-06-16,1521.326171875,1524.26447265625,1519.3445751953125,1518.824597981771,0.0003423550120484897,-3.713447318198405,-3.0034717314698645,2261600,0.8421287806149521,True,False,False,False,True,-0.0304955489595195,0.0114359258461362,-0.0400254092253171,-0.0721093111093708,0.0114359258461362,-0.0752859310644911,-0.0644853636899344,0.0114359258461362,-0.0752859310644911,-0.0082592028182647,0.0114359258461362,-0.0851334311563397,0.0019276843579051947,-0.021521607833654866,-0.037198402097729844,0.1809001796852515
9983,2025-06-16,46214.21875,47329.2715625,46014.7771875,45997.2834375,0.0003803213731909949,12.497984654415632,243.42972408071097,746300,0.8828922618273018,True,False,True,False,True,-0.0115138908141771,0.0113006511461402,-0.0232409934098651,0.0558634889830307,0.0690831045559201,-0.0232409934098651,-0.0588486531810082,0.0690831045559201,-0.077398759019987,0.0371002397124802,0.0690831045559201,-0.077398759019987,0.023559475472330713,-0.046659568093994075,0.012622130883034544,0.1951678182478569
5108,2025-06-17,2853.906494140625,2867.996083984375,2826.246243489584,2823.534560546875,0.0009603859575861851,-5.370710272319684,-0.9570222819879473,3897200,0.8441362938318615,True,False,False,False,True,-0.0122922929533694,0.0071429771983921,-0.0189367917966215,0.0071560184132888,0.0078336675425829,-0.0277407508946468,0.0154572427236823,0.0362949228150191,-0.0277407508946468,0.1037209909901972,0.1325211166816928,-0.0277407508946468,0.004912694937915047,-0.03372985857926769,-0.027133139991360133,0.1839615060156053
9983,2025-06-18,46628.078125,47142.44390625,46034.090625,45999.582083333335,0.000750192504013425,-108.22831788738404,118.73209535224748,880600,1.0435998625282945,True,False,False,False,True,-0.0160609369957814,0.0023245948244872,-0.0319104665738529,0.0147929241936775,0.0595941853624577,-0.0319104665738529,-0.0593828926173439,0.0595941853624577,-0.0855875411512731,0.0405747341747211,0.0595941853624577,-0.0855875411512731,0.010910884939968274,-0.025293881926050643,0.030080809258080876,0.20023673295396976
9983,2025-06-24,46125.53515625,46842.100625,46034.74760416667,46019.63838541666,0.000328321109858809,-296.9503679227855,-105.77758973600402,848900,0.9736878326298404,True,False,False,False,True,0.0138858483772672,0.071138584918549,-0.0192267294722361,0.0151676763235386,0.071138584918549,-0.0192267294722361,0.0014954094790735,0.071138584918549,-0.0756249130717253,0.0431531239856042,0.071138584918549,-0.0756249130717253,0.015297466577909242,-0.012527349561114676,0.006666702472485575,0.21099356471518685
6971,2025-06-25,1670.7757568359375,1674.6634375,1657.3293082682292,1656.3126106770833,0.0006138319448827367,-5.385920177612661,-3.7912784686407033,3164200,0.8595695089435488,True,False,False,False,True,-0.0035076362634749,0.0190003458038507,-0.014030886733971,-0.0277695725029489,0.0190003458038507,-0.0409236117313741,-0.0181232622646534,0.0190003458038507,-0.073662546120483,0.1479100416124941,0.1625256781276611,-0.073662546120483,0.0023214698410483447,-0.020687021970157815,-0.011850016156337628,0.15191726618637674
9432,2025-06-27,146.0101776123047,149.5879052734375,145.28200154622397,144.8936385091146,0.002680331870366759,-0.8607832843763674,-0.0713521154895431,167870800,1.1910562721563738,True,False,False,False,True,0.0192051916396442,0.0304636605552912,0.0079470426720389,0.0119205682812997,0.0390727567344204,0.0079470426720389,0.0026488874453269,0.0390727567344204,-0.0086093336136682,0.0364238483265044,0.1072847571186819,-0.0086093336136682,0.023917225490877485,-0.07491981783194634,-0.025534775656521402,0.13417239788614796
8725,2025-06-30,3094.767578125,3177.281982421875,3082.540380859375,3079.7237109375,0.0009145852635650265,-31.25045115548346,-19.136319109574515,4263200,1.1238733454423708,True,False,False,False,True,-0.0414860389985364,-0.0018575932331019,-0.0436532217268988,-0.0331268881889227,-0.0018575932331019,-0.0498451739948616,-0.0260062031364683,0.012383931780737,-0.0498451739948616,0.0755417567832803,0.1312693201219974,-0.0498451739948616,0.025970123128315672,-0.09778388084974843,-0.05124821613233599,0.17897952519832544
8830,2025-07-02,2797.109375,2802.684697265625,2731.071145833333,2721.90693359375,0.0033668352604119267,7.744419774695871,24.655404420318035,3521800,0.9357231675044902,True,False,True,False,True,-0.0196148018322487,-0.0040643613319651,-0.0333981844779386,-0.0303941010529843,-0.0026506447538983,-0.0434706158191733,-0.0206750307236823,-0.0026506447538983,-0.0768687519720953,0.0772220554143507,0.130941782642052,-0.0768687519720953,0.0019892791618922835,0.0005465324473397093,-0.08143011461091776,0.22031183292402756
9735,2025-07-02,5172.96337890625,5220.60474609375,5166.021490885417,5163.054609375,0.0005746368641985633,-26.80305959060115,-10.95985385654688,1227300,1.2726509153691807,True,False,False,False,True,0.0018997135138385,0.0085486368471521,-0.0131079047930325,-0.0028495702707578,0.0159574133831368,-0.0134878678636016,0.0288753433591062,0.0497720284002418,-0.0134878678636016,0.0349543133341747,0.1198707329414809,-0.0134878678636016,0.009125641473460872,-0.018104036601994444,-0.12277612181872533,0.12913487041022542
4901,2025-07-09,2984.290771484375,3041.8225390625,2970.7029622395835,2965.993570963541,0.001587795510464396,-23.67479636719372,-16.141765266048605,3057800,1.1032377708665566,True,False,False,False,True,-0.0167323112440591,-0.0016404672068454,-0.024770330633809,0.0570866078926475,0.0570866078926475,-0.0252625373376733,0.0958005604706611,0.1551837644961671,-0.0252625373376733,0.183398991545491,0.1955380687067682,-0.0252625373376733,0.01891358448407588,-0.040752588844329085,0.015057264448026908,0.17784246641003268
8830,2025-07-09,2742.24462890625,2799.20498046875,2731.4204622395832,2731.071145833333,0.00012790454279554275,-9.030260387974522,4.832535388179943,2012200,0.5460145173326098,True,False,False,False,True,-0.010994963245958,0.0173035630383391,-0.0243331029798379,-0.010994963245958,0.0173035630383391,-0.0583994436542381,0.0659696904462638,0.0856164094619289,-0.0583994436542381,0.1103100238118257,0.1535688061750391,-0.0583994436542381,0.020348760437315823,-0.018900857933996096,-0.0796112113516445,0.21090988625849613
9735,2025-07-09,5182.79052734375,5206.41447265625,5169.8307096354165,5166.021490885417,0.0007373602213465169,-22.87246680133285,-21.026285415879364,815900,0.7861823087300058,True,False,False,False,True,-0.0047402786132553,0.0140310449036813,-0.0153584048082748,0.031664759658029,0.0350777289051977,-0.0153584048082748,0.090254000360832,0.0968903290586806,-0.0153584048082748,0.0496776299643266,0.1177473332274918,-0.0153584048082748,0.004537469200074514,-0.00792458934108875,-0.06194144080285113,0.13377345819306316
2914,2025-07-11,4039.043701171875,4049.786943359375,4028.9414225260416,4014.668782552084,0.003555122663166488,-18.186410109402004,-15.062723919449391,4644800,1.1552720104961416,True,False,False,False,True,0.0175064281911854,0.0302814449599193,0.0042583938117846,0.0099360955681431,0.0302814449599193,-0.0037852193868703,0.1391057610700921,0.1424178027429852,-0.0037852193868703,0.1178140758996522,0.1559025521906789,-0.0037852193868703,0.0026527919462815863,-0.027889083502177114,-0.09669088792570091,0.12005218317243192
3382,2025-07-11,2149.480224609375,2154.691591796875,2085.9876920572915,2085.295397135417,0.0003319888984676389,0.1423616083407068,11.33595667148176,9416100,1.5990266011960306,True,False,True,False,True,-0.1353165412559427,0.0062625633627133,-0.1375531772071689,-0.1040036137006686,0.0062625633627133,-0.1462760583408782,-0.0968463487777693,0.0062625633627133,-0.1462760583408782,-0.1193582069429711,0.0062625633627133,-0.1462760583408782,0.0024186139711781206,0.004813921237757146,0.014576902821330728,0.20519974590531395
9434,2025-07-15,209.3209381103516,211.3333258056641,208.8219860839844,208.45094543457031,0.0017799902449018301,-0.3577225526369716,0.1898736955644489,41002100,0.6636929350430051,True,False,False,False,True,0.0041359355774654,0.0119484336551793,-0.0064339412672413,-0.0078126224435428,0.0147057980908751,-0.0174633491401242,0.0877756230346615,0.1056984396628237,-0.0174633491401242,0.053308715658493,0.1392461715250634,-0.0174633491401242,0.009522339591451991,-0.03694597150129486,-0.1148561752728412,0.1462666808854552
6702,2025-07-17,3214.5556640625,3326.66625,3170.539114583333,3158.2050813802084,0.0039053933754467085,-41.19595477164921,-16.684825758881786,3947300,0.8162906576254924,True,False,False,False,True,0.0082745871820226,0.0119521844604981,-0.035243643615495,0.0468893779971169,0.0511799082348101,-0.035243643615495,0.0925528715361796,0.1069567975625676,-0.035243643615495,0.1363776523108844,0.1688630522197094,-0.035243643615495,0.03370058115613498,-0.08246190907464668,-0.008694202302602205,0.2584072874564016
6098,2025-07-18,8056.26318359375,8099.5146484375,8043.467578125,8039.3893424479165,0.0005072817727025392,-28.60219456631148,-5.003741085987369,2108100,0.5219723080579985,True,False,False,False,True,0.119495355752121,0.1502969406783396,-0.0157100425161782,0.0612321413603194,0.1502969406783396,-0.0157100425161782,0.1317417476588449,0.1750372524470815,-0.0157100425161782,0.0283275695279543,0.1750372524470815,-0.0157100425161782,0.005340006990677369,0.01591112522142213,0.029221782406424257,0.2604996667487091
9434,2025-07-23,210.18667602539065,210.9139141845703,209.39146219889324,208.8219860839844,0.0027270888740604793,-0.4562309168850333,-0.2473002891112325,72881800,1.3565406239262692,True,False,False,False,True,-0.0118993431045139,0.0105263263059407,-0.0215103194222088,0.0274599387838394,0.0411899444739427,-0.0215103194222088,0.1089244601407468,0.1345537303870096,-0.0215103194222088,0.0475972272253217,0.1345537303870096,-0.0215103194222088,0.0034480331086323888,-0.06266451016975627,-0.10628133876787405,0.12488495698856247
6702,2025-07-24,3201.748779296875,3283.358896484375,3186.735032552084,3166.4408756510416,0.0064091381137409975,-47.18790516239324,-34.86904411044412,5960100,1.2241867305314442,True,False,False,False,True,0.0169230484164575,0.0366153555567461,-0.0240000256548644,0.0849230725121761,0.0956923032376231,-0.0240000256548644,0.1055384085372654,0.1270768690431405,-0.0240000256548644,0.1335384722841666,0.1735384641425217,-0.0240000256548644,0.02485567973543283,-0.10764517143870911,-0.08027191330173333,0.26242808050680927
8830,2025-07-25,2724.945068359375,2741.691015625,2717.2540006510417,2714.9539713541667,0.0008471706412493951,-22.31519787389152,-19.80834401724344,1550000,0.5986520672807678,True,False,False,False,True,0.036640646873705,0.0413567723013021,-0.0185017825170336,0.0808996203424756,0.0925085435545529,-0.0185017825170336,0.1436603465074868,0.160892342212199,-0.0185017825170336,0.1536368055011143,0.2051514464576542,-0.0185017825170336,0.0061078900467592115,-0.0677783572476236,-0.0789996758294973,0.21648153642161547
6920,2025-07-31,15390.83203125,17731.03203125,15267.591510416669,14976.885052083331,0.01941034182491097,-419.74625205556,30.808496325652044,7312500,0.7389054297044529,True,False,False,False,True,-0.0789304103269676,-0.0422036198865871,-0.0956829876837349,0.121456234218169,0.1262887086546162,-0.116301569278072,0.0086984870508086,0.1262887086546162,-0.116301569278072,0.3083118425056719,0.4375000352636171,-0.116301569278072,0.13198329323840388,-0.2171609210806703,0.07705747326443735,0.4636079661765035
9202,2025-08-07,2805.505859375,2844.43865234375,2783.2026953125,2772.540205078125,0.003845747742393657,-12.1199798896655,-0.378410601363,2292100,1.1359964315805124,True,False,False,False,True,0.0432357306607611,0.0571827405513294,0.0083681917230331,0.0420153346621006,0.0606694844958191,0.0083681917230331,0.0326011247414577,0.0606694844958191,0.0083681917230331,-0.0076708119288313,0.0606694844958191,-0.0317294257455519,0.013687337899402564,-0.10843339222179216,-0.08449167732657448,0.1995644903370382
6920,2025-08-13,15658.5849609375,16391.831328125,15558.1710546875,15375.026497395833,0.011911820595736033,-623.7984667517649,-583.41731625686,12534700,1.3904047023092807,True,False,False,False,True,0.0227992444490097,0.1070298099630344,-0.0069664175722918,0.0034832629440058,0.1070298099630344,-0.0189993219941527,0.0231159387344364,0.1070298099630344,-0.0576313740866082,0.2808739664637092,0.4129195992390408,-0.0576313740866082,0.04473242510306958,-0.24904178906391705,0.00534780196696949,0.557970001144144
4307,2025-08-29,5704.30419921875,5889.2512109375,5685.316087239583,5680.762630208334,0.0008015573484863037,22.74239111387033,77.62498765584839,991000,0.7332783312923383,True,False,True,False,True,-0.0336438998272189,-0.0006901685233036,-0.0486542370877699,0.0094893050794719,0.0227743292618545,-0.0486542370877699,-0.015299833125257,0.0384747822125455,-0.0486542370877699,-0.0104396222870014,0.0384747822125455,-0.0547017011542141,0.03140416414488605,-0.08286082673472772,-0.07973170057181989,0.1904762712209012
4568,2025-09-01,3476.560546875,3567.370546875,3471.68466796875,3461.6856901041665,0.0028884707508736174,9.169180080456044,38.78620599980032,2768600,0.4617041997972144,True,False,True,False,True,0.0389901904439271,0.0406732199100889,-0.0134642201849759,0.0036465610373939,0.0496493988092006,-0.0286115080183643,-0.0407156127615802,0.0496493988092006,-0.0757362901691878,0.0904055283177125,0.1857663909122975,-0.0757362901691878,0.025455723986830884,-0.06890862899543115,-0.10908387367960448,0.40180424428401623
4568,2025-09-04,3526.29541015625,3556.916494140625,3469.890315755208,3467.1987825520832,0.000776284652806547,-4.087059449118442,18.13830636381851,3537800,0.6168938736080741,True,False,False,False,True,-0.0254425006989204,0.0348451458266891,-0.0423119693304089,-0.0201881013086253,0.0348451458266891,-0.0423119693304089,0.0926544060090948,0.0926544060090948,-0.0887721036497775,-0.0573232382326253,0.1690423441504549,-0.0887721036497775,0.008608884699659916,-0.04843465695188087,-0.11830844799301687,0.39384995494848246
7011,2025-09-04,3517.974609375,3767.96046875,3507.6826888020832,3452.598564453125,0.01595439589070291,-2.5668251068846075,48.16243417505278,25220000,0.8464331334605556,True,False,False,False,True,0.0771403889511621,0.0816614399016391,-0.0064990279366506,0.0449278898602767,0.0890081697905733,-0.0064990279366506,0.1627000121585406,0.2049336303476248,-0.0064990279366506,0.2627568908113078,0.3319180111690434,-0.0064990279366506,0.0663451385565973,-0.13575607138023182,-0.06902861738823818,0.34279559091653244
9202,2025-09-24,2847.079833984375,2898.944453125,2844.1516861979167,2839.632356770833,0.0015915192036417558,-8.03036426728886,3.051946236934117,1683500,0.9812721857276918,True,False,False,False,True,-0.0278303075579684,0.006012704597019,-0.0336712281345773,-0.0310943427420451,0.006012704597019,-0.0458684238124674,-0.0252533970567945,0.006012704597019,-0.0489607087709318,0.0106510757192879,0.0503349902824448,-0.0544579813134864,0.01789086337432791,-0.03276199660369794,-0.09458521161394362,0.12567167425884
9202,2025-09-26,2860.28564453125,2891.705703125,2845.019033203125,2842.22787109375,0.0009820331922580916,-9.79881103236312,-1.579085805491075,2285000,1.334030025892443,True,False,False,False,True,-0.0383037164564222,-0.0017099971196261,-0.0502736065102217,-0.0444596282092537,-0.0017099971196261,-0.0502736065102217,-0.0282148018091915,-0.0017099971196261,-0.0533516145277112,0.0112859377947425,0.0454856407362049,-0.0588235064094704,0.010865579633430605,-0.05250199967949787,-0.0815683496005788,0.0999045990758233
4502,2025-09-30,4241.11328125,4299.0022265625,4225.048206380208,4218.808154296875,0.0014791030677652195,-5.25845590645622,9.97466939844798,4511500,0.9711862400034444,True,False,False,False,True,0.010660388219853,0.0143683921206669,-0.0150638342335336,-0.0271147159731975,0.0275781924418989,-0.0312863187804458,-0.0187717884362983,0.0275781924418989,-0.0312863187804458,0.0442640862096754,0.0542293214110154,-0.0493627537199261,0.01346567000008011,-0.02869855449227987,-0.1261541378804355,0.1636438582483133
6702,2025-10-03,3485.245849609375,3543.46693359375,3417.9268912760417,3416.9588346354167,0.00028330942439591666,-14.514745543629031,14.610776955407314,12414700,2.5352058028311677,True,False,False,False,True,0.0945217097156281,0.1376667298806786,0.0519443113088229,0.0794776837935753,0.1376667298806786,0.0479704238717804,0.1129719050738931,0.1907464866586452,0.0479704238717804,0.1663354597404083,0.2228213784268156,0.0479704238717804,0.016430542481548675,-0.017290388253001998,-0.10090567011206741,0.28449259537300886
7751,2025-10-03,4204.404296875,4220.650712890625,4108.894752604167,4102.215598958333,0.001628182011576662,-6.557771527637669,8.953948272601473,3324700,1.109013339382032,True,False,False,False,True,0.0146857020748796,0.0585130698941318,0.0137678497889683,0.0341899886419327,0.0585130698941318,-0.009178469571582,0.0098668853113945,0.0674621571965781,-0.009178469571582,0.0502524789155716,0.0674621571965781,-0.009178469571582,0.0038492680680743377,-0.037642925672851435,-0.05548220117905256,0.20922623387348305
7936,2025-10-03,3770.326904296875,3934.2660546875,3762.4690299479166,3736.2540104166665,0.0070163911388687605,-35.28181497988771,-8.138919089628175,2638700,0.7946599047142935,True,False,False,False,True,0.0005258605065161,0.0612673379238632,-0.0073626482491199,-0.0210361038431071,0.0612673379238632,-0.0407573725533285,0.0299763152324259,0.0965026683270791,-0.0407573725533285,-0.0289245942193937,0.0965026683270791,-0.0783592549009565,0.04166956380474037,-0.059224188907350706,-0.1001113790438839,0.27336007305034055
9432,2025-10-03,152.02334594726562,153.43960205078125,151.08195638020834,150.9996600341797,0.0005450101411488273,-0.4495443908181471,-0.0524257281307989,127111200,0.7623154066861225,True,False,False,False,True,-0.0116429766851396,0.0206985170914182,-0.0135834879240058,0.0284604981510592,0.0381629556807863,-0.0258732642187692,0.0051745447807798,0.0523931994001658,-0.0258732642187692,0.0006467930047591,0.0523931994001658,-0.0284605985224132,0.009230055895523686,-0.037139794751791966,-0.11310057258795547,0.11691026440900926
4502,2025-10-06,4289.27392578125,4292.81560546875,4227.226025390625,4224.491363932291,0.0006473350807820744,-13.100610429159133,-4.377924012086758,5644200,1.1752738963717515,True,False,False,False,True,-0.0311641058677321,0.0160403823345052,-0.0421631888663954,-0.0208524557020356,0.0160403823345052,-0.0421631888663954,-0.0462877911414431,0.0160403823345052,-0.0600366587417235,0.0249771385358621,0.0423922682217279,-0.0600366587417235,0.000825024881802017,-0.07496779734549275,-0.14111378648648887,0.1850506560333683
7267,2025-10-06,1547.4962158203125,1562.89947265625,1501.139798177083,1491.60763671875,0.006390528731337275,-16.655184879013404,-7.659944741623123,29066400,1.8703200013898835,True,False,False,False,True,-0.0305223068166516,0.0239144753445232,-0.0443674929575369,-0.0229704153690173,0.0239144753445232,-0.0471994874997822,-0.0176211589269429,0.0258024003875998,-0.0471994874997822,-0.0261170368055315,0.0258024003875998,-0.0613593546594174,0.009855564676695879,-0.08834842178855817,-0.024518738615395552,0.2481305016897688
6178,2025-10-15,1413.69775390625,1444.564658203125,1402.3236800130207,1394.1062418619792,0.005894413140325794,-11.693268505398237,-8.365187323945138,5573200,0.8902292341875372,True,False,False,False,True,0.0115142787176112,0.0118631970614255,-0.0286113076487852,-0.0083740522848952,0.024075405132655,-0.0286113076487852,0.0258199369796008,0.031751548860095,-0.0286113076487852,0.1280530578847514,0.1346825067247792,-0.0286113076487852,0.021367616964456198,-0.07622875639038296,-0.04790161578489771,0.19560361931934822
5108,2025-10-16,3172.640380859375,3341.744765625,3159.0318815104165,3131.2755989583334,0.008864209385247568,-16.51265397823363,15.150507366711848,5169400,1.1028265076022794,True,False,False,False,True,0.0339834868972119,0.0371837939543242,-0.0091435039687468,0.0277354563842546,0.0484608794416105,-0.0091435039687468,0.1145991942369202,0.1170374752196643,-0.0091435039687468,0.1219140855404734,0.1353246042322855,-0.0091435039687468,0.05060362075079,-0.08256077282863283,-0.050864269112919525,0.23017094191630544
1925,2025-10-20,5137.01220703125,5164.7094921875,5033.085377604167,5015.83017578125,0.00344014873275289,-32.59920679608058,-20.399262823810933,1589100,1.0924953250467495,True,False,False,False,True,0.0286204181681255,0.0328180900656769,-0.0072505230851973,0.0066780405416002,0.0328180900656769,-0.0122114059215124,-0.0053425655055258,0.0711696119462521,-0.0122114059215124,-0.003243731037799,0.0711696119462521,-0.0354894206023281,0.005362796338912462,-0.061563821485110415,-0.07030117440971928,0.19748696358012827
1928,2025-10-20,3171.5576171875,3207.21111328125,3155.32611328125,3142.481246744792,0.004087491866423543,-29.56847236801605,-23.928616871761257,2072600,0.9874955034792946,True,False,False,False,True,0.0414899120139793,0.0490610803188207,0.003936951049597,-0.0118110648386923,0.0490610803188207,-0.015142379054682,-0.0039370472722793,0.0490610803188207,-0.01817080409811,0.0333131393997243,0.0590550932590236,-0.01817080409811,0.01111666642277053,-0.07452980890668892,-0.07815526121224425,0.22250625224896803
5108,2025-10-20,3241.779052734375,3327.104794921875,3168.334169921875,3144.8869401041666,0.00745566701260536,-25.568488800287923,0.4478028291292499,4295400,0.8843184485207831,True,False,False,False,True,0.0208799647726705,0.0260999499833416,-0.0049217711323399,0.0292319205574618,0.0371364694329212,-0.0050708513542093,0.0599552187560978,0.093661406942235,-0.0050708513542093,0.0680089441990696,0.1111110986210928,-0.0050708513542093,0.02564564311822454,-0.07560236753526761,-0.04074473918048227,0.2556276761815878
6178,2025-10-20,1409.7515869140625,1432.85439453125,1406.5040494791667,1399.4356998697915,0.005050857006172471,-13.281502459724608,-10.771140350603646,5073400,0.792346099724973,True,False,False,False,True,0.019944088872456,0.0269419899967953,-0.0013995119117218,0.0055983863097832,0.0269419899967953,-0.0080475208113307,-0.0094471361890985,0.0346396207332131,-0.017494748783705,0.131910429629001,0.1392582253081999,-0.017494748783705,0.01612362547469128,-0.06842299538231544,-0.06527136070819539,0.20986834429479573
7267,2025-10-20,1524.1231689453125,1535.3969580078126,1522.1958056640624,1510.7167643229166,0.007598407333680779,-14.270139520467865,-12.785922370305745,11377600,0.6542462088986478,True,False,False,False,True,0.0345047425369526,0.0415334961922377,-0.0111821584906977,0.0159743807614793,0.0415334961922377,-0.0111821584906977,-0.0469649197152211,0.0415334961922377,-0.0469649197152211,0.0115015541482652,0.0415334961922377,-0.0469649197152211,0.007342589161520753,-0.05974359411942254,-0.07801337074989068,0.2741849426393555
4503,2025-10-30,1576.08740234375,1595.7327197265624,1559.5434635416666,1542.594337565104,0.010987416175347597,-3.87489551127328,0.1611636654115568,8304300,1.2856187435945865,True,False,False,False,True,0.0953124966114975,0.1024999965892619,-0.0028125123497259,0.1831249785072124,0.185312478467474,-0.0028125123497259,0.231562518685171,0.2459374725537884,-0.0028125123497259,0.3125000193628717,0.3396874688276516,-0.0028125123497259,0.01231115783987858,-0.07154181599751475,-0.08902222071184251,0.22309174167367352
4188,2025-11-04,818.95263671875,826.8286108398438,809.2147444661458,804.6330126953125,0.005694188156021296,-1.8480789728108675,0.1883333318100017,11187600,1.8840909205733312,True,False,False,False,True,0.0126035570871951,0.0319290132554817,-0.0268874485088487,-0.0032408635744374,0.0385308299036497,-0.0268874485088487,0.0291682193397984,0.0578562527761794,-0.0268874485088487,0.1155924404444272,0.1161926085158384,-0.0268874485088487,0.009525521997955361,-0.06207190369657356,-0.028719198981138838,0.3050268048755804
4188,2025-11-06,812.2681274414062,823.8795556640625,810.8594392903645,806.8296761067709,0.004994564903758381,-3.8892176240776735,-1.200795721511603,4918900,0.7769086493850073,True,False,False,False,True,0.0407842502529078,0.0407842502529078,-0.0019363306916637,0.0137964552834752,0.0470773538072351,-0.0027834873446414,0.028198026164468,0.0665618140273054,-0.0027834873446414,0.1624107570963198,0.1700350919012363,-0.0027834873446414,0.014093599170933736,-0.06168051834776689,-0.02884761208756781,0.30683466671039594
6301,2025-11-06,5131.47119140625,5286.87337890625,5036.515130208333,5008.7820833333335,0.005536884299135458,1.2909042812143523,63.96974588100474,3712500,1.0011258452266183,True,False,True,False,True,0.0113286833992862,0.013824857455253,-0.0215053760370376,-0.0372504116134609,0.013824857455253,-0.0524193641224067,-0.0168971096233004,0.013824857455253,-0.0524193641224067,-0.0101766509950802,0.013824857455253,-0.0564516912357361,0.029393968109777107,-0.05647564504270819,-0.02269926249576848,0.3904589884309986
8630,2025-11-06,4574.4326171875,4594.0696875,4540.663287760417,4510.653649088542,0.006653057629006698,-8.754842384249969,0.085352762610529,1943500,0.6722726863926612,True,False,False,False,True,0.0079895922884902,0.0181385877549766,-0.0131721560276218,0.0699633172573699,0.0792485690519344,-0.0332541990775375,0.0807601010968956,0.1137983244355738,-0.0332541990775375,0.2008205636841489,0.2133448583072121,-0.0332541990775375,0.004274438928501849,-0.031036176665809045,-0.10165938126461826,0.3201966257321333
9022,2025-11-06,3974.875732421875,4151.682900390625,3952.26796875,3915.130745442708,0.009485564013544279,-72.84466000986367,-30.79997467563336,4108700,1.3084677644076514,True,False,False,False,True,0.0228070096776684,0.0388470929394448,-0.0115288087167121,0.0187969589998606,0.0388470929394448,-0.0115288087167121,0.0644109783551973,0.0947368330537554,-0.0115288087167121,0.0997493964010152,0.1365914445242979,-0.0115288087167121,0.04258686711167525,-0.10864478428598345,-0.05565401889384147,0.3666896073864249
7751,2025-11-07,4241.06494140625,4289.379912109375,4213.12560546875,4189.071038411458,0.00574221989475121,-7.923650220021045,9.11822487459026,2407300,0.7332879464251718,True,False,False,False,True,0.0302547831199808,0.0327570579299432,0.001137464242533,0.0200181885146633,0.0327570579299432,-0.004094577633106,0.0409463784212695,0.0564149053714835,-0.004094577633106,0.0765170249355808,0.1012725852260099,-0.004094577633106,0.011263859040959967,-0.04733920552784665,-0.101454641794956,0.27476363465537124
8630,2025-11-12,4609.99267578125,4612.75857421875,4558.9835546875,4534.946334635417,0.00530044200710833,-5.3280757209895455,-4.265854589837479,1922900,0.72643131032659,True,False,False,False,True,-0.0394257549173759,0.0102849813865046,-0.0407113773734311,0.0531390655807246,0.095993130279214,-0.0407113773734311,0.0818513197119241,0.1163488563476182,-0.0407113773734311,0.229483654997503,0.2466252814215339,-0.0407113773734311,0.0005996191634565889,-0.09082553819212957,-0.11073629121261552,0.29520361821946123
8802,2025-11-12,3268.873779296875,3311.888369140625,3196.214166666666,3154.969664713541,0.013072867994396331,-1.1650449464946178,6.057089905701527,5562700,1.5721102825740136,True,False,False,False,True,0.0073036640357861,0.028910539432519,-0.0143030913096772,0.1144248167586268,0.1174680303489017,-0.0143030913096772,0.1378575455772281,0.165550802662334,-0.0143030913096772,0.265063830413329,0.26841136520634,-0.0143030913096772,0.012987934691443557,-0.06844115605262102,-0.04894660400247974,0.2837324877608969
9022,2025-11-12,4012.731689453125,4121.876318359375,3990.273463541667,3942.594420572917,0.012093316705354074,-48.07964794825512,-42.95426183495229,2470800,0.7396431105243779,True,False,False,False,True,0.0153922308686784,0.0268123025655218,-0.007447890232633,0.0739821110163945,0.0819265001871119,-0.007447890232633,0.0913605127332441,0.1119661911071747,-0.007447890232633,0.084905594370068,0.1258688843792756,-0.007447890232633,0.02647935563231367,-0.127283673304738,-0.05072777940486728,0.40909268265734244
9022,2025-11-18,4052.580078125,4081.98810546875,4025.2130403645833,3981.643427734375,0.010942620408126214,-26.90522843470535,-35.871048790270095,3566500,1.0553351906127986,True,True,False,False,True,0.0518682398028647,0.0577679448169496,-0.0029498872611681,0.0619469367749423,0.0717797787821177,-0.0029498872611681,0.0818584177421695,0.114798391006305,-0.0029498872611681,0.0543264056800234,0.114798391006305,-0.0029498872611681,0.007204339303279965,-0.04695880711624256,-0.032843299162145456,0.4260866257575653
4188,2025-11-20,823.4745483398438,826.3528271484375,818.0167496744791,815.5164111328126,0.0030659573584710387,-0.0839994773525631,0.4749386941379656,4957500,0.818809072553173,True,False,False,False,True,0.0520472906260813,0.0520472906260813,-0.0145636594109077,0.0142055841741584,0.0520472906260813,-0.0145636594109077,0.0693566102746652,0.0968126690929964,-0.0145636594109077,0.2164259390902938,0.2313477489417448,-0.0145636594109077,0.0034831112256566003,-0.025578427660024827,-0.04776406538176037,0.3057889314555428
6146,2025-11-20,47002.84765625,50192.7190625,45832.113854166666,45626.46505208333,0.004507226274237608,-1061.996878049773,-422.3059229581772,3290000,1.1293965795417875,True,False,False,False,True,-0.0748889133961215,-0.0547916348284981,-0.0954093622485805,-0.0247514092605259,-0.0169240309896933,-0.1036597978197003,-0.0539453685028558,0.0841971996780621,-0.1036597978197003,0.4506029347124829,0.4506029347124829,-0.1036597978197003,0.06355247266596517,-0.11753510033370707,0.1525085679356808,0.6901171125759326
7011,2025-11-20,4108.2978515625,4347.0978515625,3987.682841796875,3951.81931640625,0.00907519360557174,-20.33851262402095,50.0880905236223,26811400,0.7829144915716253,True,False,False,False,True,-0.0419902721649709,-0.0310678900945774,-0.0723300418599254,-0.0089805502725642,-0.0070388026365566,-0.0723300418599254,-0.0577669241723769,0.0524271994937244,-0.0868931393551307,0.1400485916341665,0.1949029338073769,-0.0868931393551307,0.05493320098929152,-0.06332781156031497,0.007391466144898162,0.4170956287410674
7751,2025-11-20,4293.16162109375,4298.29419921875,4251.136969401042,4232.086256510417,0.004501494472452627,3.0220100564129098,5.589713201351857,3012200,0.9315371816995404,True,False,True,False,True,0.0350562048224629,0.0382023369026556,-0.0112359382528761,0.0179775817624208,0.0435955163524841,-0.0112359382528761,0.0458427993737768,0.0858427229053715,-0.0112359382528761,0.0677962034235268,0.139790131037534,-0.0112359382528761,0.0011940965152949907,-0.036513115973547894,-0.04078190718551111,0.26653980633150776
9984,2025-11-20,4788.31689453125,5763.50568359375,4731.264736328125,4604.06345703125,0.027628046503706427,-176.052544661321,8.075252910235761,89803200,0.9535175687315144,True,False,False,False,True,-0.1227842059015509,-0.0706465536357855,-0.208550580960712,0.005474445297509,0.005474445297509,-0.208550580960712,-0.107664294797936,0.0291970107842249,-0.208550580960712,-0.0980188289918302,0.0291970107842249,-0.2221063683667031,0.16920062937362032,-0.20182510771317042,0.21626138492254543,0.7900992719659564
1925,2025-11-21,5172.2978515625,5197.585859375,5163.745442708333,5143.384498697917,0.003958666519209508,-4.584867216742168,12.225926895832322,4749300,2.3709631522981764,True,False,False,False,True,-0.0259617180090827,0.0233086702752318,-0.0259617180090827,-0.0240667634236098,0.0233086702752318,-0.042069354401186,-0.0295622544455863,0.0233086702752318,-0.042069354401186,0.0117490394006682,0.0435853828311907,-0.042069354401186,0.004865337196284577,-0.027951606709704313,-0.06757229029617129,0.19552800405776327
6301,2025-11-26,5087.13232421875,5201.58537109375,5069.72740234375,5049.033196614583,0.004098647191118188,-62.327843998746175,-47.94652347366482,2671600,0.6808593058119992,True,False,False,False,True,-0.0182064562981412,0.0040673642698842,-0.0213054335477176,-0.026341257962919,0.0149138350466244,-0.0323455425510842,-0.0381561666532449,0.0149138350466244,-0.0482278314104044,0.100329252526792,0.117373648714246,-0.0482278314104044,0.022003492917955052,-0.12958601181785523,-0.04574819667740959,0.32553599539996725
6762,2025-12-12,2317.329833984375,2435.915380859375,2261.871865234375,2232.2831217447915,0.013254924163229154,-22.836404611628492,2.090573544883457,12791700,1.6858823808507104,True,False,False,False,True,-0.0609103684734469,-0.0290659644065897,-0.0805727395403002,-0.0483009356619299,-0.0279973822290041,-0.0805727395403002,-0.126308987468424,-0.0228680782149848,-0.1427654962661078,-0.0544988228239099,0.0025647239502148,-0.1908527067980627,0.04868212902911426,-0.0960249362952943,0.09641583724676006,0.37029029191424473
5401,2025-12-22,601.0724487304688,604.6823828125,598.4305598958333,595.8450927734375,0.0043391598819106925,-2.7204842920601777,-1.1800470633756497,18813300,0.7542408079745472,True,False,False,False,True,0.0497228312309205,0.0531463321379006,-0.0079883234826573,0.0311378861696485,0.0740136123983132,-0.0079883234826573,0.0953700005818456,0.1181936939917118,-0.0079883234826573,0.082328024727124,0.1408541652776622,-0.0079883234826573,0.00596996734920691,-0.04867512932833973,-0.03284322909756132,0.26718538399135583
8058,2026-01-05,3618.130859375,3629.5805859375,3579.20154296875,3567.573987630208,0.003259233131214012,-26.79088465186578,-20.89821349230683,10572000,1.2882824423992616,True,False,False,False,True,0.0892417096405202,0.0892417096405202,0.0060224535595405,0.1196277509699144,0.14563375286776,0.0060224535595405,0.1522036909380544,0.1593211288008222,0.0060224535595405,0.3999452356647808,0.5272379166829257,0.0060224535595405,0.003154559126434885,-0.048682538118916874,-0.06669950729294949,0.284538823375019
9022,2026-01-19,4233.89013671875,4365.70857421875,4232.296184895833,4223.469466145833,0.002089921288824792,-6.845474144920445,16.897078780488524,1777000,0.9144121544260482,True,False,False,False,True,0.0117647235205784,0.013411782372821,-0.0167059030322797,0.018352885656764,0.0204705326001353,-0.0228235353039508,0.0858822971772483,0.125411716213444,-0.0228235353039508,0.0319999741667835,0.1364705299990778,-0.0228235504386571,0.030194053326976635,-0.1259910674051834,-0.14860270827111322,0.2025523537858003
9022,2026-01-23,4244.8486328125,4332.35546875,4233.1462890625,4231.727220052083,0.0003353403791466203,-23.24847436437267,-4.4631193491403485,2248800,1.1504078453640685,True,False,False,False,True,0.010795483956312,0.0107955597417834,-0.0253462128827226,0.0955174297890941,0.1065477536770962,-0.0253462128827226,0.0865993362819133,0.1335366190540825,-0.0253462128827226,0.0030509176448936,0.1335366190540825,-0.0373152836151285,0.020198443218406557,-0.07906726844890388,-0.1130268864217947,0.14294866775901152
4063,2026-01-29,4865.63427734375,5190.04970703125,4860.1752734375,4844.353040364584,0.003266118910220106,78.07135559467042,158.44917790279274,16997000,2.070314189088371,True,False,True,False,True,0.0552159552521727,0.0817033223467436,0.009372443440881,0.1204156342428297,0.1697229021420259,0.009372443440881,0.2883048854173868,0.2883048854173868,0.009372443440881,0.2863687739837521,0.3732681380889919,0.009372443440881,0.06250719126022948,-0.03364997248841162,-0.02146144077530021,0.5814585205721093
7751,2026-01-29,4466.47607421875,4573.48033203125,4433.5912890625,4419.060003255208,0.0032883205470366494,-20.29759532693788,9.228799230021304,6441100,1.7072194568576624,True,False,False,False,True,0.0711776086236188,0.0889719864535028,0.0131810847020317,0.0597539635279884,0.1056678671765805,0.0131810847020317,0.0404217924265002,0.1056678671765805,0.0131810847020317,-0.0428382318231643,0.1056678671765805,-0.0742530143467168,0.02339668043679458,-0.06593487420222743,-0.02231793333284493,0.20721678715503833
5108,2026-01-30,3424.6015625,3448.062822265625,3411.801783854167,3409.316884765625,0.00072885541958434,-10.233950700230253,-6.244474772885763,4178000,1.1438474395530835,True,False,False,False,True,0.0731707212746008,0.0731707212746008,0.0005738836974968,0.024103297258577,0.1073170703616837,0.0005738836974968,0.0261118994226061,0.1073170703616837,0.0005738836974968,-0.0338594362026604,0.1073170703616837,-0.0832137777626471,0.0068041857051227795,-0.059703679482194794,-0.032420139883735155,0.15229491103389756
6702,2026-01-30,4237.10107421875,4285.892705078125,4087.5347591145833,4060.7713444010415,0.006590721920465503,-26.427597701470404,17.653140284517725,16859000,2.8062296667363,True,False,False,False,True,-0.0863879953669126,0.0429605799955421,-0.1022647181665676,-0.1109035200239513,0.0429605799955421,-0.1288815738469965,-0.2010272906637712,0.0429605799955421,-0.2332476713236339,-0.2214016276191193,0.0429605799955421,-0.2768640760912342,0.011384239927790142,-0.02847711412707965,-0.011956881672371189,0.4326655904394767
8801,2026-01-30,1748.7962646484375,1787.6012451171875,1722.7547819010415,1714.456861979167,0.0048399700837591375,-10.06491475592884,3.55162016041082,10385200,1.1320715638583438,True,False,False,False,True,0.0718529256207831,0.0718529256207831,-0.0056576847593439,0.1513437081686839,0.2209335521836632,-0.0056576847593439,0.1357850150693078,0.2209335521836632,-0.0056576847593439,-0.0204690880075922,0.2209335521836632,-0.0730767026621758,0.021707850436301388,-0.047869024899893975,0.03384401368389178,0.26738972023570634
1925,2026-02-02,5166.4169921875,5192.8810546875,5159.359635416667,5158.88916015625,9.119700885418247e-05,-1.4376487468944106,17.138409928086997,1595800,0.9177277066583854,True,False,False,False,True,0.0574842861925093,0.0700056286554993,-0.0049326923681983,0.0383228259581345,0.1013090362192137,-0.0049326923681983,0.0195408258450997,0.1013090362192137,-0.0049326923681983,-0.0304692773397,0.1013090362192137,-0.0635676509821259,0.005096219655582454,-0.02339669673638367,-0.056025874452787505,0.15085509164299324
9432,2026-02-02,153.59666442871094,154.9379376220703,153.37115865071615,153.35149230957032,0.00012824355896157158,-0.461365347933139,-0.0173336847198337,201792800,1.0110304957818532,True,False,False,False,True,-0.0236875989148143,0.0076824623392965,-0.0249679364269437,-0.0198462941646481,0.0076824623392965,-0.0249679364269437,-0.0320102768586597,0.0076824623392965,-0.0384123254213506,0.0221576137994106,0.0319234508739274,-0.0390524372674784,0.008656841661537074,-0.04695236305783357,-0.07717636366772762,0.14743113966105117
9433,2026-02-02,2624.3740234375,2640.29662109375,2578.773857421875,2562.42427734375,0.006380512479015943,-16.088399713564286,-9.684127798261509,7736200,1.0954648277229264,True,False,False,False,True,-0.0459920873988179,0.0613853505381989,-0.0568800171372808,0.00244040710601,0.0613853505381989,-0.0568800171372808,-0.0052562757711195,0.0613853505381989,-0.0568800171372808,0.0330082434092355,0.0613853505381989,-0.0568800171372808,0.006030609412988696,-0.05405491925854433,0.01877630100380623,0.18336277293826153
6098,2026-02-03,8328.0009765625,8805.36345703125,8287.505013020833,8271.695384114584,0.0019112924463600134,-133.8229501614387,-42.51813281738405,6265400,1.4236681940109774,True,False,False,False,True,-0.1179291131563521,-0.0328379908219348,-0.1857622400092089,-0.2417306167669242,-0.0328379908219348,-0.276126614344674,-0.170062335590598,-0.0328379908219348,-0.276126614344674,-0.1664266107152393,-0.0328379908219348,-0.276126614344674,0.05421269466027171,-0.12453354590969523,0.03308470358458249,0.36362421188248667
6920,2026-02-06,30071.052734375,33882.375859375,29729.142760416667,29059.32338541667,0.02305006782560337,-212.5751901382173,867.1464757658334,5418000,1.05962699877961,True,False,False,False,True,0.0172242447396235,0.055316274090601,0.0043060336872988,0.0573037335596895,0.062272266142207,-0.006790342808296,0.1517058653856209,0.1603179205183886,-0.0457105042487154,0.3229545726303569,0.3282543405727918,-0.0457105042487154,0.1124868911441887,-0.07953990548649115,-0.08241522917449617,0.8615449543647741
9020,2026-02-06,3935.738525390625,3944.0492578125,3881.441513671875,3865.9149055989583,0.004016282937430837,-52.36667119433241,-47.4152871965316,3512600,1.2149658781575243,True,False,False,False,True,-0.047511333970399,0.0072900784843161,-0.058572168308035,-0.0377074069283847,0.0072900784843161,-0.058572168308035,-0.0563097268526315,0.0072900784843161,-0.0844645759620463,-0.0832724336935205,0.0072900784843161,-0.1063348323247578,0.002107157360018458,-0.10043055523911071,-0.09335311598318152,0.2639432608440292
7936,2026-02-09,3881.5,3916.26318359375,3822.2809700520834,3814.641731770833,0.0020026096337242283,-30.595509566354394,-17.911050360967444,3781700,1.3535995647520769,True,False,False,False,True,0.1851756479051269,0.228007217107877,0.0066683503954811,0.1977430248051654,0.2731469612253259,0.0066683503954811,0.15055139363004,0.2731469612253259,0.0066683503954811,0.1305462661422773,0.2731469612253259,0.0066683503954811,0.008876620891921172,-0.13536102466083622,-0.087554531240428,0.28358544419096493
9101,2026-02-10,4962.28662109375,5037.07875,4945.343600260417,4942.820462239583,0.0005104652374303686,-1.525033730838004,7.214476476879999,2626300,0.7982517062732803,True,False,False,False,True,0.0152143664080328,0.0165974922478258,-0.0077060210142301,0.063030988718324,0.063030988718324,-0.0077060210142301,0.1339656351328866,0.1440426984220781,-0.0077060210142301,0.241967760145543,0.2885188801509983,-0.0077060210142301,0.01484831439378423,-0.1182271059573804,-0.12678023625125578,0.22441960092262914
9433,2026-02-12,2622.4033203125,2630.54205078125,2607.32814453125,2588.502151692708,0.007272929182705612,-6.074030514200331,-2.381963469066421,15817200,1.5670578234746593,True,False,False,False,True,-0.007702373739499,0.0358820685797629,-0.0105203336777623,0.0035694721824901,0.0358820685797629,-0.027428113747311,-0.0110839740651187,0.0390757201829181,-0.0306218286808535,-0.0009164571650304,0.0600962782752729,-0.0306218286808535,0.003093936653220547,-0.09356839791270588,-0.158519386891402,0.4089330188370259
7267,2026-02-17,1529.4794921875,1559.2412646484374,1528.5575227864583,1527.5252083333332,0.0006758084563798228,5.611530536718647,9.698023017299253,13335400,0.7955944421624366,True,False,True,False,True,-0.0140083048831333,0.0168735806004196,-0.020375690622691,-0.0764088196364801,0.0168735806004196,-0.0805476287866786,-0.1435848656641895,0.0168735806004196,-0.1518624769952912,-0.1490569133826292,0.0168735806004196,-0.1989812494828526,0.01908734275811244,-0.0638931344514766,-0.09162201804333558,0.34827015788758464
6920,2026-02-18,31047.19140625,33736.751953125,30625.127057291666,29996.630338541665,0.020952244023971778,-665.9318158141286,-287.6480696651502,1850000,0.4051211695519688,True,False,False,False,True,0.0744305449327957,0.0744305449327957,-0.0380173334554875,0.0763554120799725,0.1238369654758795,-0.0380173334554875,0.1257619292002685,0.2191208681249148,-0.0757138262490237,0.2816810749663976,0.441770937273211,-0.0757138262490237,0.07972197651427641,-0.1856237134817874,-0.008804781409884832,0.7759160729454386
6920,2026-02-24,31794.236328125,33192.903203125,30888.827682291667,30386.158229166667,0.016542711629879747,-579.6423486956737,-455.7505808156103,3028400,0.7229211897978451,True,False,False,False,True,0.0720550581316668,0.0848997438342136,-0.0090852071616728,0.0892857263523527,0.097431025436631,-0.0974310735303853,0.0466791193790099,0.1904761148971441,-0.0974310735303853,0.4035087309763852,0.4260651212956483,-0.0974310735303853,0.042137527604645404,-0.17716744821849084,0.04891272746523656,0.7342370922059502
8306,2026-03-05,2683.624267578125,2829.609541015625,2618.844475911458,2588.060481770833,0.01189461929404434,-10.281129488345414,27.18792617785128,56480400,1.0893589116131723,True,False,False,False,True,-0.0296160205601737,0.0102377025012232,-0.0595977978691507,-0.0179159170769983,0.0102377025012232,-0.0595977978691507,0.0290188657789098,0.0597608742622559,-0.0782449301510682,0.0668408519735719,0.1054080989799515,-0.0782449301510682,0.05159202049661657,-0.06526640381513038,-0.003982657612405571,0.4238731383403053
8308,2026-03-05,1774.2666015625,1897.875,1692.4496126302083,1673.4553206380208,0.011350343064400192,-8.608670252166348,30.311414073898803,20626600,1.801558347184241,True,False,False,False,True,-0.0352250654842531,0.025160716030691,-0.0679340480363466,-0.0117416884947511,0.025160716030691,-0.0679340480363466,0.0274667845263971,0.0762193225744132,-0.0760413661291227,0.1328624448151718,0.1480800000440323,-0.0760413661291227,0.06512989445432392,-0.04760001697841332,0.04558631742845565,0.6198073864086077
8316,2026-03-05,5310.80126953125,5652.14234375,5161.615546875,5068.97857421875,0.018275274061604785,-0.8660425404486887,89.4725648092182,23577800,1.4555181353307522,True,False,False,False,True,-0.0441394817331755,0.0142804443105515,-0.0675074248811914,-0.0437685910779742,0.0142804443105515,-0.0752967234552237,0.011711741281978,0.0461698184557359,-0.0847552043187948,0.0712131204454071,0.0804396001258123,-0.0847552043187948,0.06039145043758432,-0.04186327486732078,0.008098805946967547,0.502002890048969
8411,2026-03-05,6436.01123046875,6946.62115234375,6160.775279947917,6058.642727864583,0.01685733202481332,-52.57324477877046,83.25176666766373,16092900,1.1735134195043035,True,False,False,False,True,-0.0496159950826006,0.0087557304429497,-0.0791090849939313,-0.0552995758803745,0.0087557304429497,-0.0860215313226637,0.0049702786999208,0.0430373347112813,-0.1038402872755124,0.0761323670803419,0.0967973403436519,-0.1038402872755124,0.07350478897250971,-0.07888507300112912,0.0625489590616719,0.6124071502373553
6954,2026-03-10,6093.10302734375,6465.561484375,6066.510904947917,6001.391048177084,0.010850793798983238,-54.0185107571715,32.370502153452904,5370400,0.931685800656642,True,False,False,False,True,-0.01966522888047,0.0346172296529041,-0.0378677502079417,-0.0388429059976319,0.0346172296529041,-0.1015764745868625,-0.0277531869369144,0.0346172296529041,-0.1380418193438005,0.2719299124306067,0.2886701512780805,-0.1380418193438005,0.05760651382425977,-0.05383161441446771,-0.042016460398552,0.49745232362358643
7203,2026-03-10,3422.04638671875,3617.535458984375,3384.8402734375,3364.660738932292,0.005997494568088735,-21.407720719365443,24.041389926118796,22222100,0.7859637730406301,True,False,False,False,True,-0.0270659959810802,0.0276417700106239,-0.0417506956570066,-0.0388713407761682,0.0276417700106239,-0.0814858058894335,-0.0111180219141421,0.0276417700106239,-0.0814858058894335,-0.1692105603729037,0.0276417700106239,-0.1823605866772368,0.05403929677596269,-0.0714357298161371,0.05130539305875792,0.4044635710440573
8053,2026-03-10,1423.7310791015625,1553.041015625,1415.854383138021,1399.2589876302084,0.011860131437082089,-20.48891488899244,8.164975966714339,15718000,0.8947427742604624,True,False,False,False,True,-0.0088357359748028,0.0221760183932813,-0.0476437589559718,0.0103949986303077,0.0474705904569652,-0.0644490063995454,0.0979952765984992,0.1141500127966541,-0.0644490063995454,0.304319353042324,0.3267955077528004,-0.0644490063995454,0.08326240918460127,-0.0515295984878017,0.05817768781420507,0.46556387023724327
8306,2026-03-10,2670.3779296875,2822.348544921875,2629.8994986979164,2609.3201497395835,0.007886862392254557,-30.422174642250862,1.6530106348052938,52005900,1.0044463921626532,True,False,False,False,True,-0.0227815877829207,0.0152489594504392,-0.0479514671205654,-0.0011023171974647,0.0152489594504392,-0.0736725889210595,0.0803714215603992,0.0981591659361769,-0.0736725889210595,0.0807459003893629,0.1108914461209442,-0.0736725889210595,0.053845445668930236,-0.06814525038495511,0.005591546901706712,0.42130728189494626
8316,2026-03-10,5275.34326171875,5642.29291015625,5201.643548177083,5132.671419270833,0.013437861743358592,-63.448407932366536,22.437562188669133,13398200,0.7995572006367478,True,False,False,False,True,-0.0429424440408249,0.0210978895713005,-0.0690813675291174,-0.008401778505416,0.0210978895713005,-0.0786034231918466,0.0655230799462009,0.0814462143912251,-0.0786034231918466,0.0973693488362492,0.0985067155823224,-0.0786034231918466,0.0650355545662975,-0.08395823252630108,0.007617525901888023,0.49870718754424553
8411,2026-03-10,6377.681640625,6911.42576171875,6205.369290364583,6128.03169921875,0.012620298807477281,-115.546776009528,-6.171728357032908,13181500,0.9597210572913026,True,False,False,False,True,-0.0497597058590243,0.0159665318273412,-0.0776623826212958,-0.0046504641276815,0.0159665318273412,-0.0956441069982244,0.0891104936557019,0.0897376808101249,-0.0956441069982244,0.0928736165822403,0.1068285307681542,-0.0956441069982244,0.07722634077183774,-0.1121733870425401,0.05488371030226635,0.629470941605056
2914,2026-03-11,5658.361328125,5781.695390625,5622.153678385416,5609.89529296875,0.0021851362238489713,-26.590850030448564,6.425914833509846,2657500,0.6093757882330281,True,False,False,False,True,0.0305804359629571,0.0324809195833415,-0.0259157270147741,0.0336903766239189,0.0336903766239189,-0.0259157270147741,0.0425016594289218,0.0668623982654739,-0.0259157270147741,0.0677262734455819,0.0736004956619491,-0.0259157270147741,0.021331816044820668,-0.03375394417659083,-0.07167807811500015,0.2150672710228643
2914,2026-03-16,5675.9580078125,5765.19349609375,5627.793854166666,5616.913463541667,0.0019370764202835122,-33.13907143616598,-14.12552253522632,3408600,0.8212662814847654,True,False,False,False,True,0.002411315132822,0.0292800086533528,-0.0248019635213964,0.0368583669366111,0.0463313559432001,-0.0248019635213964,0.0153289272994079,0.0635548974229596,-0.0248019635213964,0.0924904953923493,0.1016189828991747,-0.0275576724136863,0.015478316268432595,0.009170046124011066,-0.025350989942235502,0.22585985396258515
8591,2026-03-17,4741.35986328125,5126.59068359375,4708.514065755208,4654.139095052084,0.01168314259471348,-66.62970733776547,1.2092803390019444,2206600,0.5449229264726946,True,False,False,False,True,0.0006244911977533,0.0220650008121716,-0.0551623050177454,0.0039313904146163,0.0220650008121716,-0.0551623050177454,0.061509808394278,0.073953495796476,-0.0551623050177454,0.2473214796033698,0.2781143331749105,-0.0551623050177454,0.07514366644197401,-0.05565050431964602,0.007007268275105671,0.3722848442048644
8766,2026-03-17,5854.970703125,6112.8886328125,5832.3149609375,5817.382024739583,0.002566951273684781,-45.43543010979647,6.881243098926388,2894800,0.497325082377842,True,False,False,False,True,0.3218370808724557,0.3218370808724557,-0.0262450124022467,0.279254906604798,0.3240241369839662,-0.0262450124022467,0.1675549454673428,0.3240241369839662,-0.0262450124022467,0.3576498334581492,0.3598701690770896,-0.0262450124022467,0.0421924797227712,-0.006058972358240822,-0.0395313966456583,0.29259288545422096
6178,2026-03-18,1819.6549072265625,1906.5879638671877,1767.164939778646,1744.3695182291667,0.013068000392841395,-31.2645260090203,-13.792089392775798,4755100,0.9037339296014628,True,False,False,False,True,-0.0016264593439166,0.0157224063221446,-0.0571970379670709,0.0073338591402352,0.0392080347158674,-0.0571970379670709,0.0370098157106513,0.0578928962602034,-0.0571970379670709,0.1595605252514438,0.1757723904149117,-0.0571970379670709,0.04559614257938372,-0.05421627233827675,0.04779613776282288,0.3958917116637228
8053,2026-03-18,1477.9967041015625,1526.5791552734374,1435.028214518229,1418.8932535807292,0.011371511490932518,-34.13894102733616,-24.340719931756677,16480000,1.0091966721004886,True,False,False,False,True,-0.0175234058783345,-0.0100133928436013,-0.0987983789294121,0.0150563907461247,0.0630943869087474,-0.0987983789294121,0.0307871430106454,0.0744272944541548,-0.0987983789294121,0.1858957432962973,0.3151247188887049,-0.0987983789294121,0.031824390503467186,-0.07366452449279237,0.024778519210647332,0.46456322954553636
8113,2026-03-18,946.9839477539062,982.0048681640624,927.1310758463542,926.659512532552,0.0005088852026278179,-17.58756014849257,-9.605532176894643,9955700,1.3090863666696253,True,False,False,False,True,-0.0327731474275372,-0.0045924168250923,-0.0585533957682434,-0.0039661922665792,0.0183697063768053,-0.0585533957682434,0.009393579340764,0.0279721019704228,-0.0585533957682434,-0.0100197964794299,0.0300595266307288,-0.066381364192295,0.03566267494745782,-0.10148373679510159,-0.02058047516621575,0.36583026881276187
8306,2026-03-18,2679.699462890625,2769.539541015625,2652.905732421875,2633.274879557292,0.007454919733971499,-47.23676300457055,-34.69042800373385,37616500,0.7994433554327092,True,False,False,False,True,-0.0111680441659836,0.0032955226755064,-0.0768948874806235,0.0299662474174449,0.0613130462518889,-0.0768948874806235,0.0995636043534426,0.1070271278854531,-0.0768948874806235,0.1307238150995864,0.1829684798236597,-0.0768948874806235,0.03243863349647455,-0.0391957001111094,-0.001752888531969754,0.3999589239513222
8309,2026-03-18,1256.8973388671875,1299.112236328125,1226.5306754557291,1216.0047021484374,0.008656194576134757,-18.93913426322433,-10.984663581908382,10668000,1.0673379383209138,True,False,False,False,True,-0.0068186257023379,0.0064289877641667,-0.0633157731235629,0.0151982668290389,0.0482160787987921,-0.0633157731235629,0.0872009652209104,0.0953559669724759,-0.0633157731235629,0.1224067044898642,0.1550267114961263,-0.0633157731235629,0.03249518885316307,-0.05771023291602284,0.004582502414849143,0.40216367974866807
8801,2026-03-18,1860.6004638671875,1984.6932861328123,1854.1297021484372,1846.715662434896,0.004014716431096854,-24.52770031210548,1.091394038465879,6113600,0.7117257918525698,True,False,False,False,True,-0.0784365530097384,-0.0215368093167419,-0.1082158691057919,-0.0927660006643468,-0.0215368093167419,-0.1287758809697311,-0.054606276758641,-0.0188651269032968,-0.1287758809697311,-0.1895089626788122,-0.0188651269032968,-0.1994519893302989,0.06252493679132683,-0.0665737044931517,-0.04990887900202812,0.31193518741048465
2914,2026-03-24,5689.64453125,5716.6262109375,5638.119153645834,5627.793854166666,0.0018346975292142798,-12.189641307363672,-12.659647632057723,4582700,1.0870104070922406,True,True,False,False,True,0.0343641889150314,0.0438143905075121,0.0077319177492278,0.0457044356214586,0.0592783183710634,0.0077319177492278,-0.010824730235646,0.0609965005054198,-0.010824730235646,0.0475944338295519,0.1123710660293759,-0.029896896707054,0.0047198607521122754,0.05209637969391534,-0.022230554223986454,0.2572486864006694
6178,2026-03-24,1780.1937255859375,1873.3813623046876,1777.7273909505209,1757.9178645833333,0.011268743987582708,-34.992576426592905,-23.87381249474256,3849100,0.6942677054859071,True,False,False,False,True,0.0049468067927067,0.0382377122668042,-0.0248252338780665,0.0437066333263551,0.065333493058898,-0.0248252338780665,0.0229223785184566,0.081342986627144,-0.0248252338780665,0.1748721332626865,0.2102615400977567,-0.0248252338780665,0.04974301473999294,-0.03864726447671696,0.07012302998093456,0.41368015352781234
6301,2026-03-24,6165.056640625,7037.4853515625,6023.093658854166,5941.300162760416,0.013766935494426757,-150.11460481878655,12.101983676431033,3404900,0.8545159545700378,True,False,False,False,True,-0.0246642730941049,0.0460284231706906,-0.0423445648341253,0.0392443043881705,0.0799576367436303,-0.0423445648341253,0.1339717390319494,0.1751716849215383,-0.0423445648341253,0.0356758051378913,0.1926897721501823,-0.0423445648341253,0.12396881376723558,-0.10578522258485645,0.20776166932950613,0.5683955124004887
6971,2026-03-24,2383.7607421875,2569.912607421875,2367.53603515625,2346.182236328125,0.009101509037739763,-35.26824628109671,0.5657964722668396,2746100,0.4741129266170357,True,False,False,False,True,-0.0024166612384989,0.0248911213812761,-0.0296844985048982,0.0498117347563735,0.0613481274460041,-0.0296844985048982,0.1488149592928387,0.1704194765116014,-0.0296844985048982,0.3029831161451735,0.3180853029388715,-0.0296844985048982,0.07243509553467715,-0.02811915321464742,0.06120609378447983,0.42190541965405237
7182,2026-03-24,2505.71044921875,2734.70400390625,2451.520494791667,2402.747591145833,0.02029880451261823,-62.98312115937779,-29.2372997511538,5995900,0.6971721384623702,True,False,False,False,True,0.0047050730801421,0.0387897922590425,-0.0214352177984077,0.063770157813354,0.0982913053094542,-0.0214352177984077,0.0376298669348043,0.1240325077776445,-0.0214352177984077,0.2343804532420574,0.2802756204334045,-0.0214352177984077,0.08373613903384265,-0.09137726550809788,0.20654357620109698,0.4577825276832577
8001,2026-03-24,2007.85205078125,2099.8204052734377,2006.9035481770836,1993.7994986979168,0.006572400829534031,-22.67562882799757,-8.482220974549035,13254600,0.8027214015435972,True,False,False,False,True,-0.0166108109251739,0.0315348538079327,-0.0298089945212655,0.018252315555068,0.0461428167392616,-0.0298089945212655,-0.0220893022292119,0.0668116702954051,-0.0298089945212655,-0.0283148605292551,0.0668116702954051,-0.0532170937294279,0.043798200199036366,-0.009860388130526143,0.02684983607579139,0.39718223381070744
8035,2026-03-24,38767.48046875,41148.02078125,38278.32229166666,37757.85591145833,0.013784320312806075,-716.9226552347318,-416.1695788958863,2266000,0.7022252110007019,True,False,False,False,True,-0.0396590247846863,0.0590340102594117,-0.0579733436781291,-0.008447298219805,0.0590340102594117,-0.0579733436781291,0.1808866463969127,0.1984271208300692,-0.0579733436781291,0.3459734645913259,0.3895667025207883,-0.0579733436781291,0.057853093959375726,-0.04538871803826372,0.20069060216891743,0.4637964368008846
8308,2026-03-24,1755.4178466796875,1809.3253564453123,1723.7981298828124,1712.5483772786458,0.006569013029601667,-30.543413583131496,-24.929962933067152,8429500,0.8656543831615614,True,False,False,False,True,-0.0187521431105137,0.0500140936132387,-0.0364117562098311,0.0618554457137894,0.0877752004240777,-0.0364117562098311,0.0900538601788283,0.1447416942928432,-0.0364117562098311,0.2099683297725798,0.2296217701573037,-0.0364117562098311,0.02979425981821981,-0.042054828622403284,0.08154647252811276,0.5462074770768799
8725,2026-03-24,3932.3623046875,4061.499833984375,3859.159479166666,3820.1920638020833,0.010200381214812593,-30.229992232162655,-8.543101999768432,4892200,1.157237881669458,True,False,False,False,True,0.0253378726557644,0.0588381790207597,0.0072825678545342,0.0398329765102729,0.0741634856393722,0.0072825678545342,0.0207604714385511,0.0795037870594543,0.0072825678545342,0.0721290850983884,0.1535051067377348,-0.0117899372171873,0.031795527409929684,-0.007043855066788507,0.015838844968325327,0.3410064186166872
8830,2026-03-24,4485.8564453125,4904.33716796875,4378.934544270834,4318.128255208333,0.01408163108382876,-40.54609484824505,41.853594992653385,2980900,1.004789849967472,True,False,False,False,True,-0.0209227482993967,0.0323796768428779,-0.0467818013953142,0.0414956557252319,0.0577690253459386,-0.0467818013953142,0.0524188764295419,0.1277668070021294,-0.0467818013953142,-0.1375114101025423,0.1277668070021294,-0.1914587450095428,0.08532870158059988,-0.04158267857450881,0.06942284011087896,0.5096519623229053
1928,2026-03-25,3452.416015625,3569.131123046875,3450.536539713541,3441.632529296875,0.0025871473322240934,-33.95639298843025,-17.359380854354015,1949600,0.7017291273737708,True,False,False,False,True,0.0173294912926127,0.0198863093383074,-0.0213068327728084,0.030113578183756,0.0374999414029444,-0.0213068327728084,-0.0164772942634715,0.0499999975487757,-0.0213068327728084,-0.0497159484667949,0.0499999975487757,-0.0653409331831778,0.03270126633011968,-0.022435177502235115,-0.023525371142260942,0.2223504873752984
2503,2026-03-25,2435.70751953125,2558.790400390625,2425.137496744792,2420.859348958333,0.0017672021252699288,-18.478869285093424,8.664937870016864,3402500,0.8553551137791989,True,False,False,False,True,0.0542840097355246,0.0542840097355246,-0.0141786878179497,0.0727162342339489,0.0834514986626497,-0.0141786878179497,0.0200526067947803,0.0866923220014432,-0.0141786878179497,0.1152521215020099,0.1233542858679865,-0.0141786878179497,0.04810197851320111,-0.025211936145617897,-0.016617133335830925,0.3035006294271346
3407,2026-03-25,1535.668212890625,1672.897255859375,1524.329365234375,1506.936629231771,0.01154178328751021,-35.11946276967592,-10.655662120659956,3888900,0.6042262744973133,True,False,False,False,True,0.0357054907102385,0.0396125846707928,-0.0557856261994051,0.074450839152401,0.0796602977664733,-0.0557856261994051,-0.0014119019150261,0.085846529870684,-0.0557856261994051,0.1398946629916835,0.1675699118789424,-0.0557856261994051,0.08203076577960841,-0.10666997830628855,0.05104677909541144,0.4906836401354036
6273,2026-03-25,64709.98828125,68720.16390625,62563.77046875,61921.2009375,0.010377213644460426,-1113.262655752631,-306.826642284769,205400,0.635067866308011,True,False,False,False,True,-0.0152988480997277,0.0188563908577179,-0.0877760672210753,0.0324526672702008,0.0324526672702008,-0.0877760672210753,0.0931851771096243,0.1304282683851996,-0.0877760672210753,0.0347707019968963,0.3413694285144952,-0.0877760672210753,0.058355152215160584,-0.09808051716832833,0.133160704546198,0.5990774641454705
6326,2026-03-25,2511.0458984375,2799.91025390625,2509.8998079427083,2486.331087239583,0.009479317064442938,-66.84473455102261,-21.38985503702432,4941700,1.0939838305483978,True,False,False,False,True,0.0353057253673321,0.0431952311063172,-0.0562130133818953,0.0487179497151453,0.0506903363047921,-0.0562130133818953,0.0181458991152763,0.0998027790657418,-0.0562130133818953,0.0648915086506456,0.1735700429456421,-0.0562130133818953,0.1031691480345649,-0.1469829623585358,0.04252076602214516,0.4938753469430749
6857,2026-03-25,23393.158203125,25085.255703125,23173.391223958333,22928.59111979167,0.010676630887946459,-546.2078544740798,-287.32585417483256,10638400,1.145481933872925,True,False,False,False,True,-0.0381803173119945,-0.0017075896419059,-0.1570184825507792,0.0780929954396221,0.0780929954396221,-0.1570184825507792,0.1926564065331268,0.241816079203847,-0.1570184825507792,0.1146421433817663,0.3850203430707279,-0.1570184825507792,0.06745386692586938,-0.07639253942775515,0.09442104559063824,0.747217812810201
6861,2026-03-25,58010.0,60740.36765625,57960.10375,57623.016197916666,0.0058498769124744054,-436.1370407929862,151.93994152193673,520900,0.580490223938396,True,False,False,False,True,-0.0003447681434235,0.0112049646612653,-0.0632649543182209,0.0432684019996552,0.0508533011549732,-0.0632649543182209,0.0998103775211169,0.113601103258059,-0.0632649543182209,0.3294259610411998,0.4509567315980003,-0.0632649543182209,0.044951450931315695,-0.0420412396311205,-0.04840548561622349,0.4607093726889434
6920,2026-03-25,33278.36328125,33499.88875,32533.48247395833,32105.54953125,0.013328939979420085,291.40651436164626,605.3064164064521,3641600,0.7882831204028002,True,False,True,False,True,0.0580665388699794,0.0616582781815606,-0.0149655234532489,0.1954505208843819,0.2002395064462621,-0.0149655234532489,0.3409159550341278,0.3624663900257479,-0.0149655234532489,0.2475307423965529,0.3983837861476189,-0.0149655234532489,0.006612722519862048,0.09030915889047963,0.03653705891448111,0.7667700224565064
7011,2026-03-25,4534.08544921875,4779.42642578125,4493.999407552084,4443.4367578125,0.011379176186244733,-37.231019978086806,2.444492559430225,23369500,0.8380421167309705,True,False,False,False,True,0.012332046100032,0.0233120289200585,-0.072800888495744,0.0696754735479641,0.0859962952062216,-0.072800888495744,-0.0057531887104695,0.0859962952062216,-0.072800888495744,-0.1301443159436761,0.0859962952062216,-0.1495528606183609,0.0513327237844019,-0.011244171972505268,0.09618972850440244,0.5199924892556547
8113,2026-03-25,928.7974853515624,970.3892163085936,928.014463704427,926.449256998698,0.001689468358795576,-17.26436224054862,-14.834216844170568,6046100,0.751108910854189,True,False,False,False,True,0.0024475242777717,0.0058528791764949,-0.026604245559172,0.0354368264051101,0.048100468248317,-0.026604245559172,0.0407576370708882,0.0502287660491098,-0.026604245559172,-0.0335213897653333,0.0502287660491098,-0.0481005005099204,0.042860875057173606,-0.09780433785005693,-0.005741562488394303,0.3805393437602361
8306,2026-03-25,2667.434326171875,2713.61025390625,2664.1504622395832,2648.2809375,0.005992387180252967,-46.90720481002427,-43.837072135631686,39608800,0.8177542911464835,True,False,False,False,True,0.0526969576903719,0.0547588641245944,-0.0357775729417249,0.0815636477694883,0.0993710215195924,-0.0357775729417249,0.047448468585078,0.1121173522038776,-0.0357775729417249,0.1475446536646112,0.1884078902701136,-0.0357775729417249,0.017016418502953594,-0.015061060140887816,0.015671082014188542,0.4330323537667756
8309,2026-03-25,1251.0205078125,1272.25533203125,1232.9461653645833,1224.2877018229167,0.0070722457873051425,-18.307874803926325,-16.264507755091927,8268000,0.8405035702086824,True,False,False,False,True,0.0343555456677946,0.0359542404833554,-0.0373858841804932,0.0711255264256915,0.0755219371684834,-0.0373858841804932,0.0305586454808379,0.1005015436616199,-0.0373858841804932,0.1312764188611641,0.1604525992451475,-0.0373858841804932,0.016690693828609854,-0.010784167692795776,0.007819621374482555,0.4281153740182646
8411,2026-03-25,6348.0224609375,6454.6765625,6324.33498046875,6274.112356770834,0.008004737697073105,-169.01097386465972,-164.42303590129544,10547400,0.8638431824128951,True,False,False,False,True,0.0411116281752976,0.0444197450147108,-0.057816818260485,0.0941990269792127,0.0948291444724342,-0.057816818260485,0.0417417456685191,0.1119998461627214,-0.057816818260485,0.1592586581543371,0.1858811222429475,-0.057816818260485,0.016523539255573632,-0.029818780575856296,0.05159581862785312,0.6073277654385554
8750,2026-03-25,1419.447265625,1457.8604638671875,1360.8746842447918,1347.8940852864582,0.00963028111780373,-15.35418709151827,-3.8808544007387686,13432500,1.2661234565806607,True,False,False,False,True,0.0560448678168905,0.0620331142321297,-0.0365968267247511,0.0803501032669791,0.0863383496822183,-0.0365968267247511,0.0123658939645576,0.0863383496822183,-0.0365968267247511,0.1775710450673333,0.1944790349456557,-0.0365968267247511,0.026349022553427973,0.0026247509061602114,0.043195126742030965,0.46199380636458415
9021,2026-03-25,3160.63037109375,3221.068916015625,3147.435615234375,3143.422119140625,0.0012767919616367696,-25.010650053483005,-12.991456484577578,2135500,1.0563833155249516,True,False,False,False,True,0.0026480884898141,0.0074696619216194,-0.0261436363611083,0.0096087252669601,0.0209988581750173,-0.0261436363611083,-0.0525624168561855,0.0209988581750173,-0.0525624168561855,-0.1678875125502648,0.0209988581750173,-0.1678875125502648,0.018763505686378076,0.015499378427909383,-0.020810736484627945,0.17360047479966959
8053,2026-03-26,1452.09716796875,1483.186435546875,1449.5746744791666,1435.028214518229,0.010136706591389988,-29.62191208718218,-31.188161988641443,9054400,0.5376964756129137,True,True,False,False,True,0.0331608883299512,0.0820556879109719,-0.0301957533806674,0.0727587893990877,0.0935907286571986,-0.0301957533806674,-0.0093638141225564,0.0935907286571986,-0.0301957533806674,0.2378648203786617,0.3385812209240744,-0.0358771913601522,0.020961132621646315,-0.029879688963245332,0.013058990200965459,0.5209099317935383
7011,2026-03-27,4564.0,4752.14412109375,4511.828623046875,4470.559505208334,0.00923130936753247,-52.51245030169957,-16.78705676439338,22423400,0.851489776741867,True,False,False,False,True,0.0523663453111304,0.0683610867659947,-0.0788781770376862,0.03965819456617,0.0788781770376862,-0.0788781770376862,0.0381244522348815,0.0788781770376862,-0.0788781770376862,-0.1665205959684487,0.0788781770376862,-0.1748466257668711,0.03959141732646925,-0.0045591623006255855,0.10491328132066857,0.5088983484517051
8113,2026-03-27,934.0359497070312,958.9514819335938,929.1739339192708,927.2924178059895,0.002029042918018309,-14.538219002931442,-15.06574028831328,6909900,0.8680997009975125,True,True,False,False,True,0.0167195911716764,0.0324867743261698,-0.0249735388244164,0.0080422812285891,0.0422222823545181,-0.0249735388244164,0.0074073832053267,0.0443386437708808,-0.0249735388244164,0.0091004881644383,0.0443386437708808,-0.0534391511257038,0.025982057169695136,-0.06263935161541223,-0.0045790331813388985,0.3910408546307463
7936,2026-03-31,4137.34619140625,4458.0206640625,4126.807874348959,4088.88208984375,0.00927534315538514,-40.2062170356603,6.360380769419459,3895100,1.0996909933526162,True,False,False,False,True,0.0081810065399665,0.1116458652451932,0.0057748466198235,0.0996150843504024,0.1152551238433512,0.0057748466198235,0.0957652197465328,0.1453321142374291,0.0057748466198235,0.1436478296197991,0.2389317126146164,0.0057748466198235,0.07193202921675698,0.7674276420942568,0.9715011926834591,0.40621249418600475
8802,2026-03-31,4321.0,4777.013515625,4307.49923828125,4255.172975260417,0.012297094225089733,-88.71911524228835,-20.33791287246444,5381300,1.2284502438044451,True,False,False,False,True,0.0321684795186298,0.0610969682943762,0.0205970840083313,0.0835454755843554,0.11085396898866,0.0205970840083313,0.0404998842860448,0.1117796806294839,0.0175885211756536,-0.0914140245313585,0.1117796806294839,-0.0960425827354779,0.0954599592681574,0.7276010940205588,1.022950612186258,0.5063472097285512
1928,2026-04-01,3512.24462890625,3526.564404296875,3465.0168684895834,3450.536539713541,0.00419654410535375,-22.60945604004792,-23.806466509493127,1892200,0.70888162516039,True,True,False,False,True,0.0125663189758709,0.0198268607004632,-0.007539759441574,-0.0184305687260125,0.0321139871947013,-0.0357441850230452,-0.0477520260105653,0.0321139871947013,-0.060039087534586,-0.0960625056564805,0.0321139871947013,-0.1117005963834614,0.004060545547722743,-0.007327247418430161,-0.038428351337437494,0.1936136451204643
3407,2026-04-01,1590.5,1630.3612255859375,1540.348055013021,1524.329365234375,0.010508680173712204,-32.24794525700963,-27.30270390723944,6510600,1.0737141561359749,True,False,False,False,True,0.0374096196164728,0.0424394844388558,-0.0386670858220685,-0.0314366551398931,0.0484124489154353,-0.0386670858220685,-0.0348946872052813,0.0484124489154353,-0.0644451430367808,0.095567431625275,0.1332914177931468,-0.0644451430367808,0.024449321389872814,-0.09966398032005586,0.07951781041075257,0.5182577711610532
4519,2026-04-01,8920.0966796875,9174.18095703125,8737.45416015625,8701.882805989584,0.004087776744382543,-195.10396853556267,-167.63087960496716,2175900,0.9150818817235956,True,False,False,False,True,-0.012999964200395,0.0382222291176561,-0.0355555347862567,-0.0381110332959316,0.0382222291176561,-0.0638888657938064,-0.0982221828584704,0.0382222291176561,-0.1775555392890361,-0.1535555083823078,0.0382222291176561,-0.1775555392890361,0.027695581603828748,-0.07140723061817955,0.0022729059463459933,0.4431150142732515
6146,2026-04-01,63680.0,69469.761875,62745.17692708333,61441.98140625,0.02121018058022406,-1518.582466445223,-685.3944016053204,2855500,1.2672580981586925,True,False,False,False,True,0.0592022613065326,0.0720791457286431,-0.0185301507537688,0.108354271356784,0.1455716080402009,-0.0185301507537688,0.1622173366834169,0.2272298994974875,-0.0185301507537688,0.0081658291457287,0.2272298994974875,-0.0632851758793969,0.08334218685559583,-0.10615011199266278,0.25978088697595036,0.6497403155762722
6273,2026-04-01,63720.0,66638.64203125,62978.22348958333,62563.77046875,0.006624489184844595,-1539.6758834770444,-1085.117286803052,258900,0.8675255918374185,True,False,False,False,True,0.0484934086629,0.0484934086629,-0.0422159447583176,0.1293157564344005,0.1479912115505335,-0.0422159447583176,0.1939736346516007,0.2346202134337727,-0.0422159447583176,-0.0006277463904582,0.362209667294413,-0.0422159447583176,0.04379804183106416,-0.08623130177744665,0.10215310522930565,0.6251766159148383
6301,2026-04-01,6492.0,6739.68572265625,6121.006438802084,6040.395618489583,0.013345288190354854,-179.23090673319984,-129.83209554488525,4128600,0.986460833423929,True,False,False,False,True,0.0437461491065926,0.0565311152187306,-0.0246457178065311,0.1095194085027726,0.115988909426987,-0.0246457178065311,0.0100123228589033,0.1326247689463955,-0.0246457178065311,0.0080098582871226,0.1326247689463955,-0.0566851509550215,0.03675033715943533,-0.07226376678464896,0.23608886650586536,0.6584639284379336
6326,2026-04-01,2599.7001953125,2701.4693359375,2529.4646419270834,2509.8998079427083,0.00779506573228983,-67.826941658127,-54.26831728682654,4193800,0.9432207554447508,True,False,False,False,True,0.0129548441771192,0.0148599689545823,-0.0474376089634427,0.0481996684563612,0.0622975920233859,-0.0474376089634427,-0.0272433194482687,0.0622975920233859,-0.0563916657002459,0.1169745948019096,0.1468850521418208,-0.0563916657002459,0.037671773383162535,-0.10133624907792749,0.10587635588746935,0.5503891115258777
6503,2026-04-01,5337.0,5457.97111328125,5144.585924479166,5091.328424479167,0.0104604330264646,-62.39433202396776,-25.320979953241974,8731700,1.3186024930779296,True,False,False,False,True,0.0528386734120291,0.0582724376990819,-0.0339141839985009,0.088813940415964,0.123852351508338,-0.0339141839985009,0.1675098369870713,0.2160389732059209,-0.0339141839985009,0.1244144650552745,0.2527637249391044,-0.0339141839985009,0.022164117539369664,-0.030435304208177305,0.08056741546184365,0.5479349157883325
6971,2026-04-01,2487.5,2522.1648046875,2391.914775390625,2372.0388606770834,0.008379253410657928,-33.742201349396055,-27.635387529519075,4525200,0.8116361053591622,True,False,False,False,True,0.0470351758793969,0.0645226130653267,-0.029145728643216,0.0472361809045225,0.0645226130653267,-0.029145728643216,0.0896482412060302,0.1216080402010051,-0.029145728643216,0.4247236180904523,0.4456281407035176,-0.029145728643216,0.013744068041499297,-0.04344151510917438,0.06638817210556502,0.4278124656779476
6981,2026-04-01,3671.0,3710.163837890625,3423.8744759114584,3405.7767838541668,0.005313822133936608,1.6584794820287243,24.73862198769113,6385000,0.7390204535629524,True,False,True,False,True,0.089621356578589,0.0997003541269407,-0.0572051212203759,0.2312721329338054,0.2326341596295287,-0.0572051212203759,0.4045219286298012,0.4342141105965678,-0.0572051212203759,1.7867066194497414,2.0305093979842006,-0.0572051212203759,0.010555824379144187,0.010390443353399781,0.07768510075354795,0.6365405671298656
7011,2026-04-01,4590.0,4693.9373828125,4524.18923828125,4493.999407552084,0.006717809236563843,-81.56274276171644,-48.085264950199,22456000,0.8607480527664314,True,False,False,False,True,0.056644880174292,0.0727668845315903,0.0176470588235293,-0.006318082788671,0.0727668845315903,-0.0106753812636165,0.0054466230936818,0.0727668845315903,-0.0496732026143791,-0.2339869281045751,0.0727668845315903,-0.2559912854030501,0.022142899305193326,-0.04787253956380211,0.10433650171345832,0.5713880294165024
8035,2026-04-01,39280.0,40225.39421875,38817.00041666667,38393.64390625,0.011026734306606167,-606.1916800198451,-544.7420923978503,2541800,0.7882234736659307,True,False,False,False,True,0.079684317718941,0.079684317718941,-0.0336048879837067,0.1074338085539714,0.1346741344195519,-0.0336048879837067,0.130091649694501,0.214613034623218,-0.0336048879837067,0.3673625254582484,0.3935845213849287,-0.0336048879837067,0.023502422713593426,-0.05238845545341286,0.07685048679521134,0.5083084621269776
8113,2026-04-01,931.0707397460938,942.6626879882812,930.8909513346354,928.014463704427,0.0030996150843662917,-11.367084104705668,-13.7793502851644,4504200,0.5633485733368103,True,True,False,False,True,0.0329087571452741,0.0455414800923736,0.0021231869538527,0.0352441741911964,0.0455414800923736,0.0021231869538527,-0.0317409830685869,0.0476645815508025,-0.0504246093321545,-0.0126327274486496,0.0476645815508025,-0.0504246093321545,0.01229702669883495,-0.005898124698967777,-0.031244315779109133,0.2985116758720574
8830,2026-04-01,4586.0,4798.203515625,4444.45609375,4391.9805696614585,0.011948031931431347,-86.56118892651011,-46.67174912269627,2168200,0.7432316625874965,True,False,False,False,True,0.0804622764936764,0.0804622764936764,-0.01569995638901,0.0494984736153509,0.1031399912778019,-0.01569995638901,0.0560401221107718,0.1031399912778019,-0.01569995638901,-0.1982119494112516,0.1031399912778019,-0.2378979502834713,0.044225617970137174,-0.08151961812614161,0.07737688938412579,0.5161354031632169
9021,2026-04-01,3169.0,3195.81728515625,3155.5839290364584,3147.435615234375,0.002588873863739627,-22.3340979345071,-20.22675417177432,1797200,0.7473992610012871,True,False,False,False,True,0.0069422530766802,0.0183023035657936,-0.0041022404544019,-0.0328179236352161,0.0183023035657936,-0.0441779741243294,-0.106500473335437,0.0183023035657936,-0.1096560429157462,-0.2158409592931524,0.0183023035657936,-0.2178920795203534,0.008391369957478266,-0.006861930958462881,-0.058060705175666305,0.17007399346525462
9983,2026-04-01,63385.203125,64033.489375,61547.24421875,61183.61072916666,0.005943315297179508,-637.4724060266963,-423.8922289311116,1146500,1.07956177230804,True,False,False,False,True,0.0642374390907971,0.0844981577511738,-0.020888944099086,0.1671116558404182,0.1870582161741354,-0.020888944099086,0.1558033186471705,0.1889429906621831,-0.020888944099086,0.251452737022368,0.3020260305126965,-0.020888944099086,0.010124174964188376,-0.0018775975105757015,0.05305246760550575,0.2739747934418283
4519,2026-04-06,8786.2958984375,9005.37306640625,8771.297174479167,8718.40275390625,0.006066985211163445,-127.43938122836698,-152.64694806521456,1704600,0.6896719142583174,True,True,False,False,True,-0.0315849422379288,0.0242526382442567,-0.0398195723155797,-0.0023688567745825,0.0242526382442567,-0.0630569690001814,-0.1088550984993387,0.0242526382442567,-0.1650310679247799,-0.1478849953546488,0.0242526382442567,-0.1701071960833704,0.024327383924381503,-0.06624637663330812,0.026221680117679558,0.4773935724303793
6861,2026-04-06,58330.0,59050.5334375,58286.69442708333,58104.649010416666,0.0031330611193267632,-687.78900164886,-633.2983991077925,454500,0.6612832824094282,True,False,False,False,True,0.0889765129435968,0.0930910337733583,-0.0113149322818446,0.0977198697068404,0.1033773358477627,-0.0113149322818446,0.4429967426710097,0.4429967426710097,-0.0113149322818446,0.3384193382478999,0.4429967426710097,-0.0113149322818446,0.012201980160985773,-0.04203175890691768,-0.01607893520692283,0.45722125407726594
9021,2026-04-07,3167.0,3176.206103515625,3165.2057942708334,3153.4000032552085,0.0037438292013185492,-13.100444121009332,-16.906558338245112,975100,0.427188294050644,True,True,False,False,True,-0.0419955794126933,0.0189453741711398,-0.0435743605936217,-0.0388380170508367,0.0189453741711398,-0.0476791916640353,-0.1201452478686454,0.0189453741711398,-0.1316703504894222,-0.195768866435112,0.0189453741711398,-0.2254499526365645,0.0028984591098905462,-0.03721481738144161,-0.018788808563368065,0.15547831389432665
4519,2026-04-08,8804.1357421875,8910.42357421875,8782.7035546875,8737.45416015625,0.005178784769777733,-111.21905900438652,-140.02272713614272,2898900,1.216226421427133,True,True,False,False,True,-0.0254418117373149,0.0077676632628223,-0.051559168943884,-0.0138466973584746,0.0077676632628223,-0.064955499164317,-0.1225936962553665,0.0146346429227308,-0.1667229677001264,-0.1696498837826461,0.0146346429227308,-0.1755037620423128,0.011928482540244372,-0.10772270215157953,-0.04981163332205907,0.4825984543930518
9432,2026-04-15,154.0,154.84786926269533,153.38833638509115,153.37535847981772,8.461532153569706e-05,0.1702622596883429,0.7029314348415854,168195500,0.8268286835429112,True,False,True,False,True,-0.0162337662337662,0.0032467532467532,-0.0162337662337662,-0.0097402597402597,0.0032467532467532,-0.0220778824447037,0.0084415782581677,0.0084415782581677,-0.0383116486784699,-0.0525974422306209,0.0188311291979503,-0.0629869931704038,0.005475498414879305,-0.05347984335587952,-0.041579637000671466,0.10504638873247307
2914,2026-04-23,5734.6142578125,5798.43193359375,5721.957376302084,5713.26890625,0.0015207528640179824,-33.32495853389446,-4.326341624151217,6374600,1.695954197051648,True,False,False,False,True,0.0034094285916204,0.0069894117301703,-0.0289806295812278,0.0535287611467165,0.059324874072119,-0.0289806295812278,0.0424479905044834,0.1036480690802386,-0.0289806295812278,0.0143197363189035,0.1036480690802386,-0.0289806295812278,0.011006023095919472,-0.04830608371895895,-0.0051975637955326,0.176899399563622
8058,2026-04-24,4950.0,5259.11486328125,4823.8043424479165,4736.437945963542,0.018445590859863303,-102.00047038564117,-38.08985753453114,10913900,1.0289317829135798,True,False,False,False,True,0.0905050505050504,0.1,-0.0428282828282828,0.1882828282828283,0.1997979797979798,-0.0428282828282828,0.0177777777777776,0.2145454545454546,-0.0428282828282828,-0.1111111111111111,0.2145454545454546,-0.1141414141414141,0.05877697508367181,-0.16138729518358008,0.19425844019951866,0.35580525964653426
8015,2026-04-27,6205.0,6219.2108203125,6194.10255859375,6136.837337239584,0.009331389803452828,-16.49749032354157,-0.4376742528335446,2062800,0.9683984198036256,True,False,False,False,True,0.0867042707493956,0.1394037066881546,-0.0457695406929895,0.1904915390813859,0.218211120064464,-0.0457695406929895,0.1168412570507655,0.218211120064464,-0.0457695406929895,-0.0398066075745366,0.218211120064464,-0.0626913779210314,0.002284987713567464,-9.479224561152183,0.0551621844685215,0.429723053209085
8308,2026-04-27,1838.0,1852.8719384765625,1827.4519140625,1805.936455078125,0.011913740887103508,11.12872385744322,21.525522730223067,5059300,0.6021270163929744,True,False,True,False,True,0.0554951033732318,0.1082698585418933,0.0070729053318825,0.1109902067464636,0.1452665941240478,0.0070729053318825,0.1096300326441783,0.1743743199129488,0.0070729053318825,0.1436343852013057,0.2391186071817193,0.0070729053318825,0.008026425446752812,-9.461136744663051,-0.011996489101477215,0.4105912212507169
8058,2026-04-28,4913.0,5224.1994921875,4853.646129557292,4773.36212890625,0.016819172416201678,-107.56779828787784,-63.560631580664975,8775500,0.875310954578189,True,False,False,False,True,0.0690006106248728,0.10828414410747,-0.0144514553226134,0.1194789334418888,0.2236922450641156,-0.0144514553226134,0.0016283329940973,0.2236922450641156,-0.0144514553226134,-0.1015672705068186,0.2236922450641156,-0.1119478933441888,0.05956883780048633,-9.846041440763193,0.1471061242950551,0.31481768582876085
8725,2026-04-28,4019.0,4064.819990234375,4017.704485677084,3998.328333333333,0.004846063336573891,-19.91537418764574,-6.4611827598661264,2895400,0.9807750609300664,True,False,False,False,True,0.0012440905697934,0.0062204528489673,-0.0194078128887783,0.0997760636974371,0.1174421497885045,-0.0194078128887783,0.0694202537944761,0.1286389649166459,-0.0194078128887783,0.0599651654640458,0.1798954963921373,-0.0194078128887783,0.011272329486780785,-9.773282950102807,-0.02200605253243859,0.23353970887169967
8750,2026-04-28,1444.0,1454.3658984375,1425.141455078125,1417.76109375,0.005205645267499781,-4.769825141210731,2.9620106973558205,16390000,2.2038856426733577,True,False,False,False,True,0.0155817174515235,0.0193905817174515,-0.024584487534626,0.1184210526315789,0.1565096952908586,-0.024584487534626,0.1319252077562327,0.1741689750692521,-0.024584487534626,0.2042936288088643,0.2880886426592797,-0.024584487534626,0.007127435020744473,-9.75387295909491,0.01952835257762886,0.3290759640592771
2914,2026-04-30,5733.63623046875,5796.242109375,5730.234407552083,5719.011529947917,0.0019623806571114066,-32.500508300132424,-22.3092695095252,4136000,1.122293646938792,True,False,False,False,True,0.0329070834824003,0.0509804268891249,-0.0163682531647682,0.1002557635362935,0.1038363262256258,-0.0163682531647682,0.0455243425008689,0.1038363262256258,-0.0163682531647682,0.0485492553664312,0.1038363262256258,-0.0163682531647682,0.010801115226879408,-0.04731681484090289,-0.0017306934870195967,0.1766763979469589
8630,2026-04-30,5797.0,5949.1517578125,5783.8366796875,5760.053639322917,0.004128961612825943,-34.2147437993799,-7.646842255860827,3008100,1.4676021018017535,True,False,False,False,True,0.0165602898050716,0.0257029498016214,-0.0313955494221148,0.1100569259962049,0.1100569259962049,-0.0313955494221148,0.0177678109366914,0.1100569259962049,-0.0472658271519751,0.0760738312920477,0.1279972399516991,-0.0472658271519751,0.025575370070647932,-0.08684738585336216,0.05134886875159839,0.21190371602448455
2503,2026-05-07,2512.67138671875,2532.60296875,2503.3435611979166,2494.1934212239585,0.0036685767415214343,-17.869541709238092,-10.611711285407342,4633500,1.242656632798787,True,False,False,False,True,-0.0086393166199989,0.0068721140148404,-0.0312193131217166,0.0881601865233461,0.0889456120879439,-0.0312193131217166,0.0318083090958307,0.0889456120879439,-0.0312193131217166,0.1049992508673323,0.1453945053110688,-0.0312193131217166,0.007869998684036702,-0.050725950371334205,0.01909773022503325,0.18277473793747706
8630,2026-05-07,5857.0,5929.0,5788.287975260417,5773.834049479166,0.0025033497079041123,-36.62472301822436,-19.04087408449568,3500500,1.7195728208755796,True,False,False,False,True,0.0240737578965339,0.0464401570770018,-0.0319276079904388,-0.0493426668943145,0.098685333788629,-0.0503670821239542,-0.0141710773433498,0.098685333788629,-0.0570257811166126,0.1073928632405667,0.1164418644357179,-0.0570257811166126,0.012143700455388767,-0.07987639674361857,0.009127536343053189,0.2141005503408536
8630,2026-05-11,5821.0,5913.12,5791.610032552083,5780.218938802083,0.0019707028177655683,-35.84300908017303,-25.60677281008692,1806200,0.8129627545853494,True,False,False,False,True,0.0537708297543377,0.0584092080398557,-0.0054973372272805,-0.0422607799347191,0.1054801580484452,-0.05119395292905,0.0293763958082804,0.1054801580484452,-0.05119395292905,0.1630304071465385,0.1630304071465385,-0.05119395292905,0.015578916037557143,-0.09094735746646121,-0.023947479786303738,0.22111233995427254
5020,2026-05-12,1371.0,1372.22,1361.4590348307293,1353.5580908203126,0.005837166549407913,-20.432749890522015,-20.88086124345636,11062800,1.264903301122289,True,True,False,False,True,-0.0080233406272793,0.0193289569657184,-0.0765864332603938,-0.0609044493070751,0.0193289569657184,-0.0809628008752735,-0.1075857038657913,0.0193289569657184,-0.1101385849744711,-0.0893508388037928,0.0193289569657184,-0.1396790663749088,0.000889070265700855,-0.0882498482430597,-0.06295468477739585,0.26259814180225666
8031,2026-05-12,5868.0,5958.6,5720.912376302083,5674.249140625,0.008223684670980669,-88.16495985439633,-74.195588875824,6855800,0.9033025657782484,True,False,False,False,True,0.0011929107021131,0.0608384458077708,-0.0047716428084526,-0.0829925017041581,0.0608384458077708,-0.0906612133605998,-0.1596796182685753,0.0608384458077708,-0.1688820722563053,-0.2029652351738241,0.0608384458077708,-0.2489775051124744,0.015204913905951122,-0.10222879525881401,0.08807799264354488,0.324338732678429
7741,2026-05-13,27680.0,28603.8,27599.921588541667,27451.7809375,0.005396394914375158,-188.27988305677357,43.96517155277001,814400,0.6594705772796838,True,False,False,False,True,-0.0426300578034681,0.0283598265895954,-0.0527456647398844,-0.0175216763005779,0.0283598265895954,-0.0653901734104046,-0.0711705202312138,0.0283598265895954,-0.0932080924855491,-0.1361994219653178,0.0433526011560694,-0.1361994219653178,0.032296408169543885,-0.09291840502145565,-0.029202071555468834,0.273284730113102
8002,2026-05-13,5740.0,5871.08,5628.823626302084,5598.111822916667,0.005486100377576353,-51.43799188484263,2.864732998946449,4925800,0.882397725664557,True,False,False,False,True,-0.0637630662020906,0.0588850174216026,-0.0789198606271777,-0.0905923344947735,0.0588850174216026,-0.0912891986062718,-0.1646341463414634,0.0588850174216026,-0.1729965156794425,-0.1357142857142856,0.0588850174216026,-0.2038327526132404,0.02232638628667978,-0.1050567465488712,-0.07300909058600225,0.3721756346677793
8697,2026-05-13,1848.5,1886.32,1840.3437776692708,1833.728193359375,0.003607723507689675,-8.231381724193398,-2.567016514546742,3644100,1.0634802047522602,True,False,False,False,True,-0.0078441979983771,-0.0018934271030565,-0.0673519069515823,0.040032458750338,0.0989991885312415,-0.0673519069515823,0.1219908033540708,0.1617527725182581,-0.0673519069515823,0.1647281579659183,0.2263997836083311,-0.0673519069515823,0.020049620424954374,-0.08563587713473975,0.04440236990859692,0.30192674609886533
9101,2026-05-18,5558.0,5779.48,5517.084967447917,5489.7708984375,0.004975447885847251,-104.82406270999854,-75.4705215696364,3399800,1.0832925747077726,True,False,False,False,True,-0.0426412378553436,0.0246491543720763,-0.0433609211946743,-0.0509175962576465,0.0246491543720763,-0.0662108672184238,-0.0061173083843109,0.0536164087801367,-0.0662108672184238,-0.0430010795250089,0.0536164087801367,-0.0892407340770061,0.03832178673513873,-0.11072164212589097,0.110995412390823,0.2761402124304812
6857,2026-05-21,26745.0,27879.4,25770.26625,25588.284869791667,0.00711190222925695,101.930202147214,607.5981135844712,9851300,0.9531868038300476,True,False,True,False,True,-0.0151430173864273,0.0661805945036455,-0.0310338381005795,0.0532809871003925,0.0661805945036455,-0.0549635445877734,0.1329220415030847,0.1695644045616002,-0.0970274817722939,0.1082445316881659,0.3438025799214805,-0.0970274817722939,0.040689541381808844,-0.06467065803335592,-0.029391489946740235,0.6256842538905028
6920,2026-05-21,37910.04296875,41782.7253125,36501.9471875,36476.0496875,0.000709986421826736,-556.4700287837404,523.7749243004484,3426700,0.8635553774699921,True,False,False,False,True,0.0538623969097897,0.1571203358230299,-0.0049920557848222,0.1232265402956898,0.1571203358230299,-0.0055175753003543,0.4831844422822078,0.5063058295135336,-0.0073567567533455,0.2231587296860546,0.5391487451989405,-0.0073567567533455,0.09268620739278156,-0.07161384109890223,0.19827881082280863,0.5866829490063096
7936,2026-05-21,4499.712890625,4526.98966796875,4383.901481119791,4351.142509765625,0.007528820598415864,3.883218333790865,27.131067621838397,3992200,0.9459012800540216,True,False,True,False,True,0.0303096595138665,0.0679202762451007,-0.0059735017310648,-0.0345132697268445,0.0944689187454026,-0.0396017653263592,-0.027212456697541,0.0944689187454026,-0.0508850503811545,0.1058483332052868,0.1256273729270054,-0.0911505073282774,0.006025367704448275,-0.040626699609244366,-0.054679574642855666,0.4217895696275324
5803,2026-05-22,4850.0,5945.2,4769.95541015625,4654.557470703125,0.024792462050252206,-114.62308208147806,190.35327909713703,105386700,1.6169629465458026,True,False,False,False,True,-0.0162886597938144,0.1655670103092783,-0.0375257731958762,-0.0212371134020618,0.1655670103092783,-0.1028865979381443,0.0641237113402062,0.1655670103092783,-0.1983505154639175,-0.0779381443298968,0.457319587628866,-0.1983505154639175,0.18421583798694743,-0.15226276714626807,0.25468960300411525,1.332492346518652
4689,2026-05-26,401.0,419.43199951171874,398.8615677897136,397.5910636393229,0.003195504795206583,-1.2941052961703008,2.0549409413769992,9962700,0.5307147845514358,True,False,False,False,True,0.0586034912718205,0.0730673012293485,-0.0022443738066941,0.0024937655860348,0.0730673012293485,-0.0089775713304629,0.0139651025025326,0.0730673012293485,-0.010473845902821,0.1037406635997895,0.1466333860173785,-0.010473845902821,0.04394514374958595,-0.11560921972814742,0.07737661671845486,0.46222468989290644
6857,2026-06-02,26320.0,27645.4,25904.802890625,25808.611510416667,0.003727104039266349,-185.86330218821968,35.32264101661546,8218300,0.9302802058359424,True,False,False,False,True,0.0003799392097263,0.0803571428571428,-0.0554711246200607,0.1527355623100303,0.1884498480243162,-0.0824468085106383,0.2287234042553192,0.365501519756839,-0.0824468085106383,-0.0425531914893616,0.365501519756839,-0.0830167173252279,0.047942876572594405,-0.12371034600866582,-0.02574334383098309,0.556538465161896
5803,2026-06-03,5001.0,5682.48,4929.192018229167,4853.269020182292,0.015643682171985418,-238.91077028114432,-133.32812238438046,82340200,1.101279408311857,True,False,False,False,True,-0.1613677264547091,-0.026994601079784,-0.1765646870625874,-0.0543891221755649,-0.026994601079784,-0.2225554889022195,0.1649670065986803,0.4133173365326934,-0.2225554889022195,-0.2561487702459508,0.4133173365326934,-0.2671465706858628,0.11992651096000331,-0.2129452242794886,0.0780872750987256,1.4320094381887924
2802,2026-06-11,5084.0,5195.36,4802.693346354166,4778.415677083333,0.005080694295237942,-25.21635259898449,37.35634883245071,9098500,1.9488816180526176,True,False,False,False,True,0.1382769472856018,0.1492918961447678,-0.0206530291109362,0.1294256490952006,0.2128245476003147,-0.0206530291109362,0.1252950432730133,0.2470495672698662,-0.0206530291109362,0.0220298977183319,0.2470495672698662,-0.0714004720692368,0.021434510794247113,-0.07072519796297494,0.10102452966519482,0.45803918034693814
5802,2026-06-12,2742.5,2974.4,2649.2066341145837,2607.639391276042,0.015940564089347076,24.162704242774453,101.625945770436,32723200,1.1781547120139868,True,False,True,False,True,0.2292616226071102,0.304010938924339,0.0246125797629899,0.0879671832269826,0.3076572470373746,0.0246125797629899,-0.0585232452142205,0.3076572470373746,-0.1653600729261622,-0.2120328167730173,0.3076572470373746,-0.2805834092980857,0.07796530392684242,-0.006521890303877731,-0.014639583522374044,0.8332834034732925
6503,2026-06-15,5858.0,6117.68,5819.546809895834,5816.7930729166665,0.0004734115421758389,-125.0933227267933,-51.737152892822095,6107400,0.7698969462040276,True,False,False,False,True,0.0554796858996244,0.0674291567087743,-0.0116080573574598,0.0003414134516899,0.0831341754865142,-0.0228747012632297,-0.0360191191532945,0.0831341754865142,-0.0443837487196995,0.0058040286787299,0.0831341754865142,-0.1379310344827586,0.04244746374442604,-0.12330440582719138,-0.019524567873487886,0.5862199778492941
9433,2026-06-23,2664.0,2702.72,2655.167057291667,2650.8351334635418,0.0016341732359888006,7.946438364484038,17.690800540418778,10227200,1.0934001170675385,True,False,True,False,True,0.0304054054054054,0.0349099099099099,-0.0153903903903903,0.0431681681681681,0.0431681681681681,-0.0153903903903903,0.0793918918918918,0.0972222222222223,-0.0153903903903903,0.0739489489489488,0.1715465465465464,-0.0153903903903903,0.014326308311626733,0.005216774150490711,-0.102848929224584,0.24197810787695925
4689,2026-06-25,409.7000122070313,409.81199951171874,407.6291613769531,405.2317626953125,0.005916117398337306,-1.1421889164025174,-1.0244814070163943,15918100,0.8936158626766147,True,False,False,False,True,0.0641932804719536,0.0720039031511987,-0.0034171939769311,0.0900658842983825,0.0981205284151642,-0.0034171939769311,0.062484683483488,0.1222845352531276,-0.0034171939769311,0.3026604742626657,0.3273125984633205,-0.0034171939769311,0.0002732650698878071,-0.04156809214236923,-0.02873293606691374,0.19746893034357907
2914,2026-06-26,5936.0,5944.6420703125,5863.344700520834,5850.218776041666,0.002243663866541512,-24.469705895976404,-8.81843115159196,8185500,1.68465095793878,True,False,False,False,True,0.0203840970350404,0.045653638814016,0.0008423180592991,0.0304919137466306,0.0576145552560647,0.0008423180592991,0.1002358490566037,0.1076482479784366,0.0008423180592991,0.1768867924528301,0.2159703504043126,0.0008423180592991,0.0014537578899255976,-0.02138685779169558,-10.16632732809175,0.21952873202780857
4063,2026-06-29,6942.0,7280.16,6905.127799479166,6837.16482421875,0.009940227712468719,-30.34376640224036,25.995732389882647,5772100,0.7763082153827946,True,False,False,False,True,0.0681359838663209,0.0688562373955632,-0.0220397579948141,0.0573321809276865,0.1027081532699509,-0.0220397579948141,-0.1541342552578507,0.107749927974647,-0.1578795736099106,-0.1404494382022472,0.107749927974647,-0.188130221838087,0.04644952858178939,-0.11926049192228183,-10.245212361034204,0.49590699975285296
4307,2026-06-29,4630.0,4633.24,4527.085520833333,4514.346826171875,0.002821824541172857,-72.77927425675898,-56.54344659582239,3756500,1.4598043749441376,True,False,False,False,True,0.0987041036717062,0.1051835853131748,-0.0259179265658747,0.0879049676025918,0.1308855291576673,-0.0259179265658747,0.1615550755939525,0.1712742980561554,-0.0259179265658747,0.0870410367170626,0.2138228941684665,-0.0311015118790496,0.0006992946620506992,-0.12376589974793284,-10.285544827066127,0.47437143341110477
4543,2026-07-02,2214.5,2249.48,2170.7820914713543,2158.8941796875,0.005506481927509244,-6.985417442673679,0.6402376646094894,5058400,1.0670615621364437,True,False,False,False,True,0.0058703996387445,0.0677353804470535,0.0002257846014901,-0.0033867690223526,0.0677353804470535,-0.0207721833370964,0.0494468277263491,0.1101828855272071,-0.036802890042899,0.1361481146985774,0.2142695868141793,-0.036802890042899,0.015550260504649971,-0.045654588928419115,-0.08805419444502638,0.25066271465850853
4063,2026-07-09,7010.0,7140.52,6984.901803385416,6942.500826822917,0.006107449983827173,-40.14938418170914,-22.31061021009075,6080200,0.8241768668754151,True,False,False,False,True,0.0500713266761769,0.0970042796005705,0.0293865905848786,-0.0439372325249642,0.0970042796005705,-0.0580599144079886,-0.1275320970042796,0.0970042796005705,-0.1960057061340941,,,,0.01827878081708341,-0.009339983155349785,0.012250752670555753,0.47507539610957084
6920,2026-07-09,43020.0,47486.804375,42276.71861979167,41714.474661458335,0.013478390004820318,93.36166461321407,1408.2407561545583,2680700,0.7187585883299259,True,False,True,False,True,0.0778707577870758,0.1841004184100418,0.00883310088331,0.003486750348675,0.1841004184100418,-0.0736866573686657,-0.1292422129242213,0.1841004184100418,-0.2282659228265923,,,,0.09406411810165105,0.04287840635939055,-0.018274204749428646,0.9343055378954999
6146,2026-07-10,72560.0,78237.2,71861.58421875,71577.48385416667,0.00396913036454527,-527.4588199636055,1125.7658363057649,1346000,0.7051107432474907,True,False,False,False,True,-0.1072216097023153,0.0326626240352811,-0.1419514884233738,-0.1365766262403528,0.0326626240352811,-0.1810915104740904,-0.1320286659316427,0.0326626240352811,-0.3191841234840132,,,,0.07256394656250476,-0.13555574960314531,-0.012652309267078499,0.8042262342035125
6954,2026-07-10,7156.0,7238.28,6990.646204427083,6912.909348958333,0.011245172118518276,-102.90056669609658,-61.63861946703765,6055500,1.06009850836936,True,False,False,False,True,-0.0725265511458915,0.00684740078256,-0.106484069312465,-0.0518446059250978,0.00684740078256,-0.106484069312465,-0.0906931246506428,0.0117384013415315,-0.1883733929569592,,,,0.011367341412600748,-0.014050630794562702,0.06786462337629029,0.5752082884438493
6146,2026-07-15,73550.0,78517.6,72079.52,71728.88708333333,0.0048883083360726776,-1032.1939126271463,92.19864026480356,1136100,0.7150162217613907,True,False,False,False,True,-0.0562882392929979,-0.019986403806934,-0.1535010197144799,-0.2947654656696125,-0.019986403806934,-0.328348062542488,-0.1098572399728076,-0.019986403806934,-0.328348062542488,,,,0.06326734388213605,-0.14071801399414485,-0.06552220412284226,0.7569490423150117
4543,2026-07-16,2207.0,2226.7,2193.2066666666665,2184.79806640625,0.003848685326899526,-5.400887979074469,0.1747335563608723,3874900,0.8832939165123237,True,False,False,False,True,-0.0192569098323516,0.0403262347077479,-0.0335296782963299,0.0530131400090621,0.1139555958314453,-0.0335296782963299,0.1871318531943815,0.2183960126869053,-0.0335296782963299,,,,0.008847172946512695,-0.012524730010995078,-0.05710724527216682,0.27713050299705244
2802,2026-07-21,5252.0,5706.04,5213.52,5149.8979296875,0.012354044911402795,-17.03849116237143,83.2930703999324,3521400,0.800634796487702,True,False,False,False,True,-0.0693069306930692,0.0338918507235339,-0.0784463061690784,-0.0569306930693069,0.0338918507235339,-0.1011043412033511,0.0053313023610053,0.0955826351865956,-0.1011043412033511,,,,0.07957182213934708,-0.12861406250142793,0.04530120102723334,0.4931696516061568
6273,2026-07-21,70460.0,72510.0,70400.4,69750.85286458333,0.009312389866797943,541.3483713724418,1010.3989026615284,253400,0.8673775008985264,True,False,True,False,True,-0.0747942094805563,0.0417258018734032,-0.0747942094805563,0.0452739142776044,0.0486801021856373,-0.1081464660800454,0.0063866023275618,0.1720124893556627,-0.1081464660800454,,,,0.0282719624879327,-0.032127413374692604,-0.08350890756967955,0.542423933937727
6723,2026-07-21,4035.0,4631.56,3892.026666666666,3768.4,0.03280614230619516,-82.93721610747343,40.70299511954344,16862500,1.0279802664366349,True,False,False,False,True,-0.1420074349442379,0.1053283767038413,-0.1496902106567533,-0.0376703841387856,0.1053283767038413,-0.2406443618339528,-0.1420074349442379,0.1053283767038413,-0.2406443618339528,,,,0.12880325419513086,-0.18077504375385922,0.2433154496915284,0.6245562242060871
6857,2026-07-21,29630.0,30476.4,27957.866666666665,27445.35921875,0.018673738020034136,26.868641079337976,257.71281872928387,10348200,1.1980709439257369,True,False,True,False,True,-0.1390482618967262,0.0658116773540331,-0.1478231522105973,0.0462369220384746,0.1117111036112048,-0.1854539318258521,0.1819102261221734,0.3071211609854876,-0.1854539318258521,,,,0.02777230906537522,-0.06016701374663902,0.02216326601844898,0.9324170780858823
6920,2026-07-23,45130.0,47901.326875,43587.72026041667,42977.78005208333,0.014191989618685952,-622.4311348309566,-167.22890069321144,3640900,1.0783139220636906,True,False,False,False,True,-0.2550409926877908,0.0081985375581652,-0.2643474407267893,-0.0398847773099934,0.0385552847329935,-0.2643474407267893,-0.2218036782627963,0.0385552847329935,-0.2643474407267893,,,,0.057854908325021194,-0.12930380455517665,-0.04903665554857395,0.7603526576648477
6861,2026-07-27,74170.0,76352.0,74025.6,73005.2,0.013977086563697005,-1179.735252439452,-713.0147276525477,675900,1.161340206185567,True,False,False,False,True,0.0868275583119859,0.1260617500337064,-0.0568963192665498,0.1460159093973305,0.1853849265201563,-0.0568963192665498,0.1089389240932992,0.1853849265201563,-0.0568963192665498,,,,0.028578164291701593,-0.06666973564377165,-0.07879721718067323,0.36255578527168614
9983,2026-07-28,79592.3828125,81457.5996875,77466.068125,76563.324375,0.011790811819748725,-885.3497570149193,-298.0432397196814,1589300,1.340372686522478,True,False,False,False,True,-0.0156348386431843,0.0216384887175042,-0.0430269286843481,-0.0237648369499868,0.0216384887175042,-0.0430269286843481,-0.097936213077865,0.0216384887175042,-0.099186994812366,,,,0.022898009297544073,-0.050443713117626965,0.04057924353977804,0.30894995231842876
6367,2026-08-04,23765.0,24595.4,23741.2,23530.0,0.008975775605609915,-227.4668537458383,-71.70595812885597,1615400,1.2931786706373032,True,False,False,False,True,-0.0923627182831895,-0.0578581948243215,-0.1079318325268251,-0.1287607826635809,-0.0578581948243215,-0.1323374710709025,-0.1260256679991583,-0.0578581948243215,-0.1367557332211235,,,,0.03376241085731484,-0.05657676537902434,-0.054094889740202046,0.14935946356372348
2802,2026-08-05,5333.0,5415.4,5267.666666666667,5244.6,0.004398174630413587,-146.46412825967946,-135.83945098082478,6316000,1.6261292922115205,True,False,False,False,True,0.0568160510031876,0.0695668479279953,-0.0628164260266266,0.0030001875117193,0.0789424339021189,-0.0628164260266266,-0.0286892930808175,0.0789424339021189,-0.0628164260266266,,,,0.015215865864017365,-0.07983368774411259,-0.06602568678765652,0.39715901662250697
6902,2026-08-05,1919.0,1980.0,1918.98,1915.52,0.001806298028733666,13.483864382846605,29.64060266661676,8751600,1.0202562531731454,True,False,True,False,True,-0.0091193329859301,0.017196456487754,-0.0151120375195413,0.0140698280354352,0.0192808754559665,-0.0184992183428869,0.0093798853569566,0.0338718082334548,-0.0184992183428869,,,,0.03080808080808081,-0.027677467213439,-0.024705074266678784,0.4960557258011445
7269,2026-08-05,1926.0,2045.94,1923.7733333333333,1913.06,0.005600103150624314,0.6215820455274752,21.927956805925987,17663300,2.2480571811117023,True,False,True,False,True,0.0386812045690549,0.0623052959501557,0.0101246105919003,0.0835929387331255,0.0950155763239875,0.0101246105919003,0.0947559709241951,0.1879543094496365,0.0101246105919003,,,,0.058623420041643476,-0.08999043551349173,0.03487812527361123,0.3893562347167107
7270,2026-08-06,2515.0,2578.56,2493.133333333333,2489.6066666666666,0.0014165557611509616,24.709862386516303,43.09366875399599,8242000,1.8924221603048264,True,False,True,False,True,0.027037773359841,0.0506958250497018,-0.0053677932405566,0.0558648111332007,0.0636182902584492,-0.0053677932405566,0.0487077534791251,0.093041749502982,-0.0053677932405566,,,,0.024649416728716782,-0.016481295442861477,0.03321108102075909,0.3902292386556549
9983,2026-08-06,78537.125,80229.915625,78018.38625,77780.521875,0.003058148354703194,-785.3135848256061,-679.3994253920787,1115300,0.8424765926267246,True,False,False,False,True,-0.0224363437991904,0.0150842412030387,-0.0289010412144189,-0.0681962511360073,0.0150842412030387,-0.0780834355206341,-0.1201613249784735,0.0150842412030387,-0.1372233195447376,,,,0.021099244736990763,-0.1067803375419395,0.04931156694168526,0.30647849628745544
9735,2026-08-12,6549.0,6740.44,6413.52,6373.413333333333,0.0062928080400666,7.602675474643547,63.16424931582762,1644600,1.213337415663606,True,False,True,False,True,-0.0282485875706214,-0.0009161704076958,-0.0453504351809436,-0.0184761032218658,-0.0009161704076958,-0.0453504351809436,,,,,,,0.028401706713508258,-0.04477208033852531,-0.015622420659245906,0.3706286398394278
6902,2026-08-14,1955.0,1976.36,1919.253333333333,1919.08,9.032105661721523e-05,-6.311293334862967,5.798647016938309,8367600,0.9395310765769028,True,False,False,False,True,-0.0033248081841432,0.0005115089514067,-0.0365728900255754,-0.0202046035805626,0.0028132992327365,-0.0365728900255754,,,,,,,0.010807747576352436,-0.027897517527537996,-0.04432077553672076,0.5042707628167645
6902,2026-08-20,1946.0,1974.7,1922.006666666667,1918.4333333333332,0.0018626309662399532,-11.407358743882924,-4.0354355934192485,6918500,0.7544488875463863,True,False,False,False,True,-0.0218396711202466,0.0074511819116136,-0.0218396711202466,-0.0046248715313463,0.0195272353545734,-0.0251798561151078,,,,,,,0.014533853243530686,-0.027812922607495683,0.019209856268713743,0.5225919174777224
7182,2026-08-21,3151.0,3230.12,3147.1866666666665,3107.693333333333,0.012708246630941611,-9.317679832502565,-3.00774710804665,5220800,0.7443956098795533,True,False,False,False,True,0.0583941605839415,0.0688670263408441,-0.0079339892097747,0.071723262456363,0.0964773087908601,-0.0079339892097747,,,,,,,0.024494446026772965,-0.09060998618076932,0.009926013743096096,0.3540656592451705
7182,2026-08-25,3187.0,3227.68,3157.806666666667,3128.4866666666667,0.009371943410338979,-11.79418901425288,-6.26710715404311,3248000,0.4765576340556771,True,False,False,False,True,0.0709130844053969,0.0737370567932225,0.0050203953561342,,,,,,,,,,0.012603479898874684,-0.07269390363457595,-0.0022253325686882874,0.35816578855499137
8591,2026-08-25,6279.0,6370.76,6263.04,6205.906666666667,0.009206283046474084,-54.34786527393317,-32.14510011670868,2168000,0.6202552831130635,True,False,False,False,True,0.0130594043637521,0.0230928491798056,-0.021978021978022,,,,,,,,,,0.014403305100176464,-0.06470034119570789,-0.0339403320256233,0.31257648921300635
8766,2026-08-26,7629.0,7758.36,7511.72,7495.813333333333,0.002122073477461406,-95.80861475880192,-64.59772914326281,8363400,1.821250315758299,True,False,False,False,True,0.0191375016384847,0.0347358762616332,-0.0061607025822519,,,,,,,,,,0.016673626900530484,-0.1105308538024038,0.027964471058387952,0.26601042679496284
6902,2026-08-31,1935.0,1960.24,1924.6266666666668,1923.06,0.0008146738357965866,-10.932932026021945,-9.576829842302883,9751200,1.2150929618638604,True,False,False,False,True,,,,,,,,,,,,,0.012875974370485252,-0.05558838440612701,-0.04080796055676639,0.23645015224453272
6902,2026-09-03,1937.0,1940.1,1927.2666666666669,1923.9666666666667,0.0017152064311578563,-5.979523585374409,-7.928984434301142,6119800,0.8707684711751277,True,True,False,False,True,,,,,,,,,,,,,0.0015978557806298175,-0.00462444548807972,-0.04751113901870263,0.24979860973432488
