code,date,event_adj_close,sma25,sma75,sma75_5,sma75_slope5_pct,macd,signal,volume,volume_ratio20,sma75_rising,macd_above_signal,macd_above_zero,price_above_sma25,sma25_above_sma75,ret_5d,max_up_5d,max_down_5d,ret_10d,max_up_10d,max_down_10d,ret_20d,max_up_20d,max_down_20d,ret_40d,max_up_40d,max_down_40d,market_adj_close,market_sma200,market_regime
4452,2021-09-24,2980.675537109375,2981.8222265625,2976.9905143229166,2971.741455078125,0.0017663243334382,-0.6620970424883126,6.347119063091391,3697000,1.2888583650289531,True,False,False,False,True,-0.0229427070385925,0.0041443372929197,-0.0273832763900729,-0.0179100450681378,0.0041443372929197,-0.0371521952509084,-0.0540262319611344,0.0041443372929197,-0.0553583809068941,-0.0794849833075965,0.0041443372929197,-0.0862937452898847,193.58055114746094,176.59218910217285,BULL_ABOVE_SMA200
8001,2021-09-24,577.7803344726562,587.6394555664062,577.0410270182292,575.337577311198,0.0029607829806497,5.090528252845616,7.956615376756358,26029500,1.6332952663018925,True,False,True,False,True,-0.0387062472738973,0.0207580029087224,-0.041757004919425,-0.0152152576604739,0.0207580029087224,-0.0530448454485711,-0.0085038028900886,0.0296307324450051,-0.0530448454485711,0.0342068376279651,0.0625788075962288,-0.0530448454485711,193.58055114746094,176.59218910217285,BULL_ABOVE_SMA200
7182,2021-10-04,786.9929809570312,803.4114404296874,786.2316609700521,784.3338297526042,0.002419672778932,-0.6407075599236123,2.628739181571879,2089900,0.7507741606374342,True,False,False,False,True,0.022082049509027,0.0420609743602193,0.0084121731811523,-0.0231335387452222,0.0420609743602193,-0.0262881128935155,-0.0651945041811006,0.0420609743602193,-0.0715036526343214,-0.0273395732448958,0.0420609743602193,-0.1051524103582417,184.25570678710938,177.41636932373046,BULL_ABOVE_SMA200
4307,2021-10-06,3712.22265625,4045.166923828125,3655.4002018229166,3626.220055338541,0.008046987231626,-22.41025826042187,56.667393733474064,1675200,1.2628246202555502,True,False,False,False,True,0.0126903419763051,0.0329948891383931,-0.0038071197350882,0.0634515783481299,0.0824873684220892,-0.0038071197350882,0.2170049793282116,0.2170049793282116,-0.0038071197350882,0.2246193160473899,0.2817259893449264,-0.0038071197350882,180.93821716308594,177.6025154876709,BULL_ABOVE_SMA200
6920,2021-10-07,22583.140625,25546.62765625,22084.38078125,21899.420677083333,0.0084458902769157,-173.40403494309066,554.1949174436114,3825700,1.001507877087075,True,False,False,False,True,0.0114115653200914,0.0502959026158935,-0.0321217772374691,0.0515637183712129,0.1580724154217994,-0.0321217772374691,0.176246660776395,0.2032965300863802,-0.0321217772374691,0.2174555859909321,0.4074387114747411,-0.0321217772374691,180.66921997070312,177.69179443359374,BULL_ABOVE_SMA200
4901,2021-10-08,2667.7919921875,2891.476943359375,2641.1088704427084,2623.533395182292,0.0066991620128378,-25.280811113027998,27.210939050392767,4330500,0.8065124412994712,True,False,False,False,True,0.0606826440551149,0.0616021066548162,-0.0008044175801821,0.0174692210574711,0.0616021066548162,-0.0008044175801821,0.0463163921182185,0.099873588556645,-0.0137915491313451,-0.0073555385624011,0.099873588556645,-0.0326399589828518,183.00045776367188,177.7878890991211,BULL_ABOVE_SMA200
6501,2021-10-08,1182.6090087890625,1209.21484375,1178.5659684244793,1175.424933268229,0.0026722550010205,1.8678640663458737,10.061652866099836,14567000,0.895678399375294,True,False,True,False,True,0.0534362696356385,0.0606872729377865,0.0020491376892155,0.053751610379634,0.0889029425191803,0.0020491376892155,0.1209014348055461,0.1410780535506166,0.0020491376892155,0.0531210321128357,0.1759142198125574,0.0020491376892155,183.00045776367188,177.7878890991211,BULL_ABOVE_SMA200
6861,2021-10-08,62550.38671875,67404.5746875,61330.06583333333,60899.44473958333,0.0070710183909132,-1185.519125126004,-134.7290003526464,656600,0.7154258941461688,True,False,False,False,True,0.0533686623515203,0.0557025663301427,-0.0141589413510548,0.0457446212581493,0.0807532101982644,-0.0141589413510548,0.1274310791568722,0.1683522013580547,-0.0141589413510548,0.1194958514382686,0.1683522013580547,-0.0141589413510548,183.00045776367188,177.7878890991211,BULL_ABOVE_SMA200
7269,2021-10-08,1095.5372314453125,1124.230576171875,1070.1501424153646,1068.304603678385,0.0017275398146041,-2.0831577010226283,9.591580187009102,8226800,1.451825811962192,True,False,False,False,True,0.0671500954745711,0.0694298878711956,0.0010363266119417,0.0590672094850368,0.1044560241834,0.0010363266119417,0.1287046467931141,0.1440414341347757,0.0010363266119417,-0.0341969110519295,0.1440414341347757,-0.0787565910086973,183.00045776367188,177.7878890991211,BULL_ABOVE_SMA200
6326,2021-10-11,2084.135498046875,2140.6400048828127,2057.5294303385417,2055.45693359375,0.0010082900356216,-13.947527554457793,2.9572316011789983,2758400,0.9439511872109396,True,False,False,False,True,0.024818139359388,0.0301668770387166,-0.0222506430031458,0.0393667563235515,0.0487805973008752,-0.0222506430031458,-0.0188275943907066,0.0971328247344121,-0.0278135332668201,0.0738127120350573,0.0971328247344121,-0.0278135332668201,186.3179473876953,177.90497161865235,BULL_ABOVE_SMA200
6752,2021-10-11,1215.2913818359375,1225.191337890625,1178.9298583984375,1175.5341829427084,0.002888623321211,-12.182555965960091,-1.295880501062138,9159400,1.5378648470765222,True,False,False,False,True,0.0294119921849536,0.0345589965510653,-0.0066174646961308,0.0628678118703649,0.0683825186078452,-0.0066174646961308,-0.0051470182761235,0.1330885044363312,-0.0066174646961308,-0.0727939172734484,0.1330885044363312,-0.1058821361302241,186.3179473876953,177.90497161865235,BULL_ABOVE_SMA200
7309,2021-10-11,28593.224609375,30725.54625,28307.02640625,27982.053151041662,0.0116136315464125,-553.923948946991,-106.92775933344232,155400,0.6139380530973452,True,False,False,False,True,-0.0189110715217376,0.005868806126277,-0.0428758217614089,-0.015650560792408,0.0091292432826621,-0.0428758217614089,0.0195629960687118,0.0867296228224931,-0.0428758217614089,0.0479294325831534,0.0867296228224931,-0.0428758217614089,186.3179473876953,177.90497161865235,BULL_ABOVE_SMA200
7741,2021-10-11,16055.169921875,17135.7749609375,15899.242239583333,15767.2735546875,0.0083697846960104,-319.1110585595907,-101.3153562259382,607700,0.577804400327077,True,False,False,False,True,0.0143628287568486,0.0341114411401644,-0.0137640632939618,0.0269300910301113,0.0685219921948647,-0.0137640632939618,0.0664274443334853,0.0873730748492418,-0.0266305277680855,0.1068224592278066,0.1424297415382671,-0.0266305277680855,186.3179473876953,177.90497161865235,BULL_ABOVE_SMA200
5401,2021-10-12,284.29937744140625,300.0758337402344,282.89569010416665,281.5709484863281,0.0047048235088176,-5.876547551968997,-3.800218193409616,32635500,0.6395725404466847,True,False,False,False,True,0.0076181402119941,0.0223464656397709,-0.0330116029166343,0.0482478277512414,0.050025410835347,-0.0330116029166343,-0.0393600332849501,0.0766887643031457,-0.0446926278978832,-0.0624681056797169,0.0766887643031457,-0.1414423390547908,184.70399475097656,178.01134407043457,BULL_ABOVE_SMA200
6326,2021-10-14,2074.325927734375,2129.7243896484374,2058.605157877604,2054.9586507161457,0.0017744917447306,-15.15817559335801,-5.905237906283429,1735600,0.6079510724787948,True,False,False,False,True,0.0234307572854932,0.0537403227104908,0.0085985300684525,0.0374033168483878,0.0696470856744557,0.0085985300684525,0.0251505365953901,0.1023212097622843,-0.023216024565429,0.0928631394870251,0.1081253902548415,-0.023216024565429,185.24200439453125,178.2179041290283,BULL_ABOVE_SMA200
6367,2021-10-14,23222.73828125,24270.040234375,23121.05109375,22895.7784375,0.0098390477032672,-622.346463603033,-632.9964054250914,702400,0.637045501954489,True,True,False,False,True,0.0272836714958617,0.0569928166508277,0.0068713867818543,-0.0072757522639532,0.0569928166508277,-0.0072757522639532,0.0274860257011708,0.0569928166508277,-0.0131365373575661,0.0877122217061974,0.0927647682581584,-0.0662893367273365,185.24200439453125,178.2179041290283,BULL_ABOVE_SMA200
7741,2021-10-14,16035.9580078125,16975.2491796875,15968.990494791668,15842.606731770831,0.0079774600960953,-319.23375621772175,-208.88581508731664,744200,0.7288611177763957,True,False,False,False,True,0.018573797254108,0.069802137271195,0.0065906716197716,0.0089873703635159,0.069802137271195,-0.0017975302698233,0.0632115166470665,0.0886758045057864,-0.0254643803734322,0.0665069669780822,0.143798431953033,-0.0254643803734322,185.24200439453125,178.2179041290283,BULL_ABOVE_SMA200
8411,2021-10-15,1306.6148681640625,1319.8656298828123,1301.4275406901045,1300.7591536458333,0.0005138438137433,0.816697738289804,3.437886834210263,7607100,0.7667446638770443,True,False,True,False,True,-0.018280909685346,0.014111720792435,-0.018280909685346,-0.0346375475077096,0.014111720792435,-0.0426555080765824,-0.0144324593842423,0.0150737276304679,-0.0426555080765824,-0.0615779141386289,0.0150737276304679,-0.1039127152273009,188.5594940185547,178.34311416625977,BULL_ABOVE_SMA200
9101,2021-10-15,1614.4583740234375,1896.5801025390624,1603.3624576822915,1573.1977604166666,0.0191741292955032,-83.2061627099697,-44.86151368593107,38181600,0.8054952813097589,True,False,False,False,True,0.0373829839501942,0.1068089044453906,-0.0160214208979524,0.0921228555768516,0.1068090386165641,-0.0160214208979524,0.0240320262689686,0.1935913114890819,-0.0173564803814509,0.0947928958917159,0.1935913114890819,-0.0453939737903897,188.5594940185547,178.34311416625977,BULL_ABOVE_SMA200
5401,2021-10-18,289.6417541503906,293.6735009765625,283.9886924235026,282.52668416341146,0.0051747616846185,-4.551173789377685,-4.699100053117263,37072000,0.7509005966167748,True,True,False,False,True,0.0004984732347477,0.0074774447249355,-0.0473579182512523,0.0234297171177562,0.0383846889987187,-0.0473579182512523,-0.052343061270484,0.0568294833299625,-0.0623130565187838,-0.0588236347749511,0.0568294833299625,-0.1572782411145893,188.3801727294922,178.48062858581542,BULL_ABOVE_SMA200
9104,2021-10-19,1590.5992431640625,1799.3361181640626,1575.191795247396,1551.9460384114584,0.0149784568925679,-87.21001811689598,-61.75790036237066,14806200,0.6035761587784169,True,False,False,False,True,0.002919758109418,0.0204377781556064,-0.0583942682211455,0.0627736865520522,0.0890510189251916,-0.0583942682211455,-0.0642336039791902,0.1167882627947125,-0.0715329092019009,0.1766424109427729,0.2087589533795351,-0.1065693591798305,188.8284912109375,178.61774444580078,BULL_ABOVE_SMA200
5108,2021-10-22,2140.2822265625,2200.651748046875,2129.809669596354,2127.57190592448,0.0010517922640562,-6.851731549161286,3.5144981500661743,2448800,0.8436777569913144,True,False,False,False,True,-0.0160751105674311,1.9361447733956538e-07,-0.0272493920373766,0.0111742345603698,0.01509503422908,-0.0272493920373766,-0.0335227036811095,0.01509503422908,-0.0519505618520644,-0.0464614771799681,0.01509503422908,-0.1078218795607895,186.6765899658203,178.98909141540528,BULL_ABOVE_SMA200
4901,2021-10-26,2699.372802734375,2798.85681640625,2685.6182584635417,2671.9776790364585,0.0051050499164357,-30.378957624404396,-20.55813788636996,3082500,0.6546358090565918,True,False,False,False,True,0.0300998559145186,0.0379372018245531,-0.0253295116591816,0.0356654753152203,0.0870058218700526,-0.0253295116591816,0.0424805711613238,0.0870058218700526,-0.0253295116591816,-0.0244208204108467,0.0870058218700526,-0.0469106192679372,188.11117553710938,179.20448379516603,BULL_ABOVE_SMA200
4188,2021-10-27,814.4326171875,829.4501245117187,807.6365128580729,804.81853515625,0.0035013827076879,-4.472526072567689,-1.9042334901940736,4588900,0.8506390590677801,True,False,False,False,True,-0.0117487220901245,0.0339988113536255,-0.0260969413726184,-0.0323351966896049,0.0339988113536255,-0.0421083565798062,-0.0450197187219342,0.0339988113536255,-0.0547930861241792,-0.1234144534814425,0.0339988113536255,-0.1578290849362768,187.6628875732422,179.3225705718994,BULL_ABOVE_SMA200
4901,2021-10-29,2698.45263671875,2766.059892578125,2693.0519661458334,2680.608697916666,0.0046419562239119,-34.17299926605665,-27.19966062267613,4058700,0.8902795737134246,True,False,False,False,True,0.03442782511896,0.087376488304016,0.0032950562660012,0.0504489244505179,0.087376488304016,0.0032950562660012,0.0147710158690119,0.087376488304016,0.0032950562660012,-0.0244289669046804,0.087376488304016,-0.0465856180260888,186.6765899658203,179.54665603637696,BULL_ABOVE_SMA200
8697,2021-11-01,1191.396484375,1212.188134765625,1177.2140787760416,1168.3399869791667,0.0075954704073935,-6.327405127434759,-0.6341200726219466,2864000,1.042963998805544,True,False,False,False,True,-0.0699378683431831,9.707137249570509e-08,-0.0704871176335316,-0.080922896908991,9.707137249570509e-08,-0.0898939682339831,-0.1175392831088779,9.707137249570509e-08,-0.159282425209227,-0.0710362380019508,9.707137249570509e-08,-0.159282425209227,190.62171936035156,179.663695602417,BULL_ABOVE_SMA200
8316,2021-11-01,1065.6846923828125,1079.1470703125,1052.5679427083332,1050.7981412760416,0.0016842449208585,-5.722023738696635,-1.5771841677152283,20884500,0.967931658727444,True,False,False,False,True,-0.0073203148329873,0.0122875278799601,-0.007843161891477,0.0203921174228578,0.0402613922264094,-0.0091503076314571,-0.0237908227510624,0.0402613922264094,-0.0321568044133669,0.0313725323991542,0.0402613922264094,-0.0321568044133669,190.62171936035156,179.663695602417,BULL_ABOVE_SMA200
5108,2021-11-01,2153.289794921875,2174.134248046875,2130.660030924479,2129.272605794271,0.0006515958202968,-17.530326779399275,-11.76039020123289,2925000,1.1528956402807942,True,False,False,False,True,-0.018706387562182,0.0089630597590686,-0.018706387562182,-0.0340999163820349,0.0089630597590686,-0.048909005176299,-0.0993765784662481,0.0089630597590686,-0.1132113389441573,-0.021084199039102,0.0089630597590686,-0.1132113389441573,190.62171936035156,179.663695602417,BULL_ABOVE_SMA200
4188,2021-11-01,820.1060791015625,823.8251098632812,808.8775073242188,806.58267578125,0.0028451287287394,-5.858895165650097,-3.9826075051431,4844100,0.9906428718233976,True,False,False,False,True,-0.0422301207044808,0.0268456478484515,-0.0487350136614082,-0.0334538795402236,0.0268456478484515,-0.0487350136614082,-0.0683529888250153,0.0268456478484515,-0.1091377139045591,-0.1208053246732175,0.0268456478484515,-0.1636551905261531,190.62171936035156,179.663695602417,BULL_ABOVE_SMA200
5108,2021-11-05,2151.19140625,2159.09646484375,2134.833471679688,2129.3453369140625,0.002577381259152,-15.280786849716606,-14.272897380381776,2903800,1.098883632923368,True,False,False,False,True,-0.0319875205418509,0.0099472570038083,-0.0479812594798156,-0.0429098836945369,0.0099472570038083,-0.0567583356481761,-0.0600740755032186,0.0099472570038083,-0.1123463172286092,0.0112104030288449,0.0114087573644723,-0.1123463172286092,190.17343139648438,179.9685446166992,BULL_ABOVE_SMA200
6503,2021-11-10,1382.7396240234375,1400.378525390625,1378.7842447916669,1375.3641438802083,0.0024866875632001,-3.73998162707494,2.286571093733881,3422800,0.7921965354709771,True,False,False,False,True,-0.0167158350418008,0.0180269278697384,-0.0213044944782725,-0.0314651999227006,0.0180269278697384,-0.0317929612763648,-0.0357260176935525,0.0180269278697384,-0.0770239479382315,-0.0081941112186085,0.0180269278697384,-0.0770239479382315,187.12489318847656,180.24647834777832,BULL_ABOVE_SMA200
4543,2021-11-11,2316.418212890625,2392.081220703125,2312.592708333333,2292.2132649739583,0.0088907274339529,-27.042949708215478,-11.07775173941986,3495200,0.84544585948744,True,False,False,False,True,0.0168794448679596,0.0226431340291546,-0.0053518033071351,0.0306713213643816,0.0623715011854428,-0.0053518033071351,-0.0370521906031471,0.0623715011854428,-0.0671056630343729,-0.0549607195325403,0.0623715011854428,-0.0948948922295768,187.84219360351562,180.33553924560547,BULL_ABOVE_SMA200
8058,2021-11-11,985.5527954101562,1037.2090576171877,982.086893717448,973.6165299479168,0.0086998972480307,-7.336317401381848,3.14198793647408,9859500,0.4565712078819486,True,False,False,False,True,0.016148151607046,0.0267176973579068,0.0049914029559472,0.0320024459821355,0.0551968144598136,0.0049914029559472,0.0399295931696803,0.0593072755215768,-0.0067526255360771,0.1197887795090411,0.1197887795090411,-0.0067526255360771,187.84219360351562,180.33553924560547,BULL_ABOVE_SMA200
8316,2021-11-11,1066.5203857421875,1071.145390625,1057.1761401367187,1053.5431005859375,0.003448401445333,-3.6670829422516817,-3.4622889454112142,10401000,0.5537600016611203,True,False,False,False,True,0.0188088843513201,0.039446274626109,0.0015675647329553,0.0130616743743658,0.039446274626109,-0.0013060042003201,0.0094045566322744,0.039446274626109,-0.0329151772886356,0.1180773349006258,0.1180773349006258,-0.0329151772886356,187.84219360351562,180.33553924560547,BULL_ABOVE_SMA200
8630,2021-11-11,1372.3511962890625,1396.99580078125,1364.6398974609374,1354.9687906901042,0.0071375125665495,-4.055913133900731,0.3341467681733167,1368000,0.6537025223455879,True,False,False,False,True,-0.0078222420837157,0.0205844422985426,-0.0144092893745777,-0.0137918385213133,0.0436391967741705,-0.0255249475203779,0.0158500470677667,0.0438450667151821,-0.0421984646615861,0.0920131919613254,0.1060106965875833,-0.0421984646615861,187.84219360351562,180.33553924560547,BULL_ABOVE_SMA200
6326,2021-11-12,2126.496337890625,2129.028740234375,2092.916827799479,2089.302081705729,0.0017301213287448,-6.214434213504774,5.7369720341600505,2402500,1.0121095058251588,True,False,False,False,True,0.041937266371141,0.0436147664981221,-0.0270499786371465,-0.0027261364326521,0.0492763482238272,-0.0270499786371465,0.066051375358505,0.0809391896091844,-0.0270499786371465,0.1185667858650543,0.1259660406606588,-0.0270499786371465,190.44239807128906,180.4420014190674,BULL_ABOVE_SMA200
8031,2021-11-12,1114.364990234375,1114.755498046875,1084.5149039713542,1083.2768961588542,0.0011428359793232,-0.3828441956313781,4.9749869484161,11380400,1.1848918069381411,True,False,False,False,True,0.0510222614433011,0.0510222614433011,-0.0060369693994454,0.0251218167227122,0.0796493548929813,-0.0060369693994454,0.0021421033340569,0.0796493548929813,-0.0212268402019363,0.1402140547830741,0.1448878613270183,-0.0212268402019363,190.44239807128906,180.4420014190674,BULL_ABOVE_SMA200
8830,2021-11-18,1824.14892578125,1913.91693359375,1820.1925992838544,1810.3466455078128,0.0054387118624343,-19.608301962957057,-4.173115168635992,1702200,0.8696007560857237,True,False,False,False,True,-0.060856183735084,0.0201134577238855,-0.0680763997854458,-0.0750385386806828,0.0201134577238855,-0.1031460173870281,-0.1232593351405045,0.0201134577238855,-0.1291902278733776,-0.1242908253715279,0.0201134577238855,-0.1542033162757115,189.63543701171875,180.8551220703125,BULL_ABOVE_SMA200
8750,2021-11-22,496.694580078125,507.59177856445314,495.4623071289063,491.0739444986979,0.0089362562998289,-4.563531031441812,-2.2199880626423907,17490800,1.2512626515539556,True,False,False,False,True,-0.0294926395738232,0.0203692069510583,-0.0401016840599349,0.0116700443016601,0.0203692069510583,-0.0464671133570357,-0.0112453003522799,0.0604711370726693,-0.0464671133570357,0.0835985550964113,0.168258159795833,-0.0464671133570357,190.62171936035156,181.06939964294435,BULL_ABOVE_SMA200
8750,2021-11-25,499.4347229003906,506.7444555664063,497.13305989583336,493.0257332356771,0.0083308565522539,-4.241227391098732,-3.0013654175090942,7966800,0.5455972409221215,True,False,False,False,True,-0.0422029862007689,-0.0004220637572108,-0.0516986604948788,0.0059084742840065,0.0244777520586827,-0.0516986604948788,-0.011605833426059,0.0546528744625041,-0.0516986604948788,0.058240221168011,0.1618485249339889,-0.0516986604948788,188.9181365966797,181.29252906799317,BULL_ABOVE_SMA200
6857,2021-11-29,2377.7177734375,2382.04974609375,2361.325478515625,2360.8652962239585,0.0001949210284901,27.62994598531759,37.50016811787718,9082400,1.1527438970216806,True,False,True,False,True,0.0070849229684946,0.040485868886593,-0.0161942483568412,0.0495951795293461,0.0657895885896198,-0.0161942483568412,0.1093118976105878,0.1163969188544511,-0.0161942483568412,-0.1082995897375659,0.1518219277147505,-0.1153846100234194,181.8796844482422,181.42607696533204,BULL_ABOVE_SMA200
6098,2021-12-01,6893.7568359375,7409.26720703125,6892.044069010417,6812.2175390625,0.0117181416315872,-96.7546306845852,16.271798767139924,5071200,1.095057428325261,True,False,False,False,True,0.0512968382992593,0.0512968382992593,-0.0116841607398103,-0.026503118551418,0.0584213983843626,-0.0735250697923477,-0.0051295421709548,0.0584213983843626,-0.078512265311156,-0.2027642764973459,0.0584213983843626,-0.2856938635757532,180.4899139404297,181.50907257080078,BEAR_BELOW_SMA200
6971,2021-12-01,1526.1383056640625,1541.7771337890624,1525.8827848307292,1522.72845703125,0.0020714972422783,1.880958910936215,8.41514828111835,5314400,1.2256909849071922,True,False,True,False,True,0.0402967495525761,0.0437881664158483,-0.0203667346802826,0.0522257616205246,0.0538259943562946,-0.0203667346802826,0.0541169601167801,0.0750654823792391,-0.0203667346802826,0.0234216183248847,0.0750654823792391,-0.0341868681262237,180.4899139404297,181.50907257080078,BEAR_BELOW_SMA200
4661,2021-12-03,3542.36572265625,3678.420810546875,3481.8018489583333,3453.598356119792,0.0081664078825394,-23.2020607148429,26.10220047675515,4523500,1.0466703688278032,True,False,False,False,True,0.047870882103004,0.0581686836004304,-0.0192040579471005,0.0885054167846925,0.138881154468397,-0.0192040579471005,0.0681880805236283,0.138881154468397,-0.0192040579471005,0.1269134148383854,0.138881154468397,-0.0192040579471005,182.6417999267578,181.5592227935791,BULL_ABOVE_SMA200
8053,2021-12-03,328.0469665527344,337.193056640625,327.68740234375,327.0765201822917,0.0018677041113126,-2.528078970959996,0.1297992179503782,12077200,0.8256458006040643,True,False,False,False,True,0.0324410297352151,0.0415748887536169,-0.000944776427184,0.0456693430534027,0.0557480837093391,-0.000944776427184,0.0796850590305005,0.0834645866583785,-0.000944776427184,0.1322836913503331,0.1338584948153547,-0.000944776427184,182.6417999267578,181.5592227935791,BULL_ABOVE_SMA200
8766,2021-12-03,1687.771240234375,1709.670263671875,1671.1823404947916,1661.8397623697915,0.0056218284918621,-11.126677070905089,-5.206951936845653,3477600,0.7074871450586674,True,False,False,False,True,0.0285615983889162,0.0448826384067935,-0.0125809522317398,0.0814346825908045,0.1052361953974123,-0.0125809522317398,0.1208771998598026,0.1218972609776731,-0.0125809522317398,0.1667799056025571,0.2006118352967061,-0.0125809522317398,182.6417999267578,181.5592227935791,BULL_ABOVE_SMA200
1928,2021-12-06,1910.68017578125,1924.1861767578123,1896.614168294271,1891.7156136067708,0.0025894773253789,-19.75134467375756,-14.358626253980438,1610900,1.020464400305335,True,False,False,False,True,0.0021315089189493,0.0330418453450762,-0.0017055753852943,-0.0038373932712219,0.0330418453450762,-0.0059691343513176,0.0726924849089194,0.0729053904567162,-0.0059691343513176,0.0211623320086284,0.0944360076364403,-0.0285653872803696,181.56585693359375,181.58301918029784,BEAR_BELOW_SMA200
6971,2021-12-06,1531.466796875,1546.5993212890626,1528.257224934896,1525.466661783854,0.0018293176907442,-0.8978624408005089,4.079805910666384,2252000,0.5669830559681764,True,False,False,False,True,0.0426210383478868,0.0463902467735051,-0.0050740286972914,0.0300086658649094,0.0713249657805579,-0.0050740286972914,0.0629167139601407,0.0713249657805579,-0.0050740286972914,0.0043490334914317,0.0713249657805579,-0.0375472588281956,181.56585693359375,181.58301918029784,BEAR_BELOW_SMA200
4063,2021-12-07,3518.835693359375,3583.932470703125,3514.2130338541665,3496.0299674479165,0.0052010613683393,-28.40951150175033,-15.627939031566022,5096000,1.1242251097531382,True,False,False,False,True,0.0174717520131442,0.0295478056355222,-0.0023124047994794,0.009506734509338,0.0364851041086553,-0.0149022267201104,0.015416337482345,0.0621788968518504,-0.0149022267201104,0.0077081687411726,0.0621788968518504,-0.098663857939152,185.7351531982422,181.62722190856934,BULL_ABOVE_SMA200
4661,2021-12-07,3587.71728515625,3678.30248046875,3494.219130859375,3466.4620084635417,0.0080073349507547,-29.63877168696854,5.714671860586117,4689000,1.046464916979111,True,False,False,False,True,0.0247321420672881,0.0574333259584989,0.0074196110339352,0.0799671187162689,0.1244848027629152,0.0074196110339352,-0.0104423253981377,0.1244848027629152,-0.0123659309860891,0.1494915717893283,0.1541631846796984,-0.028304464344289,185.7351531982422,181.62722190856934,BULL_ABOVE_SMA200
9432,2021-12-07,109.15219116210938,110.76417266845704,108.2660860188802,107.6226762898763,0.0059783843998724,-0.7571949081391125,-0.2755989858162553,172125000,1.1606638626421328,True,False,False,False,True,0.0047617929269418,0.0095236851060684,-0.0203175469895565,0.0171428319799904,0.0336507746275613,-0.0203175469895565,0.0485713223282138,0.0539682103504517,-0.0250794018480828,0.0673014419161355,0.0765078192252612,-0.0250794018480828,185.7351531982422,181.62722190856934,BULL_ABOVE_SMA200
4689,2021-12-08,680.0250854492188,724.0602319335937,679.5922224934895,672.9600374348959,0.0098552435355201,-3.13919869446579,6.168692500936952,24605000,1.402680456508212,True,False,False,False,True,-0.056087534109989,0.0177839255540499,-0.0641587030860599,-0.0984951709060451,0.0177839255540499,-0.1421339775299329,-0.1266756785939023,0.0177839255540499,-0.1445964845007884,-0.207797474153238,0.0177839255540499,-0.2641586037858314,186.81109619140625,181.66668342590333,BULL_ABOVE_SMA200
7733,2021-12-08,2403.329345703125,2424.744892578125,2329.5174837239583,2314.9996516927085,0.0062712026849052,-12.930979687543186,1.8553350234928767,4692100,1.079126184006412,True,False,False,False,True,-0.0296502339436554,0.0100810914018054,-0.03854527152209,-0.015615747888798,0.0310337521801775,-0.0385452870666612,-0.0017791481279478,0.0634512830992002,-0.0385452870666612,-0.105356877468055,0.0634512830992002,-0.1142519151423674,186.81109619140625,181.66668342590333,BULL_ABOVE_SMA200
9432,2021-12-14,109.67195129394533,109.96302947998046,108.937673441569,108.2660860188802,0.0062031190688067,-0.6733099198059449,-0.6145524832900884,159450000,1.05885897900959,True,False,False,False,True,0.0123223625143844,0.0287520702956507,1.364777184598154e-07,-0.0132700546131658,0.0287520702956507,-0.0296997706173671,0.0338073486590049,0.060663534265154,-0.0296997706173671,0.0420222106248646,0.071406005685505,-0.0296997706173671,183.98672485351562,181.79089881896974,BULL_ABOVE_SMA200
7733,2021-12-14,2342.04638671875,2412.16529296875,2338.271253255208,2326.375751953125,0.0051133189864518,-18.123534606449997,-8.625476802372475,3380200,0.7687435539095006,True,False,False,False,True,0.0034482356029206,0.0580122097823292,-0.0133874635187779,0.0718052142484402,0.0718052142484402,-0.0133874635187779,-0.063894359879504,0.0912779912863746,-0.0829613003283288,-0.1056794198950028,0.0912779912863746,-0.153752508507399,183.98672485351562,181.79089881896974,BULL_ABOVE_SMA200
7203,2021-12-14,1796.0452880859375,1817.3342529296876,1760.3631136067709,1747.5681119791666,0.0073216039706249,0.398530915118954,7.238805771023499,22353800,0.9607236134946044,True,False,True,False,True,0.0124694126764919,0.0586796074395756,0.002933895495087,0.0430317586184327,0.0586796074395756,-0.0046454958357937,0.16870405444688,0.1848409723534689,-0.0046454958357937,0.0669926188063876,0.2102689048536896,-0.0046454958357937,183.98672485351562,181.79089881896974,BULL_ABOVE_SMA200
4568,2021-12-14,2682.76220703125,2703.829619140625,2675.547034505209,2656.1594986979167,0.0072990856975252,-17.265481223292227,-11.71329287511622,3187300,0.8116198146971608,True,False,False,False,True,0.0031522686159848,0.021015596370391,-0.0388791463965048,0.0281961459309534,0.0399299462677571,-0.0388791463965048,-0.0718039086711184,0.0455341261278343,-0.0868652037379645,-0.1658494253222933,0.0455341261278343,-0.1985989169872682,183.98672485351562,181.79089881896974,BULL_ABOVE_SMA200
5802,2021-12-15,330.72412109375,334.7486328125,328.61427693684897,326.9042045084635,0.0052311117593508,-1.3570704863271883,-0.6126493857892128,6582800,0.6309921149949292,True,False,False,False,True,-0.0467779035999073,0.0196270632381045,-0.0565914461160371,-0.0183186234632516,0.0196270632381045,-0.0565914461160371,0.0860320703711523,0.1033692664528986,-0.0565914461160371,0.0336931198261389,0.1033692664528986,-0.0565914461160371,184.83851623535156,181.82885833740235,BULL_ABOVE_SMA200
7741,2021-12-16,17366.677734375,17413.95390625,17082.551927083332,17039.680794270833,0.0025159586808054,15.114857809803652,78.58033083481274,950800,1.155439973751048,True,False,True,False,True,-0.0647300263761677,-0.0052557247781418,-0.1065006564738567,-0.0533884316667414,-0.0052557247781418,-0.1065006564738567,-0.1175654728506988,-0.0052557247781418,-0.1668048890451499,-0.1280773086119599,-0.0052557247781418,-0.2351312008645577,187.7525177001953,181.89634902954103,BULL_ABOVE_SMA200
6723,2021-12-22,1366.2119140625,1392.3230810546877,1350.0498014322916,1337.2895052083334,0.0095419100907176,-10.199986613194824,-3.331721268291326,8457200,0.8872280784208406,True,False,False,False,True,0.0042283743900111,0.0190275065559644,-0.0119802239334767,-0.0028188864768502,0.0683579974992503,-0.0119802239334767,-0.0634249010543952,0.0683579974992503,-0.1099365312503395,-0.0732909590486354,0.0683579974992503,-0.1585623434335871,183.7177276611328,182.09145294189454,BULL_ABOVE_SMA200
7733,2021-12-22,2365.799560546875,2386.5310546875,2352.97912109375,2340.2475032552084,0.0054402869016343,-12.95365373783261,-12.769914194828504,3068100,0.6507484529850628,True,False,False,False,True,0.0668673825360681,0.0718874624463639,0.0110441889241028,0.0140560962156544,0.0803213082883271,0.0064255750956156,-0.0080321434339337,0.0803213082883271,-0.0921685806083977,-0.0765060784917724,0.0803213082883271,-0.1622490287123449,183.7177276611328,182.09145294189454,BULL_ABOVE_SMA200
4507,2022-01-06,2320.230712890625,2369.13923828125,2302.20775390625,2291.427164713541,0.0047047487953022,18.606226329984565,30.79425311232866,7878600,1.7862389813907933,True,False,True,False,True,-0.0286640995868435,0.0095981028927278,-0.0378728560152663,-0.0997403633229917,0.0095981028927278,-0.1076522312794229,0.0057069562111038,0.0413748583496413,-0.2063554461141161,-0.0691309089703814,0.0830089948536978,-0.2063554461141161,186.6765899658203,182.59981414794922,BULL_ABOVE_SMA200
4661,2022-01-12,3663.63232421875,3753.389296875,3651.547014973959,3634.607301432292,0.0046606722918847,-16.998759506771876,15.362130001024369,4217000,1.0363725731137872,True,False,False,False,True,-0.0056512498335692,0.0209902431314512,-0.018568302917147,-0.0043057427184615,0.0239503563044292,-0.018568302917147,0.1722279761256619,0.18487598229598,-0.018568302917147,0.1630785810540922,0.2317006752074089,-0.018568302917147,188.51466369628906,182.6693716430664,BULL_ABOVE_SMA200
7733,2022-01-12,2391.927734375,2398.5215625,2379.9055338541666,2369.7835872395835,0.0042712535731472,9.44282843920655,16.17375804704582,2907600,0.7795519104732515,True,False,True,False,True,-0.0718967890863393,-0.0387289580947939,-0.1020852586048152,-0.0274082669003083,-0.0125123724040075,-0.1020852586048152,-0.1120157561198268,0.0442900327232158,-0.1714001843630418,-0.1942403526836275,0.0442900327232158,-0.2063555458032475,188.51466369628906,182.6693716430664,BULL_ABOVE_SMA200
4661,2022-01-18,3709.9697265625,3759.81744140625,3662.830364583333,3648.0299381510417,0.0040571011431427,-23.16156357502541,-7.545022555071802,3895000,0.965094310403568,True,False,False,False,True,-0.019133674071317,0.0111612493474657,-0.0292319039727704,0.0605899459569587,0.0653733634030186,-0.0292319039727704,0.1945257302628131,0.2011693318070808,-0.0292319039727704,0.2253523221450646,0.2442200890036088,-0.0292319039727704,184.793701171875,182.75987747192383,BULL_ABOVE_SMA200
4661,2022-01-20,3694.195556640625,3755.834384765625,3665.5777604166665,3655.589625651042,0.0027322910360447,-21.93868878908006,-13.20507826371441,3050000,0.9109372199988052,True,False,False,False,True,-0.0189485127805213,0.0154788955362146,-0.0205497937716304,0.0827327234546646,0.0918066481767398,-0.0216173903071122,0.1411794989566415,0.2215104312332168,-0.0216173903071122,0.2380570897982179,0.2495328935921132,-0.0216173903071122,181.02786254882812,182.75792915344238,BEAR_BELOW_SMA200
8035,2022-01-24,17436.05078125,19044.201875,17413.932890625,17197.153723958334,0.0126055258995947,-138.92910935398686,177.73633121777138,4221000,1.483488676141875,True,False,False,False,True,-0.0634838267248465,0.0124915382959929,-0.115845213398814,-0.0542436434569271,0.0124915382959929,-0.115845213398814,-0.0946270400160945,0.0124915382959929,-0.115845213398814,0.0795686648688769,0.0797398139445029,-0.142539364173761,180.04159545898438,182.73480979919432,BEAR_BELOW_SMA200
9101,2022-01-26,1778.275146484375,1925.279252929688,1762.209568684896,1754.852179361979,0.0041925977637569,-1.6747256530964023,37.14063993264528,20133000,0.9378347351011656,True,False,False,False,True,0.1199999588127924,0.1478787752591595,-0.0327273000825716,0.1733333424860461,0.1963637019090505,-0.0327273000825716,0.236363773654328,0.2533332042747467,-0.0327273000825716,0.3163637461961897,0.5139393013183835,-0.0327273000825716,176.45510864257812,182.69591758728026,BEAR_BELOW_SMA200
9101,2022-01-28,1789.0526123046875,1920.1923095703123,1765.572130533854,1755.3407552083331,0.0058287117730064,-19.364476688952664,17.580011397216843,22710300,1.0176965274421537,True,False,False,False,True,0.1807228192240964,0.1855420665026661,-0.0084339192653628,0.1759037423719385,0.1891566646104787,-0.0084339192653628,0.3144578651123821,0.3397590700158239,-0.0084339192653628,0.3792810945529925,0.5048191508198647,-0.0084339192653628,175.379150390625,182.6073945617676,BEAR_BELOW_SMA200
4661,2022-01-28,3703.068359375,3718.92193359375,3677.066861979167,3668.2857194010417,0.0023938000607974,-16.804349664141228,-15.966659060919271,3348500,0.9377647396537118,True,False,False,False,True,0.113684755726749,0.1182108472513376,0.0117145952905852,0.1895634215924189,0.2034079376897344,0.0117145952905852,0.147497377333303,0.2185836094620565,0.0117145952905852,0.242262012446393,0.3232160720127432,0.0117145952905852,175.379150390625,182.6073945617676,BEAR_BELOW_SMA200
8591,2022-01-28,1982.67431640625,2051.6051318359373,1965.9638216145836,1951.568551432292,0.0073762564844195,5.237833822739958,29.208506770531848,6231400,1.440373164688043,True,False,True,False,True,0.0513917316440246,0.0567450500332507,-0.007494665722588,0.0149892242785831,0.0706636778452387,-0.007494665722588,-0.0207708156375161,0.0706636778452387,-0.0554603296509637,0.0923301146134838,0.0973478083694474,-0.1516059771223339,175.379150390625,182.6073945617676,BEAR_BELOW_SMA200
6971,2022-01-31,1561.8829345703125,1573.303427734375,1553.2953092447915,1549.9650651041666,0.0021485930332252,-17.089497402524785,-13.670445827544569,6877600,1.9862186873675152,True,False,False,False,True,-0.0268656879728673,0.0062543331826943,-0.0436389641661483,-0.0540157069842817,0.0062543331826943,-0.0599858557906918,-0.0889837353736182,0.0062543331826943,-0.0895523209655212,-0.009056779845478,0.0129738851286254,-0.1393035084595575,176.9482421875,182.59006134033203,BEAR_BELOW_SMA200
6146,2022-02-02,10324.689453125,10543.3305078125,10240.099010416669,10187.359505208333,0.0051769553417027,-186.6090303565561,-129.1158305123476,638100,0.6629266012155213,True,False,False,False,True,0.007541464719448,0.007541464719448,-0.0407239424146713,0.0452487883166885,0.0618400094659934,-0.0407239424146713,-0.08597300047425,0.0618400094659934,-0.0950225611873026,0.0180493095188054,0.0748635951247285,-0.1514328006940408,180.66921997070312,182.57028022766113,BEAR_BELOW_SMA200
6301,2022-02-04,2369.949951171875,2388.092666015625,2368.399375,2363.941559244792,0.0018857554823108,-3.7250498459861774,7.842949032330356,3122900,0.9100287033934114,True,False,False,False,True,-0.0131925254305644,0.0372911039726426,-0.0175900631960254,-0.041160918338387,0.0372911039726426,-0.0547053339112992,-0.1044854318624666,0.0372911039726426,-0.1067721514432539,0.0244238494372541,0.0789799976552891,-0.1067721514432539,180.4002227783203,182.56167358398437,BEAR_BELOW_SMA200
6301,2022-02-08,2372.03466796875,2397.113916015625,2368.9552083333333,2365.8147330729166,0.0013274392185129,-2.133345945671408,3.9835575480164542,1705200,0.5186028865001148,True,False,False,False,True,-0.0091388775500331,0.036379457015327,-0.0497363741417223,-0.0736378912239726,0.036379457015327,-0.0834797197368653,-0.0456942848256056,0.036379457015327,-0.1075571851210784,0.0398182187587421,0.0780317114624358,-0.1075571851210784,180.8933868408203,182.56020706176758,BEAR_BELOW_SMA200
7751,2022-02-25,2296.55859375,2362.02689453125,2288.165406901041,2275.7962858072915,0.0054350739435196,-3.635188072621986,9.10578425753562,2605500,0.7060210275308909,True,False,False,False,True,-0.0175535447910341,0.0131189948263117,-0.0356614814285641,0.0042500540040379,0.0131189948263117,-0.0618993139843557,0.0831487841012112,0.0861049679088563,-0.0618993139843557,0.0995935451992535,0.1618627742688303,-0.0618993139843557,175.4688262939453,182.64252296447754,BEAR_BELOW_SMA200
5803,2022-03-03,89.80838775634766,93.0373226928711,88.92668955485026,88.87505788167317,0.0005809467178725,-0.0445721329815285,1.130591816627473,14418600,1.15955106058559,True,False,False,False,True,-0.1260363602691786,-0.0132670164472137,-0.1708124768996567,-0.0464344619336839,-0.0132670164472137,-0.1708124768996567,0.0182146250668464,0.0586736551838651,-0.1708124768996567,0.0755315972276791,0.0805889557143781,-0.1708124768996567,175.6033172607422,182.59233757019044,BEAR_BELOW_SMA200
8309,2022-03-03,426.2125854492188,427.77789428710935,411.2041145833333,410.10380900065104,0.0026829928387241,-0.2778295171929699,2.1478074374908376,13285600,1.171177206932421,True,False,False,False,True,-0.0472480072151677,-0.0026791066024102,-0.0964442478469826,-0.01850956034075,-0.0026791066024102,-0.0964442478469826,-0.013447815981144,0.0628346802651327,-0.0964442478469826,-0.0030001860214143,0.0628346802651327,-0.0964442478469826,175.6033172607422,182.59233757019044,BEAR_BELOW_SMA200
8316,2022-03-03,1153.1680908203125,1177.206796875,1129.6238525390625,1124.6274430338542,0.0044427241538136,-5.622219924709498,3.918892899365488,23564400,1.1716508466157372,True,False,False,False,True,-0.0678905228071486,-0.0091806542641998,-0.1128289118792315,-0.0260929866590139,-0.0091806542641998,-0.1128289118792315,-0.0254834650593701,0.0285094811119266,-0.1128289118792315,-0.0406060156330964,0.0285094811119266,-0.1128289118792315,175.6033172607422,182.59233757019044,BEAR_BELOW_SMA200
8604,2022-03-03,426.10552978515625,435.94142578125,422.1769217936198,421.6529549153646,0.0012426496059072,-0.6877389547845496,2.460817258361439,6991300,0.6451636717659571,True,False,False,False,True,-0.0532509429100227,0.0023154787448642,-0.1119042596573065,0.0021223801310727,0.0036658642155604,-0.1119042596573065,0.0232913923211866,0.0846999844913718,-0.1119042596573065,-0.0081975267403137,0.0846999844913718,-0.1119042596573065,175.6033172607422,182.59233757019044,BEAR_BELOW_SMA200
8306,2022-03-09,575.6778564453125,612.9211572265625,574.0091544596354,571.570400390625,0.0042667606078685,-6.441000051255628,0.8562387258242927,87059000,1.196503163533804,True,False,False,False,True,0.0966211919414803,0.1000295910698267,0.0277118306068588,0.1839064129773981,0.2274746282821347,0.0277118306068588,0.120142736791482,0.2274746282821347,0.0277118306068588,0.0997657313378652,0.2274746282821347,0.0277118306068588,164.2610321044922,182.47648109436034,BEAR_BELOW_SMA200
8308,2022-03-09,427.6157531738281,463.3051123046875,424.6460681152344,422.0360664876302,0.0061843094343232,-4.6103772423116425,2.596064313145997,12055800,0.7913758556122089,True,False,False,False,True,0.0830048972628183,0.0927577390059066,0.0217887071514508,0.1346752627530194,0.1790830066601492,0.0217887071514508,0.1240535956282966,0.1790830066601492,0.0217887071514508,0.0912669630911484,0.2287591994878262,0.0217887071514508,164.2610321044922,182.47648109436034,BEAR_BELOW_SMA200
8725,2022-03-10,1041.564453125,1074.293154296875,1022.7781005859376,1022.1110701497396,0.0006526007355542,-15.784486473909965,-7.710021628654279,4255800,1.043959480890302,True,False,False,False,True,0.0535434180103921,0.0606300329297446,-0.00944881834657,0.0952756379844772,0.116535570036558,-0.00944881834657,-0.0083601562778347,0.116535570036558,-0.0188408735291319,0.018782428963342,0.116535570036558,-0.0188408735291319,170.76156616210938,182.44933624267577,BEAR_BELOW_SMA200
5020,2022-03-11,383.0950622558594,389.0128466796875,378.6567256673177,378.3897912597656,0.0007054482275099,-0.8262765842680437,0.6050979247970142,22024800,0.99869658143396,True,False,False,False,True,0.0148363066515238,0.0197076768141324,-0.0161648741796246,0.0845881535623538,0.092116994504003,-0.0161648741796246,0.0175767902183807,0.092116994504003,-0.0161648741796246,0.1268132044435632,0.1365583430298547,-0.0161648741796246,168.4303436279297,182.4158157348633,BEAR_BELOW_SMA200
7751,2022-03-11,2306.319091796875,2325.006904296875,2300.817216796875,2295.567373046875,0.0022869482340794,-27.86067614989861,-25.762358865587057,3745600,1.1764484173100238,True,False,False,False,True,0.0439741653234262,0.0539097371627621,0.006991609895754,0.0785648253466322,0.0815084983848946,0.006991609895754,0.0973318359470727,0.1124192678815545,0.006991609895754,0.1646732509178088,0.1827045320027596,0.006991609895754,168.4303436279297,182.4158157348633,BEAR_BELOW_SMA200
6178,2022-03-14,766.4520874023438,787.0110034179687,766.0148714192709,763.5753401692708,0.0031948795641556,-12.003415418231045,-10.0361775861387,12016200,0.7862705933738044,True,False,False,False,True,0.0417112381227835,0.0422459974852695,0.0008555169687611,0.0416042905181113,0.0595721737140257,0.0008555169687611,0.0081205324190998,0.0595721737140257,-0.0152166562970758,0.0631375496703139,0.0684363401912087,-0.0152166562970758,169.19247436523438,182.38654586791992,BEAR_BELOW_SMA200
8766,2022-03-14,1905.84423828125,1929.465014648437,1879.8169970703125,1871.59908203125,0.0043908522492668,-33.74756814686043,-30.958230577620323,5932500,1.027216697271058,True,False,False,False,True,0.1311351109828962,0.138964151312267,0.0111412415470426,0.1192411858159356,0.138964151312267,0.0111412415470426,0.0229426396858551,0.138964151312267,-0.0032787916234986,0.0506974589109516,0.138964151312267,-0.0032787916234986,169.19247436523438,182.38654586791992,BEAR_BELOW_SMA200
8750,2022-03-15,522.5147094726562,525.2422082519531,521.6084130859375,521.1882645670573,0.0008061358005233,-11.357321592487324,-13.639363578163191,15572400,0.7827521485924194,True,True,False,False,True,0.0895521150218068,0.0951995528634599,-0.0141184732051775,0.0649586181609112,0.0951995528634599,-0.0141184732051775,0.0518394076497501,0.0951995528634599,-0.016048203551663,0.0395529385351811,0.1368026847657533,-0.016048203551663,170.85122680664062,182.36116935729981,BEAR_BELOW_SMA200
5020,2022-03-17,383.01019287109375,386.8411755371094,379.26863647460937,378.44295288085937,0.0021817914363699,-1.6152144451824029,-0.6018376677333133,18022800,0.8554885637714634,True,False,False,False,True,0.0540422444467851,0.0558141568369139,0.0044299740196753,0.0234691459560345,0.0923589914511882,0.0044299740196753,0.030723132616941,0.0923589914511882,0.0030678862531827,0.1585716496216318,0.1723993285382918,0.0030678862531827,177.62071228027344,182.34359062194824,BEAR_BELOW_SMA200
8309,2022-03-17,418.3235778808594,420.7110241699218,414.2337601725261,412.3805423990885,0.0044939505696754,-4.746657827433012,-4.828313458061219,11668800,0.8591877006450093,True,True,False,False,True,0.0325062828161286,0.0468983115148475,-0.0074442533013403,0.0051572018993513,0.0828782811517996,-0.0074442533013403,0.001102160133187,0.0828782811517996,-0.0333661889689387,-0.0298178524991962,0.0828782811517996,-0.0397021533749881,177.62071228027344,182.34359062194824,BEAR_BELOW_SMA200
8316,2022-03-18,1133.66552734375,1139.03716796875,1130.6194222005208,1128.5428466796875,0.0018400502266642,-15.096036653520288,-18.8239813562349,27499800,1.0537526993029662,True,True,False,False,True,0.0122880529187718,0.0462030344200441,0.0031948794474649,-0.0067016345880924,0.0462030344200441,-0.0238489722684301,-0.0175450856617882,0.0462030344200441,-0.0377185409844398,-0.0175450856617882,0.0462030344200441,-0.0377185409844398,178.38284301757812,182.34751159667968,BEAR_BELOW_SMA200
8630,2022-04-12,1477.39111328125,1489.9259228515623,1476.9718424479167,1474.5762272135416,0.0016246126786554,-0.696195124090309,10.8163086563322,3083700,1.039064750746774,True,False,False,False,True,-0.0023383041989993,0.0054559517713839,-0.0189010340684081,-0.0005846586753399,0.0150039550710436,-0.0189010340684081,-0.0243571150713373,0.0434528164977248,-0.0270850721897653,0.1615354247302356,0.1872563885157578,-0.0385814681336244,175.9619598388672,182.52861976623535,BEAR_BELOW_SMA200
5020,2022-04-13,388.6131286621094,391.9010815429688,386.77578206380207,385.2704211425781,0.0039072839195897,-0.2057941768657087,1.4291021957607872,13575700,0.6911669096020662,True,False,False,False,True,0.0252457284883276,0.0339588659370542,-0.0071492603335302,-0.0035745823705294,0.0339588659370542,-0.008713084452206,0.1461125366389,0.1554959414040364,-0.008713084452206,0.2495533440787807,0.297587114501693,-0.008713084452206,178.42767333984375,182.52264404296875,BEAR_BELOW_SMA200
8766,2022-04-13,1968.565185546875,2009.169384765625,1963.0267610677083,1954.75974609375,0.0042291718920846,-4.350759668725459,14.14362062752515,7332300,1.0578092472289908,True,False,False,False,True,0.0083135904498972,0.0271672287457898,-0.0068289281345977,0.0234560089532214,0.0271672287457898,-0.0126189034830018,0.0178146683660656,0.0495844123908102,-0.0126189034830018,0.1137171482987675,0.1506828994069666,-0.0201900848613338,178.42767333984375,182.52264404296875,BEAR_BELOW_SMA200
9101,2022-04-13,2215.0166015625,2435.95396484375,2181.723531901041,2154.9037939453124,0.0124459096647773,-42.214101778999975,3.2523448026377206,24790200,0.6802927183470914,True,False,False,False,True,0.084429918829086,0.1008772882738677,-0.0120613744369075,0.0767543714621918,0.1008772882738677,-0.0120613744369075,0.1041668044425103,0.1129386816093309,-0.0120613744369075,0.059210546619598,0.2631579287124459,-0.0120613744369075,178.42767333984375,182.52264404296875,BEAR_BELOW_SMA200
9021,2022-04-14,2263.3955078125,2264.269306640625,2209.1229329427083,2207.6661360677085,0.0006598809716737,-1.9471692463230283,6.885858121393818,2394800,0.8695020731822439,True,False,False,False,True,-0.0047788405573242,0.0075668400920245,-0.0181202972859995,-0.0354440382497086,0.0075668400920245,-0.0475905935070926,-0.0314615632538398,0.0075668400920245,-0.0675029882619109,-0.0499800018725323,0.0175229865493311,-0.0675029882619109,180.3105926513672,182.54632446289062,BEAR_BELOW_SMA200
8591,2022-04-14,2022.131103515625,2023.453588867188,2016.057333984375,2011.852347005208,0.0020901071519618,5.5031659506339565,17.701332835706737,3125100,0.4534351510543662,True,False,True,False,True,0.0293048757710243,0.0297326832838136,-0.0156150183164214,0.0156150526238647,0.0297326832838136,-0.025882359617074,-0.0139038247304696,0.0359359668627754,-0.0524063331723314,-0.009839545295231,0.0844920772981707,-0.0524063331723314,180.3105926513672,182.54632446289062,BEAR_BELOW_SMA200
8630,2022-04-14,1479.40625,1502.4837646484375,1479.0259033203124,1475.3595426432291,0.0024850625024694,-2.891356812777758,5.969580773050794,1758600,0.5917775029654494,True,False,False,False,True,0.0077835379216746,0.0114807074000091,-0.0136214111235654,0.0284102310893306,0.0305507729776932,-0.0136214111235654,-0.0219885709532963,0.0420315029911693,-0.034442381006004,0.150807522153102,0.1856391965219639,-0.039891040663584,180.3105926513672,182.54632446289062,BEAR_BELOW_SMA200
9104,2022-04-18,2241.9619140625,2373.153002929688,2214.710773111979,2198.483194986979,0.0073812609357226,-59.72296544271103,-43.25365809999474,6026000,0.3756762999437982,True,False,False,False,True,-0.0159998675824962,0.0496000800257152,-0.0223998684437485,0.0480001472273561,0.0768001512732987,-0.0943999861873083,0.0800001001842956,0.0880000254755635,-0.0943999861873083,-0.0111999508661367,0.1984002172575165,-0.0943999861873083,177.3965606689453,182.52289878845215,BEAR_BELOW_SMA200
8604,2022-04-19,430.2918090820313,432.6969934082031,429.5545267740885,428.78632161458336,0.001791580376474,-0.92086193135151,0.227131939066265,6321900,0.7265111227946183,True,False,False,False,True,-0.0107865344492071,0.0151008914483747,-0.0174544959596966,-0.0356932671820497,0.0151008914483747,-0.0672681198199465,-0.0386351524652616,0.0151008914483747,-0.0833497358062649,-0.0490293409793981,0.0151008914483747,-0.0833497358062649,179.1001434326172,182.52028541564943,BEAR_BELOW_SMA200
8725,2022-04-19,1077.9217529296875,1095.2659033203124,1074.5407926432292,1068.0128255208333,0.0061122553647354,-6.89115747749679,-4.718698590889938,3511800,1.0408108829021072,True,False,False,False,True,-0.0181770000798384,0.0031161577071527,-0.0280444855575001,0.0218126492369767,0.0293431606939669,-0.0280444855575001,0.0386915105712297,0.0399898432214722,-0.0389508969392203,0.0327190304784585,0.0953000812938844,-0.0389508969392203,179.1001434326172,182.52028541564943,BEAR_BELOW_SMA200
9202,2022-04-20,2343.520263671875,2358.17556640625,2326.488544921875,2320.1071256510418,0.0027504847514499,-3.3186950591198183,-0.4590729766351528,2575400,0.9110977464888386,True,False,False,False,True,-0.0313882850391897,0.0162978716888999,-0.0452715854821262,-0.0331991917124376,0.04567410285163,-0.0468812843167154,0.0124749728072304,0.04567410285163,-0.0468812843167154,0.0223340642035849,0.0643862917580668,-0.0468812846363291,180.98306274414062,182.5196060180664,BEAR_BELOW_SMA200
8630,2022-04-21,1490.9212646484375,1513.36669921875,1485.659269205729,1479.0259033203124,0.0044849558554216,-3.2367109104104657,-0.5916265011874668,2423700,1.043764736281128,True,False,False,False,True,0.0204673845042098,0.0225913940834663,-0.0189224893911301,-0.031087080029544,0.0339834535699237,-0.0334041297151733,0.0513613196145583,0.0866964252452053,-0.0473063676784963,0.1289824062909403,0.1764820042278885,-0.0473063676784963,182.01414489746094,182.52276184082032,BEAR_BELOW_SMA200
8591,2022-04-26,2022.99609375,2058.1085302734373,2021.863321940104,2019.4863216145836,0.0011770321492547,7.237291185793992,10.40252026115308,2783900,0.4870248865710834,True,False,True,False,True,0.0106909180960326,0.0354930226091791,-0.0262988716650541,-0.0363481198601238,0.0354930226091791,-0.0528115041316298,0.0528118344349251,0.0583709546005033,-0.0528115041316298,0.0006415492182658,0.084028371481329,-0.0528115041316298,177.66554260253906,182.500824508667,BEAR_BELOW_SMA200
9021,2022-04-26,2247.62109375,2261.95064453125,2216.8234635416666,2211.868818359375,0.0022400266874627,-3.3406024906853418,-0.7900817044516086,2246800,1.0552667051800502,True,False,False,False,True,-0.0238620346859788,0.0122317505394438,-0.0409063261379992,-0.0308801971181336,0.0122317505394438,-0.0609584714765401,-0.0364948574100046,0.0122317505394438,-0.0609584714765401,-0.007820551590136,0.024664238672553,-0.0763985428282419,177.66554260253906,182.500824508667,BEAR_BELOW_SMA200
9104,2022-04-27,2241.9619140625,2267.3450830078127,2236.842351888021,2224.5871337890626,0.0055089854260212,-30.19001009199019,-33.28137561320178,9572500,0.9983610088009082,True,True,False,False,True,0.0080001515831948,0.0847999713623388,-0.0943999861873083,0.0656001322432702,0.0864000309328503,-0.0943999861873083,0.1024000019165691,0.1984002172575165,-0.0943999861873083,0.0288000447780243,0.1984002172575165,-0.0943999861873083,175.91712951660156,182.47525550842286,BEAR_BELOW_SMA200
8001,2022-04-28,703.5444946289062,720.0199145507812,683.3575325520833,678.5731909179688,0.0070505904125719,-2.788419009342306,1.3691223996543167,24514500,1.3254323016846012,True,False,False,False,True,-0.0958798626479184,0.014750782896445,-0.1037639074977155,-0.0719735525844693,0.014750782896445,-0.113682609325183,-0.0460325189667657,0.014750782896445,-0.113682609325183,-0.0480672425210202,0.014750782896445,-0.113682609325183,179.3242950439453,182.46980255126954,BEAR_BELOW_SMA200
5401,2022-04-28,311.10986328125,315.0711206054688,301.06562866210936,299.4372204589844,0.0054382290906551,-0.941790055041281,0.9288644305497864,41066000,1.2827052192477624,True,False,False,False,True,0.0016913127616129,0.0094226343227632,-0.0722395296021618,0.0118386988682466,0.0253685533443568,-0.0722395296021618,0.0753806385593414,0.0877025044458403,-0.0722395296021618,-0.064508151888165,0.093259533581008,-0.111862620391115,179.3242950439453,182.46980255126954,BEAR_BELOW_SMA200
9020,2022-05-06,2155.681396484375,2165.69482421875,2138.7096614583334,2138.610852864583,4.620223151752256e-05,-6.995323015857139,-2.535995527080686,7129800,1.5254220969900416,True,False,False,False,True,-0.0393826678253357,-0.0098094735932453,-0.0608771001259086,-0.0398151867719647,-0.0098094735932453,-0.0608771001259086,-0.0289958708540782,-0.0098094735932453,-0.0608771001259086,-0.0181766681906947,0.0219271620345342,-0.0608771001259086,180.8933868408203,182.4684856414795,BEAR_BELOW_SMA200
4503,2022-05-10,1671.8634033203125,1710.1655615234374,1657.1910823567707,1651.6940673828126,0.0033281072339677,0.7987243091499749,15.781329560985156,4446400,0.7878484511559298,True,False,True,False,True,0.0023052145878641,0.0289446437085243,-0.0181864307141431,0.018954789771103,0.0289446437085243,-0.0181864307141431,0.0604507697738849,0.0827357246433648,-0.0181864307141431,0.0886271480416955,0.126024701943471,-0.0181864307141431,176.09645080566406,182.47457427978514,BEAR_BELOW_SMA200
8766,2022-05-12,1991.3599853515625,1991.535634765625,1981.16681640625,1980.3792203776045,0.0003976996024506,4.315792990182217,5.178707784001887,4422000,0.7081057450723238,True,False,True,False,True,-0.0227472551251527,0.0226007181487037,-0.0240680652139664,0.0476962213654801,0.0855593211915308,-0.031405822360594,0.1149104153005713,0.1375112044228332,-0.031405822360594,0.1728795925709583,0.2032582057313772,-0.031405822360594,173.04795837402344,182.40082717895507,BEAR_BELOW_SMA200
8002,2022-05-12,1132.0556640625,1206.8302001953125,1113.9216276041666,1103.5058959960938,0.0094387638941166,-11.264276373335406,6.485231118222729,9928800,1.008885976009389,True,False,False,False,True,0.028963747331191,0.0449698201397941,-0.0144816379692678,0.0438262632362138,0.0602135567547867,-0.0144816379692678,0.1192836809075028,0.1257623402794563,-0.0144816379692678,-0.1089937781707606,0.1257623402794563,-0.1295730493336259,173.04795837402344,182.40082717895507,BEAR_BELOW_SMA200
8058,2022-05-12,1228.3653564453125,1278.406416015625,1218.409803059896,1210.493494466146,0.0065397365867225,-8.164680854629296,2.665800287849016,14468400,0.9619665382129778,True,False,False,False,True,0.01988498394428,0.0436033386711245,-0.0009583314428827,0.0723526496533906,0.0936750926642773,-0.0009583314428827,0.1552468311654575,0.1607571039615634,-0.0009583314428827,-0.0908000571214543,0.1607571039615634,-0.1039770202734748,173.04795837402344,182.40082717895507,BEAR_BELOW_SMA200
9434,2022-05-13,120.74444580078124,123.1185745239258,119.7639180501302,119.3619083658854,0.0033679897527485,0.4139802530862653,0.965292152638348,122596000,1.4047615637362605,True,False,True,False,True,0.0261798524675764,0.0265243447490608,1.3953231103869257e-07,0.036169479804901,0.0416810408396224,1.3953231103869257e-07,0.0127455609098219,0.0416810408396224,1.3953231103869257e-07,0.0506373096386401,0.0609716182314206,-1.513120613250152e-07,176.4102783203125,182.37549766540528,BEAR_BELOW_SMA200
7832,2022-05-16,2725.92431640625,2769.419091796875,2669.229645182292,2657.9196940104166,0.0042551891982898,-38.71323480245064,-26.454926729128783,2033100,1.092535869740448,True,False,False,False,True,0.0559239958206549,0.0567245167760714,-0.0130376058756496,0.1124199378328703,0.1192817860846673,-0.0130376058756496,0.0950363023723497,0.1435268637071871,-0.0130376058756496,0.1482157446236072,0.1647986229654294,-0.0130376058756496,176.36544799804688,182.3598069000244,BEAR_BELOW_SMA200
8031,2022-05-17,1354.313232421875,1403.342412109375,1350.985224609375,1342.914404296875,0.0060099290667194,-8.549490985124066,1.5673587140420575,7235600,0.6925225254541939,True,False,False,False,True,0.0195757658681292,0.0329525999163191,-0.0241435562230417,0.0544861100069637,0.0678629449420769,-0.0241435562230417,0.0815661117447563,0.1517127482087616,-0.0241435562230417,-0.0678629674756956,0.1517127482087616,-0.1101142344749355,176.589599609375,182.3479266357422,BEAR_BELOW_SMA200
7974,2022-05-18,5373.53173828125,5534.2934375,5373.167194010417,5345.406770833333,0.0051933228596476,-115.26149359803368,-92.1095434412816,8922000,1.2880313562441803,True,False,False,False,True,-0.0349249654225132,0.0165346106112418,-0.0349249654225132,-0.0143411267958099,0.0165346106112418,-0.0465666231916273,-0.0516282018534678,0.0195713949210911,-0.0550025900340284,0.0106292661885383,0.0195713949210911,-0.0634385013034553,178.33799743652344,182.35778938293458,BEAR_BELOW_SMA200
8750,2022-05-18,553.9539794921875,561.1223876953125,543.6546130371094,543.3480196126302,0.0005642671242231,0.4761233640024329,3.7277989070090336,14106000,0.8177713672191136,True,False,True,False,True,0.0092319486750855,0.0239637165519144,-0.0457670083836012,0.0610880453487017,0.0656058211804344,-0.0457670083836012,0.0390886628025486,0.0868198626683205,-0.0457670083836012,-0.0496955591141542,0.0868198626683205,-0.072873716208931,178.33799743652344,182.35778938293458,BEAR_BELOW_SMA200
8031,2022-05-20,1380.38330078125,1401.9638134765626,1356.6738020833334,1348.1140380859374,0.006349436142323,-10.362447736753438,-4.292623780860381,11317400,1.072206790181938,True,False,False,False,True,0.0083227067323423,0.0224072143819369,-0.0041614857173175,0.0422534289580036,0.0572981971963026,-0.0041614857173175,0.0224070356647005,0.1299613766446659,-0.0041614857173175,-0.0947503117234548,0.1299613766446659,-0.1269207133175462,177.48622131347656,182.36944541931152,BEAR_BELOW_SMA200
7974,2022-05-23,5422.48974609375,5486.6052734375,5391.820462239583,5360.829921875,0.0057809221363516,-74.7830668622264,-89.46667628580815,5731000,0.7660996557831768,True,True,False,False,True,-0.0247452130562646,0.0038453563552649,-0.0551748826621238,-0.0331049460440319,0.0038453563552649,-0.0551748826621238,-0.0603577998496027,0.010365995435752,-0.0718944297269443,0.0105332977826091,0.0376190678423016,-0.0718944297269443,179.234619140625,182.37482513427733,BEAR_BELOW_SMA200
8306,2022-05-23,637.7161865234375,647.9349291992188,636.7010384114583,633.42203125,0.0051766547415275,-5.938614261183147,-3.700435670024339,41923600,0.9739013596047305,True,False,False,False,True,0.005995305283843,0.0219376554862884,-0.0019076617849662,0.0066764659885749,0.0219376554862884,-0.0100830103231311,-0.0042241151754029,0.0307942135818821,-0.0119908568198697,-0.0226188997259086,0.0324295173956852,-0.0508243771583456,179.234619140625,182.37482513427733,BEAR_BELOW_SMA200
8750,2022-05-23,557.4359130859375,560.5957446289062,544.1481123860677,543.4038985188802,0.0013695409054224,-1.2811407897735307,1.2572941439559149,17474400,0.9912877141907354,True,False,False,False,True,0.0119070012909188,0.0175676922202463,-0.0173726605915023,0.0538745629873109,0.0650008544817808,-0.0173726605915023,-0.0175677732362644,0.0800312175499422,-0.0218621322644388,-0.0993559092655996,0.0800312175499422,-0.1290259943449444,179.234619140625,182.37482513427733,BEAR_BELOW_SMA200
8306,2022-05-26,643.7987670898438,646.7218920898438,638.5673689778646,635.3054638671875,0.0051343885676999,-3.925160900158289,-4.09309822190346,33229900,0.7536073133920482,True,True,False,False,True,0.0,0.0098528676769038,-0.0194356996284892,0.0094479531141404,0.0210553181816333,-0.0194356996284892,0.0129572443076644,0.0226751717216762,-0.0213255208809777,-0.0125523333856971,0.0226751717216762,-0.0597921439400386,177.5310516357422,182.36451385498046,BEAR_BELOW_SMA200
9022,2022-06-01,3141.877197265625,3172.0965625,3097.5399674479168,3083.3912141927085,0.0045886986996921,4.827731950016187,15.419294673995244,3328500,1.0453503344744195,True,False,True,False,True,0.001539498127651,0.0150862936498492,-0.0129310244534245,-0.0511083539530918,0.0150862936498492,-0.0511083539530918,-0.0369459347248752,0.0150862936498492,-0.0760467910199478,-0.0418719091245414,0.0150862936498492,-0.092980392197612,183.3142547607422,182.42526000976562,BULL_ABOVE_SMA200
9434,2022-06-16,122.3249969482422,122.83907348632812,121.77218119303386,121.45209259033204,0.0026355132783222,-0.3470219392915936,-0.1525046986057169,69237000,0.7844254661551743,True,False,False,False,True,0.0278814538317617,0.028901577118807,-0.0122408917812723,0.0244813602021083,0.0370621692513388,-0.0122408917812723,0.0479425987605111,0.0605233437469938,-0.0122408917812723,0.0346818282006877,0.0615436639741833,-0.0122408917812723,176.49993896484375,182.60503242492675,BEAR_BELOW_SMA200
6701,2022-06-16,977.9089965820312,987.839638671875,970.7691642252604,968.7998754882811,0.002032709527328,-1.7755019732312576,1.113550977421399,4735500,0.8311941339862828,True,False,False,False,True,0.0019378905123379,0.0174417650270355,-0.0329458552180021,0.0213177318448607,0.0465114943701687,-0.0329458552180021,0.0310077461320363,0.0833332887883551,-0.0329458552180021,-0.0319767850091196,0.0833332887883551,-0.0687985015645309,176.49993896484375,182.60503242492675,BEAR_BELOW_SMA200
8591,2022-06-16,2027.7542724609373,2064.2261572265625,2019.378902994792,2016.051245117188,0.0016505819907421,1.2176810158480291,16.73812027743818,2820400,0.7665786494636749,True,False,True,False,True,-0.0059726585952037,0.013865215824389,-0.0418089628106812,-0.0290102624330104,0.0185579760294991,-0.0418089628106812,-0.021971044760144,0.0185579760294991,-0.0654862416453919,-0.0415956234295764,0.0230374938175628,-0.0654862416453919,176.49993896484375,182.60503242492675,BEAR_BELOW_SMA200
9434,2022-06-20,122.94888305664062,122.9505419921875,121.91551340738933,121.60068359375,0.0025890464126923,-0.2809375839326264,-0.2117930439961521,69451000,0.7796903960815087,True,False,False,False,True,0.0274019686809112,0.0304466030697256,-0.0064274940401128,0.0317996921655614,0.0317997490905685,-0.0064274940401128,0.041610022267237,0.055141873290762,-0.0064274940401128,0.0361974156502116,0.0561570160523248,-0.0064274940401128,172.0616455078125,182.55213165283203,BEAR_BELOW_SMA200
4502,2022-06-21,3043.4638671875,3086.884326171875,3041.0995865885416,3030.387688802083,0.0035348275159778,-27.263023182286812,-22.091320762797647,4023500,0.6654906660116789,True,False,False,False,True,0.0520200179239129,0.0520200179239129,-0.0024902432827722,0.0619812501624414,0.0647483023314769,-0.0024902432827722,0.1178749959489904,0.1242391357774128,-0.0024902432827722,0.0691755224679424,0.1242391357774128,-0.0024902432827722,175.379150390625,182.5337508392334,BEAR_BELOW_SMA200
4543,2022-06-21,1904.9296875,1937.41302734375,1850.3210302734376,1843.2419222005208,0.0038405745809348,-12.347016324738432,2.000724485364624,3053000,0.7216538708823418,True,False,False,False,True,0.0339535887561466,0.052565277921724,-0.0090543178553719,0.0311870721934455,0.052565277921724,-0.0090543178553719,0.1151912082548978,0.116197244527568,-0.0090543178553719,0.1607144138768246,0.1931588177661996,-0.0090543178553719,175.379150390625,182.5337508392334,BEAR_BELOW_SMA200
6701,2022-06-21,977.9089965820312,983.1396069335938,971.4926595052084,969.429150390625,0.0021285816645308,-5.040941153487097,-1.7677972787623404,4321000,0.7838122188361631,True,False,False,False,True,0.0387595578371595,0.0387595578371595,-0.0019381093226087,0.0562014462434015,0.0562014462434015,-0.0019381093226087,0.040697760419212,0.0833332887883551,-0.0019381093226087,-0.0339148003493433,0.0833332887883551,-0.0687985015645309,175.379150390625,182.5337508392334,BEAR_BELOW_SMA200
8591,2022-06-21,2024.2939453125,2065.9736328125,2021.8811393229169,2017.2377115885415,0.0023018743441585,-13.549419390447383,2.944183429129898,3586000,0.9210647981671172,True,False,False,False,True,0.01282046643385,0.0202990985699651,-0.0241452450018058,-0.0130340584607769,0.0202990985699651,-0.0444443987885726,-0.0136751963575262,0.0202990985699651,-0.0638887842523533,-0.0299145824860809,0.0247862736436961,-0.0638887842523533,175.379150390625,182.5337508392334,BEAR_BELOW_SMA200
8750,2022-06-21,555.4773559570312,567.3245874023437,550.4365401204427,547.3106774902344,0.0057113130782362,-0.6429130995931018,3.003235698115647,12546800,0.7534149510845938,True,False,False,False,True,0.0023504162921175,0.0107737242008147,-0.040940300213462,-0.0101863093058179,0.0121448177209733,-0.0517140223174293,-0.0810969986510186,0.0121448177209733,-0.1259550278517581,-0.0691480144745472,0.0121448177209733,-0.1332028478352376,175.379150390625,182.5337508392334,BEAR_BELOW_SMA200
7203,2022-06-27,1886.5955810546875,1897.462568359375,1881.4230387369792,1872.639345703125,0.0046905417500753,-2.689373043164551,-0.0618361144313391,17615400,0.6867248936896815,True,False,False,False,True,-0.0040066668430929,0.0219184485330357,-0.0308743817586781,0.0143766502355129,0.0219184485330357,-0.0367664122205471,0.0209756188146599,0.0398303499069625,-0.0367664122205471,-0.0101343313626,0.0447795931480514,-0.0367664122205471,178.56216430664062,182.46359016418458,BEAR_BELOW_SMA200
8750,2022-06-28,556.782958984375,567.1026147460938,555.0522570800781,550.4365401204427,0.0083855569592552,-4.508470094182144,-1.67058762127374,14241600,0.9148195682588136,True,False,False,False,True,-0.0125073281700337,0.009771434490033,-0.053937662648499,-0.0713307737539041,0.009771434490033,-0.0750437784268909,-0.0826653754763584,0.009771434490033,-0.1280045800933585,-0.0549147959096424,0.009771434490033,-0.1352354046290438,180.17608642578125,182.4490200805664,BEAR_BELOW_SMA200
6301,2022-06-28,2619.81689453125,2750.87603515625,2583.4228157552084,2559.170078125,0.0094767979031613,-41.71523605871244,-3.0625316205941253,4246900,1.1766531229696575,True,False,False,False,True,-0.0233462277171162,0.0077822394559521,-0.0445847048981874,-0.0659856655207408,0.0077822394559521,-0.0951684414110878,-0.0230220198550523,0.0077822394559521,-0.0951684414110878,-0.0616082536481538,0.0077822394559521,-0.0964655516638249,180.17608642578125,182.4490200805664,BEAR_BELOW_SMA200
8591,2022-06-28,2050.246337890625,2067.2539599609377,2032.4214892578125,2021.8811393229169,0.0052131402434594,-12.007396223864816,-8.717298116855426,3918400,1.0235245563351218,True,False,False,False,True,-0.0255272535967416,0.0059072706619132,-0.0565399961002495,-0.0407172870923833,0.0059072706619132,-0.0757382509817337,-0.0248945290372762,0.0059072706619132,-0.0757382509817337,-0.0238394919436724,0.0118143418368881,-0.0757382509817337,180.17608642578125,182.4490200805664,BEAR_BELOW_SMA200
5108,2022-07-04,2072.86328125,2191.461064453125,2071.491263020833,2048.9704345703126,0.0109912900989435,-5.625362360368854,14.98095288979398,3338200,0.8925382073302461,True,False,False,False,True,0.0544163276189901,0.0621601553525954,-0.0012556765087786,0.0730433776874905,0.0753455967541112,-0.0012556765087786,0.0989954829238692,0.1178318270131328,-0.0012556765087786,0.1203432374828747,0.152993071224035,-0.0012556765087786,176.99305725097656,182.23988273620606,BEAR_BELOW_SMA200
9433,2022-07-05,1900.35693359375,1950.638798828125,1899.05943359375,1884.6562890625,0.0076423189813643,-15.341100667025104,-6.323626115339129,14470600,1.299788736948758,True,False,False,False,True,0.0302044794730431,0.0432156321231311,-0.0104553638061625,0.0202137447966062,0.0432156321231311,-0.0104553638061625,-0.0357807602447216,0.0432156321231311,-0.0436803877511504,-0.0109202218641594,0.0432156321231311,-0.0436803877511504,177.84486389160156,182.1665838623047,BEAR_BELOW_SMA200
5802,2022-07-07,318.70318603515625,325.545888671875,317.0804850260417,315.48619384765624,0.0050534419872436,-0.0736410444466741,1.6139607680783083,6948000,0.8562829825465176,True,False,False,False,True,0.0089748743352893,0.037970202453275,-0.0079391759016005,0.0493613779444093,0.0528132258435654,-0.0079391759016005,0.0648948327084648,0.0762858764897065,-0.0079391759016005,0.0956161606914924,0.1322055453217976,-0.0079391759016005,173.944580078125,181.99331184387208,BEAR_BELOW_SMA200
6501,2022-07-07,1212.759033203125,1248.0283740234374,1198.0972998046875,1183.8305094401042,0.0120513791888425,-9.586629133505769,-4.841903450696402,14000500,0.9901851403272092,True,False,False,False,True,-0.0013980985457158,0.0354202965532051,-0.0259436775012879,0.0655585418788391,0.0669566518535267,-0.0259436775012879,0.0329346319981174,0.0669566518535267,-0.0259436775012879,0.0744135686218774,0.1087463852131498,-0.0259436775012879,173.944580078125,181.99331184387208,BEAR_BELOW_SMA200
9433,2022-07-07,1919.7845458984373,1942.938466796875,1903.5447900390625,1891.6040169270836,0.0063125120295404,-15.500614137066576,-9.895962186586887,10518000,0.9048138886093068,True,False,False,False,True,0.0117295394030918,0.0326586199342489,-0.0137995108177005,0.0252989866073203,0.0326586199342489,-0.0137995108177005,-0.0310488892421412,0.0326586199342489,-0.0533580397073729,-0.0204692286293367,0.0326586199342489,-0.0533580397073729,173.944580078125,181.99331184387208,BEAR_BELOW_SMA200
6971,2022-07-11,1587.7689208984375,1628.115390625,1583.1230501302084,1574.629519856771,0.0053939864370191,-13.496318969904223,-5.046104868564591,3469600,0.8915567295881921,True,False,False,False,True,0.0087818846509069,0.0177054275793506,-0.0177053139639633,0.0474505156952758,0.0674221444907228,-0.0177053139639633,0.0560906305626285,0.0679887624561972,-0.0177053139639633,0.0889519284342441,0.1305950175877552,-0.0177053139639633,181.45298767089844,181.84616485595703,BEAR_BELOW_SMA200
6954,2022-07-13,3856.41162109375,3877.8937109375,3832.00482421875,3827.8752799479166,0.0010788084691435,22.38853440176308,30.922452209326856,3109000,0.7571799976863268,True,False,True,False,True,0.0690389672940925,0.0690389672940925,-0.0175563664738749,0.0744958394799852,0.1001186150736788,-0.0175563664738749,0.1603794715350133,0.1603794715350133,-0.0175563664738749,0.0894424121963082,0.1829181131569315,-0.0175563664738749,179.0189208984375,181.69643684387208,BEAR_BELOW_SMA200
6971,2022-07-13,1593.8411865234375,1618.462841796875,1584.3904329427082,1578.8987955729167,0.0034781439983293,-12.745271405475478,-7.977997653901325,4364800,1.1385405145969407,True,False,False,False,True,0.046987431095969,0.0489628790791689,-0.0122759354391093,0.0461408189957268,0.0633554464720242,-0.0122759354391093,0.0747848602718579,0.083392169773838,-0.0122759354391093,0.1261463517674041,0.1329193156672707,-0.0122759354391093,179.0189208984375,181.69643684387208,BEAR_BELOW_SMA200
5020,2022-07-19,435.3231201171875,445.8701831054688,431.5261120605469,429.7701985677084,0.004085703240221,-5.837772725085642,-4.602983361767,16232700,0.974986711033296,True,False,False,False,True,0.0155564784262767,0.0233346264626581,-0.0123654000366989,0.0041882502978687,0.0263262348622483,-0.0123654000366989,0.0057836607203196,0.030913477425855,-0.0376944881512513,0.0149580067338406,0.0827682212156999,-0.0376944881512513,180.21298217773438,181.51762756347657,BEAR_BELOW_SMA200
7011,2022-08-03,456.9454040527344,462.27080200195314,456.2584313964844,450.6735428873698,0.01239231500774,-0.0837296472548132,0.6432640789197908,23192000,0.7296179195570447,True,False,False,False,True,-0.0261317113050147,-0.0109053696818737,-0.0658437080633168,-0.0121397669046676,-0.0016459827025651,-0.0658437080633168,0.0808640805728266,0.1137858884750591,-0.0658437080633168,0.0098540143791698,0.1137858884750591,-0.0658437080633168,182.64706420898438,181.3659423828125,BULL_ABOVE_SMA200
7751,2022-08-03,2716.05224609375,2716.121474609375,2704.2939290364584,2691.747509765625,0.0046610684045642,0.0550678730096478,5.039157140038734,2728700,0.6528287170947962,True,False,True,False,True,0.0767271763019159,0.0776822861567076,0.0050939780354766,0.10060503642713,0.1107928759312284,0.0050939780354766,0.033747297740664,0.1193887291268029,0.0050939780354766,0.0120980319012669,0.1193887291268029,-0.0063673809069153,182.64706420898438,181.3659423828125,BULL_ABOVE_SMA200
4568,2022-08-04,3217.359130859375,3303.029541015625,3138.77142578125,3111.0645572916665,0.0089059124230144,-6.352320717754992,29.503237259149117,4418200,1.1727031069386216,True,False,False,False,True,0.0792486710921731,0.0842383428263926,-0.0090988734525528,0.163780419982755,0.2638685547781614,-0.0090988734525528,0.2119165874392172,0.2703258736221723,-0.0090988734525528,0.2483674870732597,0.283533978955748,-0.0090988734525528,182.73892211914062,181.34804725646973,BULL_ABOVE_SMA200
8630,2022-08-09,1640.3302001953125,1703.7900244140626,1639.9117610677083,1628.0742106119792,0.007270891202975,-12.989471568471572,-1.9577782480153607,3357000,1.2708471746648269,True,False,False,False,True,0.0308880650801464,0.0329940672559996,0.000877487880059,0.027026954620194,0.0449279901153354,0.000877487880059,0.0436995933421071,0.0528254495899271,0.000877487880059,0.0760266074595992,0.0999103367320617,-0.0050896054098037,183.51966857910156,181.34196014404296,BULL_ABOVE_SMA200
4502,2022-08-10,3184.9423828125,3280.13671875,3173.7474088541667,3173.590205078125,4.953499534687822e-05,-21.61931905710253,0.5461906066337958,2898600,0.5930930623703261,True,False,False,False,True,0.0216816127891834,0.0404547480138295,-0.0055527655444835,0.018244265236107,0.0404547480138295,-0.0055527655444835,0.0272341685929977,0.0404547480138295,-0.0055527655444835,0.0191099261325187,0.0532517189806343,-0.0243257215540465,182.96853637695312,181.31400535583495,BULL_ABOVE_SMA200
6178,2022-08-10,822.3616943359375,832.0257446289063,820.0746801757813,817.2934366861979,0.0034029925663667,-4.517298246278756,-2.628837415792443,8492600,0.9555415412363216,True,False,False,False,True,0.0108226666510311,0.017757582387655,-0.0002101568016318,0.0134495865759152,0.017757582387655,-0.0002101568016318,0.0192286768158174,0.0214352203961378,-0.0037828071343779,0.0192286768158174,0.0560051326102897,-0.0037828071343779,182.96853637695312,181.31400535583495,BULL_ABOVE_SMA200
2914,2022-08-10,1870.787841796875,1902.449736328125,1853.3209244791667,1842.5812174479167,0.0058286207031488,-9.407460283229284,-0.3764116265181849,3474200,0.7163306353924076,True,False,False,False,True,0.0131749097288478,0.0187905199010225,-0.0002160859144254,0.0207342745362726,0.0311015206240585,-0.0002160859144254,0.0323972591030343,0.03326118986379,-0.0002160859144254,0.0358530694018737,0.0451401920877314,-0.0002160859144254,182.96853637695312,181.31400535583495,BULL_ABOVE_SMA200
4507,2022-08-12,2097.580078125,2125.179716796875,2097.167547200521,2096.706541341146,0.000219871427062,-10.465995614690655,-7.552993087531829,5085900,0.7594392343340179,True,False,False,False,True,-0.0023135151090216,0.0134470080207067,-0.0023135151090216,0.0041930060775019,0.0134470080207067,-0.0130134047715577,0.0164834896239249,0.0247252479341257,-0.0393291721725035,0.0119202419827162,0.0358468595806673,-0.0740312107212902,186.91818237304688,181.30669540405273,BULL_ABOVE_SMA200
6758,2022-08-12,2230.487548828125,2238.47095703125,2224.230675455729,2222.0368701171874,0.0009872947510658,0.4001019603147142,5.611248977637439,21940000,1.218831332964832,True,False,True,False,True,0.0475775324573117,0.0497599856499313,-0.0004366105538721,0.0048014043664474,0.0497599856499313,-0.0109124022454945,-0.066346638715939,0.0497599856499313,-0.09079015542791,-0.1809388208965401,0.0497599856499313,-0.1927674343858458,186.91818237304688,181.30669540405273,BULL_ABOVE_SMA200
8725,2022-08-12,1149.018310546875,1196.6584423828126,1146.4169954427084,1141.244318033854,0.0045324890797842,-8.187241991865676,3.1275481025579284,4893600,1.211770037069228,True,False,False,False,True,0.0060901385120066,0.015834353655123,-0.0185139893956366,0.0185139148377129,0.0265528912000578,-0.0185139893956366,0.0126673818661862,0.0265528912000578,-0.0185139893956366,-0.0364708197108647,0.0311812885024773,-0.0565165551722214,186.91818237304688,181.30669540405273,BULL_ABOVE_SMA200
8766,2022-08-12,2208.790771484375,2278.427138671875,2193.3798046875,2179.948201497396,0.006161432267463,-24.44557520930221,-10.031622168329164,7228800,1.2655528652986625,True,False,False,False,True,0.01772956007307,0.0304312829391864,-0.0108493462563781,0.0195818444299993,0.0304312829391864,-0.0108493462563781,0.0264621998811345,0.0391637917976666,-0.0108493462563781,0.0430364862879781,0.0845313322261644,-0.0108493462563781,186.91818237304688,181.30669540405273,BULL_ABOVE_SMA200
8801,2022-08-12,877.8516845703125,879.524580078125,865.2534643554687,863.1490258789063,0.0024380940179125,-2.804699193637134,0.3806670361592771,9829200,1.5926850431785646,True,False,False,False,True,-0.0015650723138499,0.0184314320996048,-0.0099112894158457,-0.0142584971050681,0.0184314320996048,-0.0199966512315344,-0.0088680710090899,0.0184314320996048,-0.0316467084305154,0.0172504203307273,0.0425718070077283,-0.068162117520773,186.91818237304688,181.30669540405273,BULL_ABOVE_SMA200
8830,2022-08-12,1675.192138671875,1683.014228515625,1657.881640625,1657.6733154296876,0.0001256732514021,-3.5665605940057503,3.94717292072144,3494400,2.2449071367540587,True,False,False,False,True,-0.0081966460528737,0.0313738138715236,-0.0124363298115535,-0.013284317461835,0.0313738138715236,-0.0291124073667126,-0.013284317461835,0.0313738138715236,-0.0627472553528503,-0.0151860640985824,0.0313738138715236,-0.1102316286062524,186.91818237304688,181.30669540405273,BULL_ABOVE_SMA200
1925,2022-08-15,2748.882568359375,2799.636845703125,2744.90826171875,2741.0379915364583,0.0014119724696417,-9.357992027145428,4.817356849480266,940500,0.6523390220810343,True,False,False,False,True,0.0164401852563849,0.0259248526149202,-0.0151752508544995,-0.0060067909341358,0.0259248526149202,-0.0151752508544995,-0.011381489086963,0.0259248526149202,-0.0534302234732966,-0.0482126837227804,0.0259248526149202,-0.0752448214758634,188.02037048339844,181.30265480041504,BULL_ABOVE_SMA200
8802,2022-08-16,1800.9755859375,1807.675478515625,1797.236661783854,1793.7529069010416,0.0019421598534612,-10.002876318796552,-7.071951074415075,2935500,1.0920433915657273,True,False,False,False,True,-0.0264249546822225,0.0116580100874383,-0.027202156687532,-0.0119171656637921,0.0116580100874383,-0.0365286250437848,0.0147667767957795,0.018134652235745,-0.0373058414998789,0.0223096178883082,0.0357512103679724,-0.0386010201615437,187.6070556640625,181.29520271301269,BULL_ABOVE_SMA200
1925,2022-08-17,2775.823974609375,2794.5266796875,2746.970869140625,2744.7344466145832,0.0008148046995219,-10.641563958952702,-1.106171309054332,1476900,1.0377027065006603,True,False,False,False,True,-0.0081400907229914,0.0159674999552799,-0.0144018325744877,-0.0181590224960476,0.0159674999552799,-0.0231683134846891,-0.0425797344274623,0.0159674999552799,-0.0626173769551619,-0.0481831874421437,0.0159674999552799,-0.0842202482948194,189.90335083007812,181.3126815032959,BULL_ABOVE_SMA200
7182,2022-08-17,885.7977294921875,911.7810717773438,885.4966137695312,883.4123836263021,0.002359294687124,-8.128262409952754,-3.845814270970151,2009200,1.0132148593415515,True,False,False,False,True,-0.0058823488879901,0.0019607883988896,-0.010784421703446,-0.0058823488879901,0.0039215449143918,-0.0215686428188099,0.0107842603585359,0.0107843096525515,-0.0215686428188099,-0.0441176855640943,0.0343136376808355,-0.0578432614527206,189.90335083007812,181.3126815032959,BULL_ABOVE_SMA200
8725,2022-08-17,1155.4560546875,1189.9742626953123,1149.5295621744792,1144.5994677734377,0.0043072660261078,-11.994658608522514,-4.050252196519306,5058600,1.1981085488334748,True,False,False,False,True,-0.0009690987138972,0.0125970133039594,-0.0094475401373772,0.0079942984498646,0.0208333445037085,-0.0094475401373772,-0.0024223770207075,0.0208333445037085,-0.0150194280733101,-0.0403473838032365,0.0254359542069428,-0.0617732717683012,189.90335083007812,181.3126815032959,BULL_ABOVE_SMA200
7182,2022-08-22,887.5345458984375,906.118916015625,886.9208382161459,884.6629207356771,0.0025522913050217,-8.353501913996865,-6.188227044205728,1237200,0.6217085427135678,True,False,False,False,True,-0.0127201254682675,0.0019569707827673,-0.0234833352005262,-0.0127201254682675,0.0019569707827673,-0.0234833352005262,0.0244618009064623,0.0322895892610484,-0.0234833352005262,-0.0273972885353411,0.0322895892610484,-0.0596869680310504,188.61741638183594,181.33754051208496,BULL_ABOVE_SMA200
8766,2022-08-25,2240.061279296875,2244.631875,2219.276630859375,2206.371085611979,0.0058492178997242,-10.77358032887696,-12.412904487198237,4400400,0.7932550605973749,True,True,False,False,True,-0.0087409761717639,0.019699926202253,-0.018525843360777,0.0153944981145557,0.0246574120971632,-0.018525843360777,-0.0015657269071901,0.0457923631682621,-0.018525843360777,0.0606097397891793,0.0717866341045647,-0.018525843360777,187.05593872070312,181.3332145690918,BULL_ABOVE_SMA200
4901,2022-08-26,2261.949462890625,2313.242060546875,2252.190475260417,2250.0697819010416,0.0009425011510459,-11.526402129159578,-1.433184220818129,2280600,0.6545689376816274,True,False,False,False,True,-0.042736033511262,-0.0174766738554345,-0.0453302114682243,-0.0316766046641399,-0.0174766738554345,-0.0565264204072698,-0.0912068015514393,-0.0114690105378306,-0.1075913640434295,-0.0479067064078632,-0.0114690105378306,-0.1075913640434295,187.4692840576172,181.31745239257813,BULL_ABOVE_SMA200
4307,2022-08-30,3598.81689453125,3800.918955078125,3571.667936197917,3540.2887825520834,0.0088634446434092,-40.01169165748843,3.721593738984016,1048300,0.8749613975344501,True,False,False,False,True,-0.0249999423367353,0.0026315419773479,-0.0381578505348657,-0.0276315580600557,0.0026315419773479,-0.0460526110873349,-0.0255740649358913,0.0026315419773479,-0.0868421353999456,-0.1076588755229209,0.0026315419773479,-0.1195744110248322,186.55075073242188,181.2654579925537,BULL_ABOVE_SMA200
6902,2022-08-30,1714.3951416015625,1715.9189013671876,1694.5453548177084,1690.5204475911455,0.0023808687036572,10.408118414029332,16.096525046998124,4683200,0.7884865341747089,True,False,True,False,True,-0.0577778568923746,0.0019607230042772,-0.0639216472261785,-0.0192158042483351,0.0019607230042772,-0.0639216472261785,-0.0711557871239806,0.0019607230042772,-0.0929412991591074,-0.0544722512473899,0.0019607230042772,-0.1328579805226217,186.55075073242188,181.2654579925537,BULL_ABOVE_SMA200
8697,2022-08-30,937.138916015625,957.3623901367188,926.7128833007812,919.5151822916666,0.0078277130685064,0.0421387221879285,5.0771415018831325,1828000,1.0896778654712798,True,False,True,False,True,-0.034401010180744,-0.0059311765313839,-0.0384342246345346,-0.0023724632482146,0.0002372639585082,-0.0384342246345346,-0.0611990269168776,0.0002372639585082,-0.0937129011152417,-0.0662488885693213,0.0002372639585082,-0.0937129011152417,186.55075073242188,181.2654579925537,BULL_ABOVE_SMA200
8725,2022-08-30,1171.6907958984375,1173.8627978515624,1159.4606640625,1153.597548828125,0.0050824615918532,-5.160968269804016,-7.014980769659422,2254200,0.5383774875956079,True,True,False,False,True,-0.0193502291141388,-0.001911165880753,-0.0286671453200513,-0.0097945604157987,-0.0002389250703217,-0.0286671453200513,-0.0428568407263183,0.0112276943117415,-0.0747731759950359,-0.0435922688264228,0.0112276943117415,-0.0747731759950359,186.55075073242188,181.2654579925537,BULL_ABOVE_SMA200
8801,2022-08-30,874.188232421875,878.4316528320312,872.9283675130208,869.9263842773438,0.003450847439431,-4.049674167855983,-2.986814422131305,6966000,1.1488821653608563,True,False,False,False,True,-0.0167626913919861,-0.0034922555315167,-0.0251441401296095,0.0197309864760135,0.0279377683807973,-0.0251441401296095,-0.0318136943453398,0.0412081728392483,-0.06425707354288,0.0024428354988934,0.0469409025693345,-0.06425707354288,186.55075073242188,181.2654579925537,BULL_ABOVE_SMA200
8604,2022-09-02,424.4690551757813,425.5424487304688,423.5677815755208,421.98017252604166,0.0037622835214636,-0.3769602554808671,0.1815730302968915,6920500,0.8399164513423735,True,False,False,False,True,0.0019880649956049,0.0051689916218802,-0.0232604852723112,0.0033796098382903,0.0184888957164326,-0.0232604852723112,-0.0232653644021332,0.0184888957164326,-0.0672606008104846,-0.0290913036032347,0.0184888957164326,-0.0672606008104846,182.922607421875,181.1925177001953,BULL_ABOVE_SMA200
6861,2022-09-06,50422.83984375,53198.38859375,50156.05057291667,50088.96348958334,0.0013393585863936,-541.6633170870482,28.277531727201804,352800,0.7140905364787321,True,False,False,False,True,0.0640110155933644,0.0719398508604178,-0.0208858302385122,-0.0256202875572492,0.0719398508604178,-0.0281416213990947,0.0120050383293719,0.0719398508604178,-0.0838038122666844,0.1049046396462665,0.1466028626065574,-0.0838038122666844,182.6011505126953,181.1436937713623,BULL_ABOVE_SMA200
9984,2022-09-08,1344.3424072265625,1369.3078515625,1325.9811848958334,1321.2710677083332,0.0035648379069326,-5.615451590279918,1.8003352103157555,45380000,0.8365587607869626,True,False,False,False,True,-0.0110928566830048,0.036188428942893,-0.0238224447727785,-0.0787415395447482,0.036188428942893,-0.0818330108885578,-0.0042926206315475,0.036188428942893,-0.1253995761474178,0.2821260757770942,0.2857793770330483,-0.1253995761474178,185.49447631835938,181.0717874908447,BULL_ABOVE_SMA200
9735,2022-09-08,4026.055908203125,4132.45369140625,4022.29943359375,4015.175354817709,0.0017742883302702,-24.031157027559857,-0.4792251660755102,1257400,1.1345815474847734,True,False,False,False,True,-0.0299263373805578,0.0186466392722224,-0.0340699837799763,-0.0453497951121009,0.0186466392722224,-0.0543276967254666,-0.0166430523824756,0.0228075195291301,-0.0615791122085248,-0.0380558162239683,0.0228075195291301,-0.0615791122085248,185.49447631835938,181.0717874908447,BULL_ABOVE_SMA200
8113,2022-09-08,1512.038330078125,1526.4621435546876,1472.8663981119792,1466.740157877604,0.0041767726897448,-8.955496897169951,-0.4083721534308995,4043700,1.423434554642082,True,False,False,False,True,0.0004186776406602,0.0173784958072076,-0.0119346683020395,-0.0337102508529769,0.0173784958072076,-0.0370603599608199,-0.0464825023263008,0.0173784958072076,-0.0504607519644166,0.0161221569923284,0.035385187874553,-0.101130720001324,185.49447631835938,181.0717874908447,BULL_ABOVE_SMA200
8001,2022-09-08,679.3892211914062,680.6989575195313,676.7410701497396,675.7104467773438,0.0015252441002076,-3.9838156665450697,-1.8868653722058832,18479500,1.514918001205081,True,False,False,False,True,-0.0034237366919193,0.018962234232162,-0.0100078823009485,-0.0526732591790236,0.018962234232162,-0.0526732591790236,0.0161253416437332,0.0601180704840889,-0.0695285032045446,0.1247659600616757,0.1306674599763637,-0.0695285032045446,185.49447631835938,181.0717874908447,BULL_ABOVE_SMA200
7936,2022-09-08,601.4194946289062,613.4622607421875,596.5684098307291,593.7153971354167,0.0048053540620267,-6.03249872226877,-2.50893076076356,3604800,0.7864491975809619,True,False,False,False,True,0.0298922521861679,0.0418494372190954,-0.0023913608015577,-0.067756164031283,0.0522121097948533,-0.0769231619907873,-0.0601832395830299,0.0565961765207785,-0.1207650842205008,-0.0526105181051055,0.0565961765207785,-0.1287367190937089,185.49447631835938,181.0717874908447,BULL_ABOVE_SMA200
7832,2022-09-08,3137.742919921875,3208.37259765625,3099.1361295572915,3083.6235579427084,0.0050306307897494,-21.630603079128832,9.281190453984244,3009600,1.4213054134848335,True,False,False,False,True,-0.0004968022971951,0.0293095719147675,-0.0145055451365602,-0.0615001561989995,0.0293095719147675,-0.0641827197314687,-0.0364755592332671,0.0293095719147675,-0.0831072542867921,-0.0557061264632228,0.0293095719147675,-0.0831072542867921,185.49447631835938,181.0717874908447,BULL_ABOVE_SMA200
7751,2022-09-08,2845.7587890625,2904.662685546875,2796.5861458333334,2790.8419140625,0.0020582433357794,-5.499849556212212,17.09353235329447,3414400,0.9827364882367502,True,False,False,False,True,0.0057733084836706,0.0151929423017971,-0.0082042828498046,-0.0273474403554906,0.0188393151540549,-0.0297783121071795,-0.0206625162102183,0.0197508920773283,-0.0516560583938807,-0.0218778321769271,0.0306896879505103,-0.0625948634498226,185.49447631835938,181.0717874908447,BULL_ABOVE_SMA200
6861,2022-09-08,52265.796875,53078.6446875,50243.42020833334,50113.53598958333,0.00259179912543,-502.2421961747532,-181.6769727703844,795900,1.6395435069215556,True,False,False,False,True,-0.028731445128282,0.0341419179226494,-0.0350747280452313,-0.0764435453276536,0.0341419179226494,-0.0844891141183568,-0.0745724005092958,0.0341419179226494,-0.116110029853414,0.072493035149959,0.106172218972711,-0.116110029853414,185.49447631835938,181.0717874908447,BULL_ABOVE_SMA200
4661,2022-09-08,3870.14990234375,4042.082373046875,3832.596311848959,3816.141012369792,0.00431202605612,-24.9964826995988,17.889965807420865,6780000,1.6377503879994928,True,False,False,False,True,0.0410400265352286,0.0512363049537911,0.0005099419323937,0.0043334228691227,0.0512363049537911,-0.003313852006355,-0.0064750903569197,0.0512363049537911,-0.0217836792172485,-0.0064750903569197,0.0512363049537911,-0.0304584698280653,185.49447631835938,181.0717874908447,BULL_ABOVE_SMA200
4519,2022-09-09,3353.835205078125,3403.135087890625,3309.4621223958334,3305.3355631510417,0.0012484539514825,-35.56887788792801,-24.85696738878333,2897600,1.6101758490293434,True,False,False,False,True,-0.0344261019388877,0.0079234972677595,-0.0352457741783284,-0.0622948788587343,0.0079234972677595,-0.0885245991322979,0.0191257254240986,0.0475411892608221,-0.0885245991322979,-0.0822404154991345,0.0475411892608221,-0.08879778003019,186.36705017089844,181.0469277191162,BULL_ABOVE_SMA200
9984,2022-09-16,1334.3192138671875,1368.1734912109375,1330.7010921223955,1327.2785091145834,0.0025786471974864,-5.855130567191736,-2.620165522276096,53087600,1.1983921991953772,True,False,False,False,True,-0.0784169932455643,0.019054564703909,-0.0802491662212193,-0.0365650349660585,0.019054564703909,-0.1188297170991778,0.0569259564514508,0.0618949623410884,-0.1188297170991778,0.1629313762111139,0.321387363100128,-0.1188297170991778,183.56558227539062,180.9425946044922,BULL_ABOVE_SMA200
8001,2022-09-20,680.6416625976562,682.3379345703125,678.3299454752604,677.3136376953125,0.0015004980313197,-1.1318597178701566,-1.4545184349453186,9425500,0.7314995721827604,True,True,False,False,True,-0.0612511190065168,-0.0063092124537362,-0.0712406538029585,0.0348726504898431,0.0581673586191688,-0.0712406538029585,0.0348726504898431,0.0581673586191688,-0.0712406538029585,0.1165379097393179,0.1505428065030012,-0.0712406538029585,184.53001403808594,180.92065399169923,BULL_ABOVE_SMA200
2914,2022-09-27,1916.4461669921875,1918.595874023437,1901.7067692057287,1898.5586507161456,0.0016581623582689,4.065325275535997,5.782563055177981,3752900,0.9876494474752818,True,False,True,False,True,0.0141261580683291,0.0147586691856274,-0.0208726865662997,0.0147586612004297,0.0206620982487597,-0.0208726865662997,0.0362639587804141,0.0383723289915645,-0.0208726865662997,0.1939701113288316,0.2009277547694379,-0.0208726865662997,177.3656005859375,180.87218132019044,BEAR_BELOW_SMA200
5802,2022-09-27,339.2753601074219,353.0707666015625,338.3057548014323,337.0970947265625,0.0035854953773784,-0.3351031341996986,2.3358948387246614,8876800,0.9676251934857965,True,False,False,False,True,0.0068763534557392,0.0098435725720136,-0.0382912177340292,-0.0076299486164674,0.0358892617692665,-0.0382912177340292,0.0174265957566421,0.0358892617692665,-0.0382912177340292,0.0609457718211359,0.0734739593035815,-0.0382912177340292,177.3656005859375,180.87218132019044,BEAR_BELOW_SMA200
8309,2022-09-29,451.6106567382813,455.34769775390623,451.2789717610677,450.01856486002606,0.0028007886773151,-2.2359917114827117,-0.8834673502811168,10805600,1.0986615476592336,True,False,False,False,True,0.0377675850691203,0.0425787467986944,-0.0295886627978898,0.0293480136809587,0.0425787467986944,-0.0295886627978898,0.0110655370473709,0.0601393328277695,-0.0295886627978898,0.0642289986105233,0.092614847412157,-0.0295886627978898,179.20263671875,180.83512115478516,BEAR_BELOW_SMA200
6178,2022-09-29,837.1377563476562,840.0307299804688,834.6491276041667,834.1732991536459,0.0005704191814861,1.8647379411542035,4.218189774909081,11951300,1.1491049013848331,True,False,True,False,True,0.0138315568366536,0.0232244509291408,-0.0212633590753861,0.0162055576597999,0.0236374443230844,-0.0212633590753861,0.0196117359238505,0.0368496792676895,-0.0212633590753861,0.1085878810834182,0.1266514638757456,-0.0212633590753861,179.20263671875,180.83512115478516,BEAR_BELOW_SMA200
8113,2022-09-29,1501.590576171875,1507.0361083984376,1495.356328125,1486.14890625,0.0061954907992585,-9.784964562833238,-8.401371504109637,3564000,1.1885229500980432,True,False,False,False,True,0.0048493500137793,0.024246360797163,-0.0215052538020094,-0.021926944329052,0.024246360797163,-0.0459623251739745,-0.0415347332703033,0.024246360797163,-0.0640943236527514,0.0881300183805746,0.1026777619675534,-0.0948765751096746,179.20263671875,180.83512115478516,BEAR_BELOW_SMA200
4661,2022-09-29,3967.532470703125,3969.6202734375,3862.398831380208,3850.9720442708335,0.002967247484015,-13.977494513586862,-7.519423069106766,5351500,1.0705837046817406,True,False,False,False,True,-0.009955133258462,-0.0017420941977306,-0.0457938715552587,-0.0084618109652611,0.0017421506366204,-0.0457938715552587,-0.0019909528101417,0.0054754886737711,-0.0542557405590314,-0.0104528868446539,0.007466493424395,-0.0542557405590314,179.20263671875,180.83512115478516,BEAR_BELOW_SMA200
5802,2022-09-29,339.0356750488281,351.6442333984375,338.3392305501302,337.8099694824219,0.0015667420014844,-2.1486370331855937,0.8080643504847072,10541600,1.1145060442732175,True,False,False,False,True,0.0306829610385541,0.036621595257086,-0.0376113269650287,0.0115473025344656,0.036621595257086,-0.0376113269650287,0.0016495760708314,0.036621595257086,-0.0376113269650287,0.0557570393899071,0.0742328743007469,-0.0376113269650287,179.20263671875,180.83512115478516,BEAR_BELOW_SMA200
1928,2022-09-29,2037.0115966796875,2082.452373046875,2006.701544596354,1998.201129557292,0.0042540337473162,3.309020706679348,19.49988912236158,3171300,0.7084827816544669,True,False,True,False,True,0.0356769880912908,0.0459002113023838,-0.0166910823803312,0.0350511191243059,0.0459002113023838,-0.0166910823803312,0.0223242378783881,0.0459002113023838,-0.0166910823803312,0.0605047617637926,0.0826205144640688,-0.0166910823803312,179.20263671875,180.83512115478516,BEAR_BELOW_SMA200
6146,2022-10-03,10599.345703125,10769.5548828125,10417.199453125,10412.622864583333,0.0004395231250748,-41.25636286891677,9.215383391749118,810900,1.3319863992509733,True,False,False,False,True,-0.0603318859046613,0.0633484435036988,-0.0678733343234057,-0.0467572898902036,0.0633484435036988,-0.0874812388192354,0.0814478524894206,0.0844644139719179,-0.0874812388192354,0.2337857123772195,0.2699848622497054,-0.0874812388192354,176.86041259765625,180.76079055786133,BEAR_BELOW_SMA200
6971,2022-10-03,1689.7110595703125,1748.2845263671877,1684.7451481119792,1683.3199886067707,0.0008466361207937,-8.382601580045502,7.221548256257763,4047600,0.7814533224701616,True,False,False,False,True,-0.0079591172243717,0.0356131262293595,-0.0120060612661543,0.0044516324928138,0.0356131262293595,-0.0257655627499969,-0.0713611426232396,0.0356131262293595,-0.0759476796875641,-0.0550384179062835,0.0356131262293595,-0.1089976742226288,176.86041259765625,180.76079055786133,BEAR_BELOW_SMA200
7269,2022-10-03,1066.5269775390625,1114.5537451171874,1047.07751953125,1037.8538069661458,0.0088872946297386,-8.765990659674117,2.96760307484299,8319600,1.241438586124466,True,False,False,False,True,-0.0087032271644155,0.0567885519342108,-0.0091383881709281,0.0082679513502879,0.0567885519342108,-0.0158833839464913,0.0918189321286773,0.102915537457207,-0.0158833839464913,0.0591819447180259,0.2341166312586831,-0.0158833839464913,176.86041259765625,180.76079055786133,BEAR_BELOW_SMA200
4452,2022-10-04,2676.609619140625,2707.755146484375,2632.6428515625,2611.7120572916665,0.0080142044037345,-14.905300660516788,-2.7402293656067718,3992800,1.3080511584023482,True,False,False,False,True,-0.0360041822818902,0.0069303752011995,-0.0456389947714178,-0.0370182843942563,0.0069303752011995,-0.0456389947714178,-0.1355646924268791,0.0069303752011995,-0.1360717917469259,-0.0593306287569915,0.0069303752011995,-0.1468898364486324,182.50929260253906,180.739281539917,BULL_ABOVE_SMA200
4543,2022-10-04,2085.68359375,2093.891357421875,2079.8234814453126,2074.316267903646,0.0026549536475612,-38.92720898746165,-34.60331023068981,5289000,1.1772378425541763,True,False,False,False,True,-0.0286175985840972,0.0161550166771164,-0.0336948879389448,0.0090007444726418,0.0177706503029162,-0.0523887140703086,0.0237710348637942,0.0537732535366135,-0.0523887140703086,-0.0731594201541385,0.0537732535366135,-0.0978536869472103,182.50929260253906,180.739281539917,BULL_ABOVE_SMA200
4661,2022-10-04,3912.236083984375,3947.87228515625,3874.117154947917,3857.088518880209,0.0044148937687984,-24.438054329153147,-15.07492099471941,4454000,0.9508357705526972,True,False,False,False,True,0.0100958412542679,0.0159009897672233,-0.026754127224088,-0.0030286712506003,0.0196870956076002,-0.026754127224088,0.0017667300965475,0.021706241647831,-0.0408883876732555,-0.0206965962597691,0.021706241647831,-0.0408883876732555,182.50929260253906,180.739281539917,BULL_ABOVE_SMA200
5802,2022-10-04,341.6083374023437,349.39751708984375,338.8400553385417,338.3057548014323,0.0015793421469374,-3.637097508137174,-1.3827290963699734,9539600,0.9796805327056544,True,False,False,False,True,-0.0144072328468328,0.028814767785489,-0.0150621117618848,0.0101507778129756,0.028814767785489,-0.0229206057458358,0.0445317961997251,0.0458415539379066,-0.0229206057458358,0.0206287003670417,0.0661427951895705,-0.0229206057458358,182.50929260253906,180.739281539917,BULL_ABOVE_SMA200
6367,2022-10-04,22411.669921875,22472.492578125,21928.719088541668,21802.71794270833,0.0057791485522324,-336.7094924748708,-278.2236690354822,930900,1.077305867376461,True,False,False,False,True,-0.0473472464601701,0.025153227882914,-0.052208798120125,-0.0528428661999909,0.025153227882914,-0.0767279142381768,-0.0397379469314213,0.025153227882914,-0.087507828989179,-0.0530543736151689,0.025153227882914,-0.087507828989179,182.50929260253906,180.739281539917,BULL_ABOVE_SMA200
7309,2022-10-04,22308.06640625,22598.8615625,22073.964817708333,21971.92513020833,0.0046440940834862,-272.69146229021135,-174.54787235505498,387000,1.2348239498412596,True,False,False,False,True,-0.0322512439008801,0.0217117494302896,-0.0379426436862594,-0.0980185138328432,0.0217117494302896,-0.0980185138328432,-0.0326728963125551,0.0217117494302896,-0.1180438584604881,-0.026981464279054,0.0448988728445325,-0.1180438584604881,182.50929260253906,180.739281539917,BULL_ABOVE_SMA200
7733,2022-10-04,2817.904541015625,2829.221875,2731.538323567708,2727.5045540364586,0.0014789231150063,-33.49380943019332,-19.341724904640813,4770400,1.135839271980933,True,False,False,False,True,-0.0195047936097102,0.0305291253098949,-0.0279851188682319,0.0447761103511421,0.0563093531277456,-0.0279851188682319,0.0512211040295225,0.0651288405258054,-0.0279851188682319,-0.0848032734319476,0.0651288405258054,-0.0963365552613794,182.50929260253906,180.739281539917,BULL_ABOVE_SMA200
9983,2022-10-05,25203.853515625,25988.645625,25114.00708333333,24892.546848958333,0.0088966482907018,-355.3995928250588,-192.24891652482648,1894200,1.0145987160842982,True,False,False,False,True,0.0012726693501496,0.0198525066805119,-0.0260880873272041,0.0719013624296198,0.1061340102665182,-0.0260880873272041,0.0511583166419631,0.1061340102665182,-0.0260880873272041,0.0675746121101739,0.1061340102665182,-0.0260880873272041,183.15225219726562,180.72726379394533,BULL_ABOVE_SMA200
7733,2022-10-12,2762.94189453125,2823.027841796875,2748.043014322917,2731.538323567708,0.0060422695200013,-10.495905121555095,-13.152774314892806,3476400,0.7881018474962622,True,True,False,False,True,0.0655596310332853,0.0773223022849514,-0.0038055888800576,0.0617540322046195,0.0773223022849514,-0.0038055888800576,0.0294067072486461,0.086317233969043,-0.0038055888800576,-0.0787060363117113,0.086317233969043,-0.1022314736566115,178.9270782470703,180.66412910461426,BEAR_BELOW_SMA200
7269,2022-10-13,1071.1680908203125,1105.90732421875,1060.9861938476563,1051.4307950846355,0.0090879959077587,-7.854809734789569,-3.909648237039917,8720400,1.144520596488373,True,False,False,False,True,0.0132148012611725,0.0294626420524557,-0.0064992431499757,0.0350952346601582,0.0524264931159468,-0.0119150783312637,0.1230502441649916,0.2287695012078243,-0.0119150783312637,0.0084488802233706,0.2287695012078243,-0.0119150783312637,177.64114379882812,180.61357223510743,BEAR_BELOW_SMA200
3382,2022-10-14,1716.7486572265625,1766.6269580078124,1692.3138736979167,1686.5438818359376,0.0034211928453933,-16.9213244285595,-3.3180403626510704,9552300,1.2361188484734371,True,False,False,False,True,-0.0008908100021296,0.0270798519836661,-0.0131837741506858,-0.0183503447373557,0.0270798519836661,-0.0334937173118241,-0.0336718785830517,0.0270798519836661,-0.0336718785830517,-0.0032067880177237,0.0293960524345644,-0.0411544834332415,181.5907745361328,180.5959886932373,BULL_ABOVE_SMA200
5802,2022-10-14,342.9506225585937,346.7813977050781,340.6786991373698,339.5182531738281,0.0034179192214078,-2.393820107272518,-2.173554981955512,11613600,1.1536650540892248,True,False,False,False,True,-0.0133724501028047,0.0091325382113416,-0.0163078709124162,-0.0097847391207857,0.0195695639973731,-0.0244618427899441,0.0267449891909505,0.049249844244039,-0.0244618427899441,0.0342467204007614,0.0619699855945643,-0.0244618427899441,181.5907745361328,180.5959886932373,BULL_ABOVE_SMA200
6762,2022-10-14,884.6327514648438,897.9555517578125,855.4435872395833,849.8964029947916,0.0065268946017948,-10.054572174081729,-7.358938726919874,18605000,1.5568158283946305,True,False,False,False,True,-0.0360551525984552,0.0159066172475856,-0.0392364887284933,-0.0445387666180275,0.0159066172475856,-0.0487805478983027,0.0498409563853512,0.0880169911630004,-0.0487805478983027,0.0042418070097862,0.0880169911630004,-0.0487805478983027,181.5907745361328,180.5959886932373,BULL_ABOVE_SMA200
6971,2022-10-14,1694.49755859375,1739.6204736328125,1692.7960953776042,1688.8964778645834,0.0023089736784527,-15.650749270218512,-8.846313849726165,6099600,1.1815663560815914,True,False,False,False,True,-0.0164110426354142,0.008878250683791,-0.0258272388902721,-0.0247510972296302,0.008878250683791,-0.0340327764422034,-0.0891848644985161,0.008878250683791,-0.1115145157138336,-0.0715629863549038,0.008878250683791,-0.1115145157138336,181.5907745361328,180.5959886932373,BULL_ABOVE_SMA200
8015,2022-10-14,1404.5992431640625,1409.9824365234374,1369.5849055989584,1364.0091764322915,0.0040877504807192,-3.789730905693205,-2.264407982003565,2808900,1.269197923303195,True,False,False,False,True,-0.0244160745291542,0.0084926515565553,-0.0276007881898336,-0.018046879162058,0.0254777955711378,-0.0276007881898336,0.0934182547794602,0.1125265778188546,-0.0276007881898336,0.1337579695331594,0.1422507109362263,-0.0276007881898336,181.5907745361328,180.5959886932373,BULL_ABOVE_SMA200
8058,2022-10-14,1235.43505859375,1257.187919921875,1231.0590559895834,1229.4342952473958,0.0013215515041904,-10.738015591146905,-8.329049430505027,15737400,1.3274776330723068,True,False,False,False,True,-0.016504912118588,-0.0046117652710582,-0.0228155675269073,-0.0271844274556937,0.0026698733209826,-0.0305824562141067,0.0429611279237649,0.0922329805901631,-0.0305824562141067,0.075242641702873,0.1463590944437411,-0.0305824562141067,181.5907745361328,180.5959886932373,BULL_ABOVE_SMA200
6971,2022-10-18,1697.2330322265625,1734.8035546875,1693.487400716146,1691.103181966146,0.0014098600105689,-14.888157083800252,-11.20228083820674,3938800,0.7828655247393297,True,False,False,False,True,-0.0008058267517075,0.0065807566024993,-0.0273973378992007,-0.0754767802287342,0.0065807566024993,-0.0800429902043621,-0.0777599080764857,0.0065807566024993,-0.1129465103599742,-0.0641955653204789,0.0065807566024993,-0.1129465103599742,181.95819091796875,180.5810718536377,BULL_ABOVE_SMA200
5803,2022-10-24,135.05577087402344,137.91925170898438,134.40751942952474,133.02654113769532,0.0103812237769902,-1.4157845312690256,-1.313965997104994,7756800,0.7257233797108446,True,False,False,False,True,0.0011374966599875,0.0102389365012063,-0.02389078436398,0.0398180321691918,0.0580205713408905,-0.02389078436398,0.2616608377683238,0.3026163817536582,-0.02389078436398,0.1535836285442968,0.3265072443896699,-0.02389078436398,180.7641143798828,180.51169944763183,BULL_ABOVE_SMA200
6762,2022-10-24,863.994384765625,880.7689965820313,862.9937882486979,856.3946508789063,0.0077057199773713,-9.16269606573792,-8.299641964407678,7072500,0.6147207029849482,True,False,False,False,True,0.0108578999079098,0.0249728958960564,-0.0260586226056629,0.0673181882274287,0.0879480247440185,-0.0260586226056629,0.0803475833453191,0.1140066203024234,-0.0260586226056629,-0.0456025296976112,0.1140066203024234,-0.0553745174481477,180.7641143798828,180.51169944763183,BULL_ABOVE_SMA200
8015,2022-10-24,1383.72412109375,1395.1503515625,1375.717140299479,1370.3000374348958,0.0039532239046886,-5.246298064982966,-3.7498264407366815,1423800,0.6426757845560107,True,False,False,False,True,0.0775861217198972,0.0883620358166898,-0.0118535854999042,0.1099137680067554,0.1163792852551923,-0.0118535854999042,0.1120691267444802,0.1293103627976684,-0.0118535854999042,0.063577524986176,0.1659483017167524,-0.0118535854999042,180.7641143798828,180.51169944763183,BULL_ABOVE_SMA200
8058,2022-10-25,1236.9344482421875,1237.86345703125,1235.28263671875,1231.7056005859374,0.0029041323926033,-10.480416576748668,-11.052914462122333,9096000,0.7431199518638659,True,True,False,False,True,0.0232725518596872,0.0235150056533524,-0.031757566691652,0.0453332178028409,0.090908995453274,-0.031757566691652,0.1413331356946094,0.1449694986069984,-0.031757566691652,0.0460604480405393,0.1449694986069984,-0.031757566691652,182.50929260253906,180.48996627807617,BULL_ABOVE_SMA200
8309,2022-10-28,456.6079711914063,458.84515380859375,456.11172159830727,454.79608846028646,0.0028927978305066,2.15959961132711,2.760577379125525,12756800,1.5148290996143103,True,False,True,False,True,0.0149894433479724,0.0383061959706947,0.0076137207430848,-0.0192717881745446,0.0563884853528311,-0.0192717881745446,0.0525816177242144,0.08065679956112,-0.0192717881745446,0.1149179963013287,0.1194386147673853,-0.0209373232640422,181.5448455810547,180.41310523986817,BULL_ABOVE_SMA200
3382,2022-11-01,1710.3255615234375,1718.7427001953124,1705.8761995442708,1701.6142854817708,0.0025046299263369,-11.206978474113155,-11.154149194561535,4464600,0.5945320786450645,True,False,False,False,True,-0.0026823948948064,0.0101931532753134,-0.0216379919968453,-0.0105507913182704,0.0262876710647961,-0.0300428513708562,-0.0073318175229196,0.0332619300837981,-0.0300428513708562,0.0121603139022254,0.0332619300837981,-0.0375535570038108,185.54039001464844,180.37649559020997,BULL_ABOVE_SMA200
5401,2022-11-01,326.5513916015625,327.41899658203124,321.8910290527344,319.5575606282552,0.0073021849956906,-1.7012066379074895,-0.6364105188318292,31399500,1.2602257003845958,True,False,False,False,True,0.0584135076365113,0.0653847206672113,0.0112981028946403,0.0680289102238451,0.0706731558962641,0.0112981028946403,0.0548075798032903,0.1055289127849385,0.0112981028946403,0.1031249567774621,0.1230769553841806,0.0112981028946403,185.54039001464844,180.37649559020997,BULL_ABOVE_SMA200
9983,2022-11-11,26361.732421875,26438.71,26329.98828125,26245.949921875,0.0032019553350195,49.70518911678664,133.33366997115525,2968500,1.4824747365030375,True,False,True,False,True,0.0020682797559523,0.021778728630946,-0.0066917900394736,-0.0257939290699179,0.021778728630946,-0.040880945814011,0.0208054155204109,0.0446525541099926,-0.040880945814011,-0.0285922857966096,0.0446525541099926,-0.0507360962453813,189.35223388671875,180.37438186645508,BULL_ABOVE_SMA200
8267,2022-11-16,874.714599609375,880.633515625,870.5285888671875,869.2441219075521,0.0014776826523907,-1.5794481721956115,0.2994605388722215,3570300,0.8248944708989208,True,False,False,False,True,0.041880080305211,0.0632772421391711,0.0020117013351916,0.0254206101264613,0.0632772421391711,0.0020117013351916,0.0435260552339755,0.0632772421391711,0.0020117013351916,-0.0771762608953645,0.0632772421391711,-0.0801023989205442,188.20408630371094,180.49544143676758,BULL_ABOVE_SMA200
9021,2022-11-17,2582.8134765625,2623.126923828125,2495.757861328125,2471.7912760416666,0.0096960392727165,-13.101510445231725,3.60447858447977,3479400,1.0078527586037094,True,False,False,False,True,0.0049304276578843,0.0123261580681712,-0.0114455526633239,-0.0024653083540122,0.0383870753246162,-0.0114455526633239,0.0315196682094418,0.0383870753246162,-0.0225392670809172,-0.0466632461194622,0.0383870753246162,-0.0693784676592728,188.52557373046875,180.537861328125,BULL_ABOVE_SMA200
7974,2022-11-22,5437.255859375,5459.5403515625,5403.96919921875,5402.579837239583,0.0002571663947639,-32.64861140969606,-32.58959289264148,5003200,0.7194475300986091,True,False,False,False,True,-0.0067407839791657,0.0192114636084637,-0.0166834873631542,-0.0256150150419828,0.0192114636084637,-0.0466800854302847,-0.0663969287414125,0.0192114636084637,-0.072800754169179,-0.067239549189529,0.0192114636084637,-0.0965622603443634,191.051513671875,180.7528646850586,BULL_ABOVE_SMA200
9022,2022-11-22,3215.236572265625,3260.68296875,3211.323541666666,3202.8470572916667,0.0026465467202694,-32.24241700554148,-27.778537934347806,3284000,0.8987288077612512,True,False,False,False,True,0.0045304306300968,0.0208397040077352,-0.0084566280920762,-0.023255815719358,0.0208397040077352,-0.0386590904290872,-0.0350347531198534,0.0208397040077352,-0.0543642604126012,-0.0365447447984218,0.0208397040077352,-0.079734186839666,191.051513671875,180.7528646850586,BULL_ABOVE_SMA200
9432,2022-11-22,139.74319458007812,141.8717254638672,137.76180236816407,137.62477864583337,0.0009956326446369,-1.3237838219597506,-0.815968103570496,132630000,0.8796769941218899,True,False,False,False,True,-0.0217670265259258,0.0071703273466581,-0.0217670265259258,-0.0473751966814476,0.0071703273466581,-0.055826088996876,-0.0440462710507839,0.0071703273466581,-0.055826088996876,-0.0192063732978388,0.0071703273466581,-0.055826088996876,191.051513671875,180.7528646850586,BULL_ABOVE_SMA200
8630,2022-11-25,1752.6671142578125,1797.3585791015626,1743.3806412760416,1741.0463167317707,0.0013407595891261,-13.597741376706152,1.0081232763593326,3977100,1.0441583604736795,True,False,False,False,True,-0.0524369632247838,0.0235293524862529,-0.0547899454110655,-0.0450420533047812,0.0235293524862529,-0.064874047424927,-0.0107562769325684,0.0235293524862529,-0.064874047424927,-0.0307563479738504,0.0235293524862529,-0.064874047424927,193.30184936523438,180.9235573577881,BULL_ABOVE_SMA200
9022,2022-11-25,3232.716064453125,3243.12591796875,3215.910869140625,3206.033486328125,0.0030808732518301,-24.44285283129466,-27.41336533178066,2121000,0.5903720095194355,True,True,False,False,True,-0.0324422890514873,0.0153199616996797,-0.0327426795236849,-0.0207269655594033,0.0153199616996797,-0.0438571191403441,-0.0426554833944493,0.0153199616996797,-0.0594773703154764,-0.0309403109460203,0.0153199616996797,-0.0847101200088169,193.30184936523438,180.9235573577881,BULL_ABOVE_SMA200
1925,2022-12-06,2724.1279296875,2756.68287109375,2706.6158203125,2705.375947265625,0.0004582997228641,13.157403598110704,28.64159359926577,1219100,0.7775814671420644,True,False,True,False,True,0.0182351218333562,0.0221426438870819,-0.002279201081094,0.0039075005009845,0.043959682054673,-0.0042331701161172,-0.0214913423769863,0.043959682054673,-0.0244219839472381,-0.0068380362551518,0.043959682054673,-0.0449364404379252,186.5048370361328,181.23248649597167,BULL_ABOVE_SMA200
4568,2022-12-06,4114.0849609375,4356.683466796875,4109.8278190104165,4072.384957682292,0.0091943324899801,-17.84172258007493,25.04060075565709,4045000,1.039863133959822,True,False,False,False,True,0.0267281582919576,0.0271889878064515,-0.014516129032258,-0.0052994749601396,0.0506913340159025,-0.021889337782208,-0.0951612493570226,0.0506913340159025,-0.0990783002256069,-0.0642857532823002,0.0506913340159025,-0.1011521193964832,186.5048370361328,181.23248649597167,BULL_ABOVE_SMA200
9434,2022-12-06,126.26293182373048,126.88160308837892,125.91098999023436,125.88434122721354,0.0002116924373678,0.1313064006129281,0.3716279126669845,53517000,0.6421772854249264,True,False,True,False,True,0.0044113021906657,0.0095012556715905,-0.0115372735171366,0.0071256986978787,0.0139122602889822,-0.0115372735171366,0.0128945012654433,0.0230742177921463,-0.0115372735171366,0.0010179742210278,0.0230742177921463,-0.0128946002101866,186.5048370361328,181.23248649597167,BULL_ABOVE_SMA200
8309,2022-12-15,463.1263122558594,464.2431469726562,461.0078393554688,460.9419315592448,0.0001429850306762,-1.615734537924311,-0.8622602334747067,6301600,0.6262920204815062,True,False,False,False,True,0.0856205664797651,0.1036829073098883,-0.0053951702336069,0.0731878145113744,0.1088436535854593,-0.0053951702336069,0.0975839503659892,0.1698334953982869,-0.0053951702336069,0.144733862103308,0.1698334953982869,-0.0053951702336069,188.80111694335938,181.48812553405762,BULL_ABOVE_SMA200
1925,2022-12-22,2715.2578125,2782.38955078125,2708.032415364584,2707.022223307292,0.0003731746450374,-0.0157931233247836,10.432850097530087,1297500,0.9262068350138306,True,False,False,False,True,-0.0124142936472998,0.0117608931518216,-0.0202548050980225,-0.0173147153096074,0.0117608931518216,-0.0282587833116617,0.0166611279430763,0.0166611279430763,-0.0418164694149797,0.015354402781734,0.0271152324380548,-0.0418164694149797,182.73892211914062,181.6879312133789,BULL_ABOVE_SMA200
1925,2022-12-26,2729.45068359375,2774.40611328125,2708.717509765625,2708.613834635417,3.827608383377701e-05,-7.366203724882325,4.179789710343609,1509000,1.0582641382405744,True,False,False,False,True,-0.0227494514675089,0.0035748703941551,-0.0259993701523525,-0.0266494213239378,0.0035748703941551,-0.03331174063668,0.012674521884501,0.0162495797037134,-0.0467989281256246,0.0181994717272087,0.0217743357587176,-0.0467989281256246,182.00408935546875,181.75929779052734,BULL_ABOVE_SMA200
5803,2022-12-26,155.02987670898438,166.95903381347657,151.38114095052083,150.90206705729167,0.0031747338029985,-0.7354871759870036,2.170227475816268,7517400,0.5868274130695443,True,False,False,False,True,-0.0465809281421979,0.0069375689177737,-0.0495541685853471,-0.0247770726841769,0.0069375689177737,-0.0644203708010929,-0.0148661845556089,0.0069375689177737,-0.0991079851510492,-0.0445985536668268,0.0069375689177737,-0.1100099365144111,182.00408935546875,181.75929779052734,BULL_ABOVE_SMA200
9202,2022-12-27,2699.52783203125,2722.802783203125,2681.836015625,2670.20486328125,0.0043559026139505,-13.190966144487902,-5.8864548544792274,3098300,1.36494999779726,True,False,False,False,True,-0.0419213031503448,0.0033187968466081,-0.0434933557067069,-0.0323143171196207,0.0033187968466081,-0.0555458295100692,0.0061135365650062,0.0124017461685375,-0.0555458295100692,-0.0284715950579464,0.0256768922326773,-0.0555458295100692,183.01446533203125,181.8133893585205,BULL_ABOVE_SMA200
1925,2022-12-28,2714.37060546875,2765.925927734375,2710.089143880208,2707.8550162760416,0.000825054366182,-11.153102037697863,-1.147533116845682,831100,0.5802616099449481,True,False,False,False,True,-0.0236927982592649,0.0006536333310578,-0.027941164325417,-0.0405228896906673,0.0006536333310578,-0.0415032818333539,0.0133987380174709,0.0228757609102956,-0.0415032818333539,0.0271242416169292,0.0297385834582186,-0.0415032818333539,182.64706420898438,181.88873191833497,BULL_ABOVE_SMA200
6920,2023-01-06,21176.689453125,23423.57515625,20920.330169270837,20734.725950520835,0.008951370719483,-815.2091758513452,-537.2692749173833,9423800,0.8227446940396889,True,False,False,False,True,0.1579662927203362,0.1802086872100643,0.0190648380419349,0.178166035122087,0.2149342007540187,0.0190648380419349,0.0381297979749069,0.2256014075891677,-0.0040855108816362,-0.0197458788199915,0.2256014075891677,-0.0399456261558549,179.8915252685547,182.20909797668457,BEAR_BELOW_SMA200
9104,2023-01-06,2518.367431640625,2628.65052734375,2452.2312565104166,2446.213564453125,0.0024600027343226,-10.27128472833556,20.71810334127598,8431000,1.222700077370477,True,False,False,False,True,0.0,0.030015914746762,-0.0189573535267296,0.0663508037094267,0.0695103616463435,-0.0189573535267296,0.0489731060849523,0.0758293654541129,-0.0189573535267296,0.1311217109686229,0.1690363196325193,-0.0189573535267296,179.8915252685547,182.20909797668457,BEAR_BELOW_SMA200
8766,2023-01-10,2448.7060546875,2516.2526171875,2437.726767578125,2422.7838411458333,0.0061676680265558,-4.920383486207811,10.15304809580001,5340000,1.0105884690720186,True,False,False,False,True,-0.0069380552149074,0.0136936940376288,-0.0162497226508404,0.0122331229623426,0.0142414537546475,-0.0189882661732508,-0.0041991445577722,0.0197189397021793,-0.0407156357715435,0.058426205645121,0.0748587324764007,-0.0407156357715435,180.21298217773438,182.25590675354005,BEAR_BELOW_SMA200
8001,2023-01-11,739.0040893554688,761.864931640625,734.8076000976563,731.4893977864583,0.0045362274849629,-8.220301971067443,-3.480765431515465,9900500,0.8390929778244859,True,False,False,False,True,0.0147966074551841,0.0246609730197546,-0.0140568103913776,0.026140576814549,0.0389641692915527,-0.0140568103913776,0.0039457895184138,0.0424167355161895,-0.0140568103913776,0.0742293239183891,0.0759555425742213,-0.0140568103913776,182.14187622070312,182.30115226745605,BEAR_BELOW_SMA200
6301,2023-01-12,2557.01708984375,2594.447529296875,2533.120162760417,2527.9462369791668,0.002046691383529,-40.26202745532328,-37.630300355326334,2951400,1.148313072303571,True,False,False,False,True,0.0093616849008673,0.0284254869466109,-0.0085106279918745,0.0648511267725855,0.0658724034286974,-0.0085106279918745,0.066893702245143,0.0880000419996565,-0.0085106279918745,0.1645957976776146,0.1911488948365032,-0.0085106279918745,183.01446533203125,182.32812103271485,BULL_ABOVE_SMA200
8015,2023-01-12,1477.6622314453125,1507.961083984375,1475.5216845703126,1475.3118408203125,0.0001422368777868,-20.991436836437288,-19.84876056854409,1540800,0.8268001738598496,True,False,False,False,True,0.0252270774850311,0.0514632137671096,-0.0272452913153872,0.0877901040800548,0.0938445945923878,-0.0272452913153872,0.1261352222042957,0.14228053364407,-0.0272452913153872,0.1342079134348432,0.1745712163127402,-0.0272452913153872,183.01446533203125,182.32812103271485,BULL_ABOVE_SMA200
8015,2023-01-17,1494.0640869140625,1497.702421875,1478.6405224609375,1474.526212565104,0.0027902589053849,-14.734457474726923,-18.496223386861278,1701900,0.8760645813869092,True,True,False,False,True,0.0618763722618798,0.0698603562221631,9.738279005411245e-08,0.0898203690662913,0.0998003847107238,9.738279005411245e-08,0.1217565638370528,0.1417165986723416,9.738279005411245e-08,0.0878243517866479,0.1616767578377314,9.738279005411245e-08,182.46336364746094,182.33843978881836,BULL_ABOVE_SMA200
8058,2023-01-17,1292.408935546875,1298.142333984375,1286.7940152994793,1284.958203125,0.0014286940773751,-7.988053145567164,-9.75348445205163,9393900,0.9120127454021456,True,True,False,False,True,0.0348027384212989,0.0431554064936712,-0.0097447358925695,0.0060325401462528,0.0431554064936712,-0.0097447358925695,0.0779581302856391,0.091415378970791,-0.0183294363000726,0.1069605854649682,0.1890951574493986,-0.0183294363000726,182.46336364746094,182.33843978881836,BULL_ABOVE_SMA200
2914,2023-01-17,2159.876953125,2243.27908203125,2153.7893310546874,2138.0212646484374,0.007375074638859,-24.92762550428688,-11.494517319386594,3524100,0.4975711620230127,True,False,False,False,True,0.0391584309725399,0.0416910630690234,0.002337766653931,0.0344827586206897,0.0450028608118868,0.002337766653931,0.0598091570609944,0.0601987927805021,0.002337766653931,0.0703291655250182,0.0929280794530968,0.002337766653931,182.46336364746094,182.33843978881836,BULL_ABOVE_SMA200
8001,2023-01-17,740.8265380859375,757.7607690429687,738.6376066080729,733.955478515625,0.0063793080500158,-7.860451541105931,-6.216995334600554,9546000,0.8451564637293658,True,False,False,False,True,0.0339482712625502,0.0364082957719296,-0.0029521345832081,0.0290282295610817,0.0398523686116651,-0.0029521345832081,0.0246002908952616,0.0398523686116651,-0.0132840919473691,0.0150062178161896,0.0733086695050255,-0.0132840919473691,182.46336364746094,182.33843978881836,BULL_ABOVE_SMA200
8113,2023-01-18,1551.9447021484375,1594.3077099609377,1548.3048470052083,1544.631197916667,0.0023783341249978,-21.18020239473708,-16.381105563121384,3000600,0.9934396432278346,True,False,False,False,True,0.0094184691884575,0.0243652166633103,-0.0200655410479946,0.0051186409188761,0.0296886620863225,-0.0200655410479946,0.040745171424052,0.0810810904021446,-0.0200655410479946,0.0687959151552781,0.0810810904021446,-0.0200655410479946,185.54039001464844,182.33993171691895,BULL_ABOVE_SMA200
8766,2023-01-18,2473.296142578125,2509.88599609375,2450.68947265625,2439.8614225260417,0.0044379775139022,-16.392437950176827,-7.853663468100381,5410800,1.031670066924705,True,False,False,False,True,0.0028924189346339,0.0028924189346339,-0.0287417139473571,-0.0054228659822531,0.0095806558471476,-0.0287417139473571,0.0113883443078168,0.0140998412094464,-0.0502530649626518,-0.0571221645741164,0.0845987574494808,-0.0685104553058737,185.54039001464844,182.33993171691895,BULL_ABOVE_SMA200
8001,2023-01-20,743.1956787109375,753.6784692382812,742.5566512044271,736.525938313802,0.0081880522828996,-5.955657222718401,-6.259206749504605,9449500,0.8261839864830897,True,True,False,False,True,0.0313879550787836,0.0365375531989149,0.0080923107748815,-0.0156938954141077,0.0365375531989149,-0.0164295202781095,0.0139775591018713,0.0365375531989149,-0.0164295202781095,0.006620940403488,0.0698872029317811,-0.0213339496315381,184.7596435546875,182.3356657409668,BULL_ABOVE_SMA200
8058,2023-01-20,1293.0086669921875,1293.140625,1289.4862727864584,1285.7048307291666,0.0029411432289223,-5.50979390499424,-7.853930445385684,8399100,0.7997851775356264,True,True,False,False,True,0.0313080402446035,0.0426715635654739,0.0006957029422192,-0.0032467842052081,0.0426715635654739,-0.0187847609402067,0.0890538028140559,0.0909091517973961,-0.0187847609402067,0.0663265021935217,0.1885436238242992,-0.0187847609402067,184.7596435546875,182.3356657409668,BULL_ABOVE_SMA200
8113,2023-01-23,1560.8419189453125,1580.0467236328125,1550.1995930989583,1546.3212483723958,0.002508110608093,-17.768135560010933,-17.746160009743004,2649900,0.9035993596137224,True,False,False,False,True,0.0008143016139705,0.0185260606916473,-0.0052931631660626,0.0132329486829656,0.0238191610505889,-0.0067181812043318,0.0299266792253061,0.0749186387665494,-0.0067181812043318,0.0643321737434341,0.0952769937672901,-0.0067181812043318,186.5048370361328,182.33861755371095,BULL_ABOVE_SMA200
9434,2023-01-23,126.73419952392578,126.86617767333983,126.3817485555013,126.24646759033205,0.0010715623791412,-0.3527811434786372,-0.2858675673685134,48873000,0.7630963227010734,True,False,False,False,True,0.0037188529137235,0.0108181473357489,0.0016903571379234,0.0246789159551281,0.0246789159551281,-0.0094656894348329,0.0361732567068029,0.0459771981045886,-0.0094656894348329,0.0513860289724377,0.0561189908784482,-0.0094656894348329,186.5048370361328,182.33861755371095,BULL_ABOVE_SMA200
8766,2023-01-24,2478.661376953125,2494.5955859375,2458.667535807292,2448.090126953125,0.00432067787771,-17.91594056730264,-14.986777030579594,3926400,0.82158330133614,True,False,False,False,True,-0.0209236119585953,0.0073953485318964,-0.0209236119585953,-0.0162336789296374,0.0073953485318964,-0.0523088580414454,0.0461760670693418,0.0515873225886662,-0.0523088580414454,-0.0723304588963789,0.0822510682529422,-0.0791846657559637,189.07669067382812,182.35465286254882,BULL_ABOVE_SMA200
9104,2023-01-31,2550.1953125,2592.04865234375,2524.181350911458,2500.055953776042,0.0096499428738696,-3.913389889273276,4.685902699934152,17256900,2.154130375761056,True,False,False,False,True,0.0296410929003598,0.0468017637102748,0.0062402127170719,0.0530421421459752,0.0561622670115931,0.0062402127170719,0.0936037183120166,0.1544460847124062,0.0062402127170719,0.1651382400245078,0.1718731431460369,0.0062402127170719,189.3981475830078,182.51191146850587,BULL_ABOVE_SMA200
6702,2023-02-08,1729.1324462890625,1751.613251953125,1724.43478515625,1710.5391764322917,0.008123525561654,4.505324703291535,11.866163911535672,5168000,0.8089282639660651,True,False,True,False,True,-0.0121814581279716,0.0105205346988743,-0.0163342827154381,-0.04374300611512,0.0105205346988743,-0.0503875248913902,0.0263013488195207,0.0323922504585809,-0.0503875248913902,-0.045548505889812,0.0323922504585809,-0.0503875248913902,190.1329803466797,182.83944061279297,BULL_ABOVE_SMA200
6861,2023-02-24,56690.359375,58125.17140625,55856.38364583333,55731.2090625,0.00224604105023,225.08436488152077,737.5332204664054,473900,1.0701502817076338,True,False,True,False,True,0.0329479659653331,0.0384680619758357,-0.017422809837804,0.0379505388785517,0.073141321080866,-0.017422809837804,0.0727506027121565,0.0884882415522614,-0.017422809837804,0.0779388746378006,0.1208281993101985,-0.017422809837804,190.59222412109375,183.4891265106201,BULL_ABOVE_SMA200
6981,2023-02-24,2287.26611328125,2333.695498046875,2280.605686848958,2275.59056640625,0.0022038764427767,5.96836378913622,21.07517165745961,5084100,0.8525376918549373,True,False,True,False,True,0.0262300555406003,0.0337048803995971,-0.0104646871644845,0.0434901877988294,0.0631965533204625,-0.0104646871644845,0.0588476963897222,0.0744768454538866,-0.0104646871644845,0.0601591991667522,0.1105189902754453,-0.0104646871644845,190.59222412109375,183.4891265106201,BULL_ABOVE_SMA200
6758,2023-02-24,2219.1396484375,2277.261181640625,2185.303513997396,2171.068181966146,0.0065568332443426,5.274175525454211,25.68486304821132,15824500,0.9593251472375716,True,False,True,False,True,0.0167326468635129,0.019814989231657,-0.0123296059409137,0.030382978517417,0.0678114046377058,-0.0123296059409137,0.008366268423811,0.0678114046377058,-0.0264200642449206,0.0856801556416808,0.0936337986443751,-0.0264200642449206,190.59222412109375,183.4891265106201,BULL_ABOVE_SMA200
6981,2023-03-01,2293.172607421875,2330.32587890625,2280.970432942708,2278.8358821614584,0.0009366847336216,-1.0259283591785788,10.96927336945398,3587700,0.6199954896222429,True,False,False,False,True,0.0374135178569623,0.0441913734910446,-0.009353442090199,0.0161311254802196,0.0604580921195065,-0.009353442090199,0.0767267816372798,0.0811065351588788,-0.0098956779749171,0.0488061378699828,0.1076586413039437,-0.0098956779749171,191.6485137939453,183.68686515808105,BULL_ABOVE_SMA200
4689,2023-03-03,345.1219177246094,362.30464599609377,344.7281921386719,343.78655110677084,0.0027390281233212,-1.8811667590778145,1.9253706656293643,12079000,0.5727168846932534,True,False,False,False,True,0.0087193732754264,0.028337719975011,0.0049045928784619,0.0362396879287254,0.0384195742055288,-0.0326975129526312,0.0609536424895138,0.0670383102415932,-0.0326975129526312,-0.0325298845030331,0.0731230540966674,-0.0344658804709397,193.62335205078125,183.87148803710937,BULL_ABOVE_SMA200
5020,2023-03-15,412.0178833007813,416.5691418457032,409.57269083658855,409.4091284179688,0.0003995084800669,1.646179073154144,3.017710165552223,13259000,0.8496790873783981,True,False,True,False,True,0.0008628989166878,0.0017258845947467,-0.0312838097652615,0.0150931019786531,0.0248111214263948,-0.0312838097652615,0.0396090601275371,0.0711926586419535,-0.0312838097652615,0.0654501791792934,0.1197828810777192,-0.0312838097652615,187.8826141357422,184.5206632232666,BULL_ABOVE_SMA200
6178,2023-03-15,995.0084228515624,1035.482712402344,973.2158260091146,965.7500227864584,0.0077305752487744,6.0112658037051006,17.091161565250335,16621300,1.5367283559679477,True,False,True,False,True,-0.0477638073543121,-0.0238818644054193,-0.0594877335096365,-0.0306042404781975,-0.0238818644054193,-0.0612245750122676,-0.0151449330391729,-0.0033228303284895,-0.0612245750122676,-0.0356058298324805,0.0380537462750321,-0.0612245750122676,187.8826141357422,184.5206632232666,BULL_ABOVE_SMA200
8031,2023-03-15,1794.3067626953125,1809.610556640625,1775.2433463541668,1769.1916373697916,0.0034206068220918,21.689201812880583,26.807117165220628,8435800,0.9899605109519032,True,False,True,False,True,-0.0515463643994973,-0.0329393694118383,-0.0683933336122685,-0.0191770697262207,-0.0158435538847673,-0.0696504172883101,0.0651865121623223,0.0746742109947742,-0.0696504172883101,0.0944189184528077,0.1246770313800464,-0.0696504172883101,187.8826141357422,184.5206632232666,BULL_ABOVE_SMA200
8725,2023-03-15,1231.7850341796875,1267.210322265625,1211.2169677734375,1204.3571207682292,0.0056958578870964,5.212986155068847,16.235752295167295,5291400,1.1782113071679308,True,False,True,False,True,-0.0380131056232206,-0.0163245721968997,-0.0562034464740964,-0.0251522602359004,-0.0153560253510083,-0.0562034464740964,0.0171390069531769,0.0212008580063307,-0.0562034464740964,0.1115175105836683,0.1196412706943315,-0.0562034464740964,187.8826141357422,184.5206632232666,BULL_ABOVE_SMA200
8015,2023-03-17,1586.5113525390625,1662.3775048828124,1583.9863688151042,1579.8908675130208,0.0025922684827783,-4.416985141341456,11.375806399748456,3000600,1.4268595395018402,True,False,False,False,True,0.0112781697447683,0.0150375451144606,-0.0225563763882358,0.079067141730813,0.0848170836432384,-0.0225563763882358,0.0905669831136377,0.0982336079508046,-0.0225563763882358,0.1729824360812795,0.176815688619726,-0.0225563763882358,188.02037048339844,184.6154364013672,BULL_ABOVE_SMA200
7182,2023-03-20,997.8250122070312,1025.3021313476563,984.2196468098958,979.3796012369792,0.0049419505642178,-5.988629853200678,2.441793048752746,108796600,5.945499162931714,True,False,False,False,True,-0.0295909101613525,-0.0008702520117983,-0.0313315542686862,0.0007323056464667,0.0080236157058217,-0.0400348930969954,0.0062006812302024,0.0089349222118064,-0.0400348930969954,-0.0229644982846908,0.0134920140701622,-0.0400348930969954,185.21890258789062,184.6491683959961,BULL_ABOVE_SMA200
9101,2023-03-22,2711.62353515625,2829.53771484375,2657.044453125,2638.113466796875,0.0071759560634481,-2.245890069022608,33.23618644109266,10861500,0.6343565251291097,True,False,False,False,True,-0.0060920282241255,0.0149255883521854,-0.0197988280578607,0.0331117575613519,0.0475721087558345,-0.0314777541958245,0.1076627762606905,0.1246940008384689,-0.0314777541958245,-0.0256936960297331,0.1246940008384689,-0.045295485287507,188.25001525878906,184.68236503601074,BULL_ABOVE_SMA200
8015,2023-03-27,1604.404296875,1644.1266845703126,1585.8154329427084,1583.9863688151042,0.0011547221387848,-16.818628886844408,-6.82338270859028,1579200,0.6955372774419449,True,False,False,False,True,0.0670329628524994,0.0727187791634325,-4.8752380465977296e-08,0.0367089493642378,0.085985677143592,-4.8752380465977296e-08,0.0840903488322548,0.0973572121841772,-4.8752380465977296e-08,0.1826439823240468,0.1997014461111057,-4.8752380465977296e-08,188.2959442138672,184.77086219787597,BULL_ABOVE_SMA200
8053,2023-03-27,505.3837890625,516.3288330078125,503.1581473795573,502.60576700846354,0.0010990330938331,-4.794446305212716,-1.9747307431292869,12808800,0.5850690638017979,True,False,False,False,True,0.056755216777163,0.0585383936879873,0.0063057990847008,0.0282241702140815,0.0658939565498284,0.0063057990847008,0.08840635404328,0.1151542052793355,0.0063057990847008,0.1804629787077811,0.2065419078156947,0.0063057990847008,188.2959442138672,184.77086219787597,BULL_ABOVE_SMA200
3382,2023-03-28,1832.85888671875,1864.5110791015625,1813.2670979817708,1804.8757161458332,0.0046492851340791,-16.211665765010594,-6.906085477166361,6258000,0.9284542749622232,True,False,False,False,True,-0.0008431691972842,0.0177064707978098,-0.0126476656062388,-0.0310286264600613,0.0177064707978098,-0.0843170769154245,0.0126476045603065,0.0219224642814162,-0.0843170769154245,0.0404722546717302,0.1070825292126778,-0.0843170769154245,188.80111694335938,184.800986328125,BULL_ABOVE_SMA200
8604,2023-03-31,445.0783996582031,451.58919921875,440.9999405924479,439.6784293619792,0.0030056312573405,-7.120500641211947,-7.775651001378249,12760100,0.9174868678530868,True,True,False,False,True,-0.016676529993255,0.0168726147864417,-0.0245242354417918,-0.0107906918446505,0.0168726147864417,-0.0245242354417918,-0.0466941605609692,0.0437511644680093,-0.0582695322344212,-0.0406120843818046,0.0437511644680093,-0.0647439833399912,194.6337127685547,184.92618675231932,BULL_ABOVE_SMA200
8309,2023-04-03,515.4874877929688,527.5213745117187,515.3592569986979,512.1223551432291,0.0063205634805054,-8.257326010829274,-7.781037421349313,11160000,0.6788750626560318,True,False,False,False,True,-0.0094991597546078,2.0085000107528122e-07,-0.0267702965095779,0.028497420062429,0.029145088462972,-0.0267702965095779,0.070164071928747,0.0738342710872608,-0.0267702965095779,0.0822539439080995,0.1314769305450123,-0.0267702965095779,195.82777404785156,184.97508087158204,BULL_ABOVE_SMA200
8591,2023-04-03,2001.594482421875,2024.111049804688,1991.8070149739583,1990.248898111979,0.0007828753797864,-32.64496477109742,-36.21781049462944,4988900,0.8998713026570094,True,True,False,False,True,-0.0216021626313299,0.0006751487667666,-0.0342033427376394,0.0463546457286068,0.0522052308445086,-0.0342033427376394,0.0479298059615802,0.0571557286681347,-0.0342033427376394,0.0726822890588569,0.0999099438289004,-0.0342033427376394,195.82777404785156,184.97508087158204,BULL_ABOVE_SMA200
6178,2023-04-03,986.2731323242188,1003.2312768554688,980.8994360351562,976.3957063802084,0.0046126069845642,-14.177652920502284,-14.300246427299276,8247700,0.6669240768106479,True,True,False,False,True,-0.0077981451812381,0.0055046073799009,-0.0247706996369254,0.0064218927057753,0.0073393237839027,-0.0247706996369254,0.0330275221409313,0.0362385245387173,-0.0247706996369254,-0.0901835554073899,0.0472476508431727,-0.1022936572798836,195.82777404785156,184.97508087158204,BULL_ABOVE_SMA200
7182,2023-04-03,1001.283935546875,1007.9887158203124,995.296034342448,988.9786376953124,0.0063877988930653,-10.449478232086337,-10.071701395605102,23801700,0.937917451820888,True,False,False,False,True,-0.001816515367598,0.0045414102217458,-0.0108991676390485,-0.0054494851459027,0.0045414102217458,-0.0172569948017889,-0.0136239262138772,0.0099909180695578,-0.0217983665514925,-0.0572205998206891,0.0099909180695578,-0.0635784570473319,195.82777404785156,184.97508087158204,BULL_ABOVE_SMA200
8316,2023-04-04,1633.3201904296875,1640.466806640625,1625.3559488932292,1610.0922639973958,0.0094800063556221,-25.693202834489966,-33.50075832411204,22750200,0.5826413088031974,True,True,False,False,True,-0.0038708060195696,0.0018433226064809,-0.02709672229217,0.0418432994705071,0.0457142671436989,-0.02709672229217,0.0353917318919752,0.0608295836152477,-0.02709672229217,0.0488479994893931,0.0693088176306424,-0.02709672229217,196.2870330810547,185.03882400512694,BULL_ABOVE_SMA200
9101,2023-04-04,2775.26953125,2797.5803515625,2681.9137337239586,2668.321559244792,0.005093904230573,-14.7774197408894,-8.8280630268722,14038400,0.8839172322429816,True,False,False,False,True,0.0401883298215686,0.0445839339922604,-0.0197803317245368,0.0923076868941501,0.0989010934548793,-0.0197803317245368,-0.0254317042685887,0.0989010934548793,-0.0345369630650206,-0.0552589205158845,0.0989010934548793,-0.0802198090275578,196.2870330810547,185.03882400512694,BULL_ABOVE_SMA200
6178,2023-04-07,984.9157104492188,990.8428198242189,984.1954272460938,979.7658455403646,0.0045210615637312,-8.630324724793809,-11.922235648308014,6433800,0.5188393572127283,True,True,False,False,True,-0.0041340759065937,0.0068904051034932,-0.0133208986485841,0.0252640863999618,0.0312356597244631,-0.0133208986485841,0.0385853281608272,0.0486909792972882,-0.0133208986485841,-0.0814881632168936,0.0486909792972882,-0.1010564283332778,190.63816833496094,185.24366439819335,BULL_ABOVE_SMA200
6301,2023-04-10,2754.371337890625,2858.8887890625,2741.972555338541,2734.4538671875,0.0027496123599901,-9.516122949666167,5.232837715942247,1981300,0.5811934221565142,True,False,False,False,True,0.0510996148256877,0.0646830998653382,0.0064683301651202,0.0585381635459614,0.0669469511526679,0.0064683301651202,0.0666235888353961,0.1157825989313832,0.0064683301651202,0.1326003011016312,0.1597672616193248,0.0064683301651202,191.74037170410156,185.31986656188965,BULL_ABOVE_SMA200
6367,2023-04-12,21426.45703125,21804.217578125,21304.381614583333,21254.657682291665,0.0023394369852918,-152.12033590480132,-48.14433069685814,714100,0.952190464761219,True,False,False,False,True,0.0331407049513297,0.0455961743281865,-0.0024465603001414,0.0471531162280569,0.0558274985835092,-0.0024465603001414,0.1692615711482572,0.1703736707974377,-0.0024465603001414,0.2806939726422484,0.3176157232549381,-0.0024465603001414,194.77149963378906,185.5331217956543,BULL_ABOVE_SMA200
6326,2023-04-14,1794.1475830078125,1796.5016748046876,1793.2795166015626,1789.1533138020834,0.0023062320974107,-15.82682376227649,-17.31651790420993,2932600,0.953012326180704,True,True,False,False,True,0.0263967923594896,0.0351101217607869,0.0015375832485922,0.0497180605044735,0.054843594382659,0.0015375832485922,0.0107636203511893,0.0909789755314862,-0.0094824055128431,0.0958481341617918,0.0994360373138651,-0.0210149092104366,195.91961669921875,185.73527336120605,BULL_ABOVE_SMA200
8035,2023-04-20,14528.072265625,14799.3059765625,14353.207877604167,14203.044739583333,0.0105726019155834,-67.41688528965278,-4.60057931837493,3955300,1.124447413682819,True,False,False,False,True,-0.0126663451805926,0.0347516415088442,-0.0263071390958606,0.0373498344328793,0.0389737383690609,-0.0263071390958606,0.1809028667962737,0.2289705803001509,-0.0263071390958606,0.2991230743604818,0.3380969165782932,-0.0263071390958606,197.80259704589844,186.13681678771974,BULL_ABOVE_SMA200
6762,2023-04-24,865.2987670898438,873.6726318359375,863.2929915364583,858.8212320963542,0.0052068571117982,-0.423772198239817,0.3154836548127862,5397000,0.6264691031288632,True,False,False,False,True,0.0581140441368113,0.0745614126985234,-0.0186403405284359,0.0668859646802526,0.0855263202935465,-0.0186403405284359,0.1447368300398073,0.168859703877872,-0.0186403405284359,0.1938597966926134,0.2607457140555929,-0.0186403405284359,197.61888122558594,186.33229347229005,BULL_ABOVE_SMA200
6273,2023-04-27,64305.57421875,65287.44703125,63977.925416666665,63232.06234375,0.0117956467853588,-89.91673664969858,74.69958289676751,184500,1.0453553925040369,True,False,False,False,True,0.0379370907714977,0.0509780250021179,-0.0090398008829389,0.0769116474945947,0.077504415705683,-0.0090398008829389,0.1194427096649803,0.1287789483782977,-0.0090398008829389,0.1590101387862044,0.2384409987131632,-0.0090398008829389,197.06777954101562,186.64378005981445,BULL_ABOVE_SMA200
6954,2023-04-27,4280.7548828125,4311.83919921875,4252.238450520833,4210.826617838542,0.0098346088406622,-2.248822913267759,3.949712149333992,5652600,1.6901155776415344,True,False,False,False,True,0.0131405479602682,0.0313182238258895,-0.0151117331315657,0.0019711449293975,0.0313182238258895,-0.0181779091218693,0.0595707578408359,0.0744635074004631,-0.0181779091218693,0.0825666882552338,0.1681996659147249,-0.0181779091218693,197.06777954101562,186.64378005981445,BULL_ABOVE_SMA200
8035,2023-04-28,14622.44140625,14687.187265625,14508.1173828125,14389.181861979168,0.0082656207958284,-73.74697972220747,-56.39850727557382,3083800,0.9331148662040126,True,False,False,False,True,0.0087124617153908,0.032268492911218,-0.0093578362874433,0.1242335397886116,0.1345594506018248,-0.0093578362874433,0.2465311105441789,0.3294612139222044,-0.0093578362874433,0.3062278523619917,0.3294612139222044,-0.0093578362874433,199.7314910888672,186.76397262573244,BULL_ABOVE_SMA200
7269,2023-04-28,1101.7308349609375,1101.97076171875,1091.7574747721353,1084.693008626302,0.0065128714665358,-3.514367689352184,-2.973864094534072,7282400,1.559701013043199,True,False,False,False,True,0.0306449180693686,0.0387316296239799,0.0129813679370183,-0.0200042568849463,0.0487337983258098,-0.0217067467752657,-0.0206426788282242,0.0487337983258098,-0.0368164721357918,0.0727814311177403,0.0934240481360726,-0.0368164721357918,199.7314910888672,186.76397262573244,BULL_ABOVE_SMA200
7733,2023-04-28,2279.143310546875,2308.516943359375,2274.879619140625,2273.43916015625,0.0006336034892069,9.00317279015735,24.064830682666493,6309900,1.4037737863894078,True,False,True,False,True,0.0255544209223179,0.0485742678133305,0.0042238554774574,-0.0958816741187896,0.0485742678133305,-0.0977824134163676,-0.105596606712256,0.0485742678133305,-0.1129883702931464,-0.0580781417257011,0.0485742678133305,-0.1129883702931464,199.7314910888672,186.76397262573244,BULL_ABOVE_SMA200
4063,2023-05-01,3741.784423828125,3836.468115234375,3650.97083984375,3603.320087890625,0.0132241240830257,-6.167352470991318,15.134442800916306,7639600,1.1954479839451069,True,False,False,False,True,0.00327533974334,0.0249432688988024,-0.0068028541854774,0.0425799386403116,0.0466111805490223,-0.0093223364428267,0.0849078276894255,0.1400856592829389,-0.0093223364428267,0.2060971598650141,0.2383471483682142,-0.0093223364428267,201.6144256591797,186.9023218536377,BULL_ABOVE_SMA200
6857,2023-05-01,2648.567626953125,2817.230029296875,2639.6540950520834,2598.3890234375,0.0158810213722317,-20.26224545620244,10.702268440976123,8599600,0.8931512881710111,True,False,False,False,True,0.0910781208851003,0.1161710589293061,0.0065056093550885,0.3308551488021467,0.3438663024915533,0.0065056093550885,0.6719331544642948,0.7044609619396198,0.0065056093550885,0.7681229342253004,0.8833643552436206,0.0065056093550885,201.6144256591797,186.9023218536377,BULL_ABOVE_SMA200
9101,2023-05-10,2797.053466796875,2844.66419921875,2772.0907096354167,2757.380716145833,0.0053347705681152,-18.515965105994383,-0.3089161926857926,19760200,1.679485076447245,True,False,False,False,True,-0.0688473876186845,-0.0009346124012874,-0.07445486403985,-0.0570093685537349,-0.0009346124012874,-0.07445486403985,-0.0557633761323365,-0.0009346124012874,-0.0873832160325663,0.0532709548648737,0.0591899575689354,-0.0873832160325663,202.4410858154297,187.35583953857423,BULL_ABOVE_SMA200
4568,2023-05-11,4293.85693359375,4437.6890625,4239.239501953125,4212.281328125,0.0063998987076498,-16.75374156093585,19.81537877639944,4234700,1.1044042379788102,True,False,False,False,True,0.0764119661776072,0.0828350005436875,-0.0022147976149867,0.014617881036669,0.1032114597760973,-0.0022147976149867,0.0498337525482386,0.1032114597760973,-0.0155039029709189,-0.090365516961402,0.1433000091221121,-0.1410853090720268,202.07369995117188,187.47042457580565,BULL_ABOVE_SMA200
8113,2023-05-11,1659.6656494140625,1712.998603515625,1650.4378238932293,1639.570400390625,0.0066282140126554,1.7758849474089402,13.69797063670844,4203600,1.2284547000753976,True,False,True,False,True,0.0354201730643783,0.0545663586799083,0.0015316381138792,-0.0042121270984417,0.0559066129685594,-0.0044035412080348,0.0306337586085181,0.0809879205525976,-0.0183802966171282,0.0352551978411854,0.0809879205525976,-0.0183802966171282,202.07369995117188,187.47042457580565,BULL_ABOVE_SMA200
4452,2023-05-15,2413.040283203125,2449.366669921875,2381.5453059895835,2379.9797200520834,0.0006578148226683,2.8469224325699543,20.23216984544781,3956000,1.069085170091559,True,False,True,False,True,0.0041814834011935,0.0112146066050684,-0.01596638027409,-0.034404030104576,0.0112146066050684,-0.0349742639450655,-0.0385859182078819,0.0112146066050684,-0.0729899483124579,0.0354045549020403,0.0427300648306174,-0.0729899483124579,205.3344268798828,187.718653717041,BULL_ABOVE_SMA200
6326,2023-05-18,1839.2080078125,1850.0778076171875,1837.6325130208331,1832.053585611979,0.0030451769820862,6.503583660742606,16.15581679857633,3562500,1.0828645986105898,True,False,True,False,True,0.0110000191148851,0.0344999967657262,-0.0004999811025441,-0.0349999522127869,0.0344999967657262,-0.0449999527079911,0.1020000807072931,0.1135000815495199,-0.0449999527079911,0.0290107542468229,0.1135000815495199,-0.0449999527079911,209.7892303466797,188.06768997192384,BULL_ABOVE_SMA200
8113,2023-05-26,1673.96484375,1715.172099609375,1671.7617122395834,1663.1525032552083,0.0051764399040525,-5.383889955138329,1.1097697098308246,3223800,0.8406378709473017,True,False,False,False,True,0.0470765952605971,0.0533408317378047,-0.0267654015702364,0.0286636447431365,0.0717540012092528,-0.0267654015702364,0.0138573862111612,0.0717540012092528,-0.0267654015702364,-0.0021682884711866,0.0717540012092528,-0.0267654015702364,208.273681640625,188.82477745056153,BULL_ABOVE_SMA200
4568,2023-05-29,4321.43701171875,4468.04568359375,4321.349772135417,4283.134300130208,0.008922314671302,0.597558055128502,25.958512425213613,4797800,1.15434261922549,True,False,True,False,True,0.0583184553116429,0.0583184553116429,-0.0217871090424615,0.1247797956747922,0.1247797956747922,-0.0217871090424615,0.0112234575471596,0.1360032919684448,-0.0217871090424615,-0.092869871234917,0.1360032919684448,-0.1709948081240312,209.88108825683594,188.961636428833,BULL_ABOVE_SMA200
9434,2023-05-29,133.06753540039062,134.0753369140625,132.98751770019533,132.66320322672527,0.0024446452790363,-0.4185150602662588,-0.1008174295074556,105704000,1.5071999224327597,True,False,False,False,True,-0.0013238594913215,0.0066205108925307,-0.0168818601178307,0.0043029733574566,0.0076131348392005,-0.0168818601178307,0.0086064053929528,0.0185368057661767,-0.0168818601178307,0.0208540264019665,0.0281364238213233,-0.0168818601178307,209.88108825683594,188.961636428833,BULL_ABOVE_SMA200
8113,2023-05-31,1686.9930419921875,1707.4568408203124,1674.4181884765626,1669.007783203125,0.003241689660101,-10.7896527359012,-4.684538564892804,15555000,4.008875968392893,True,False,False,False,True,0.0271237445682286,0.0634771303229788,-0.0105481115929766,0.0244867399762096,0.0634771303229788,-0.0105481115929766,0.0114899245990205,0.0634771303229788,-0.0105481115929766,0.0031711639065179,0.0634771303229788,-0.0221633650899746,206.7122039794922,189.21606544494628,BULL_ABOVE_SMA200
4568,2023-06-01,4410.83203125,4445.71568359375,4337.522835286459,4309.565481770834,0.0064872789690475,-16.96536434306654,6.0471023135876685,4169700,0.9118323682230892,True,False,False,False,True,0.0219922013721547,0.0586460015452279,-0.0049589619570291,0.0349288815797048,0.1129797363776636,-0.0049589619570291,0.0060371617103844,0.1129797363776636,-0.0286760943715709,-0.1127640538695133,0.1129797363776636,-0.187796385421514,208.50331115722656,189.33639114379883,BULL_ABOVE_SMA200
9432,2023-06-02,146.7499542236328,149.88109619140624,145.2916524251302,144.76200927734374,0.0036587164714723,-0.5493375191769019,0.3236176390914926,151012500,0.8336645633560226,True,False,False,False,True,0.0230197230957831,0.0319306067863671,-0.0007426962005139,0.0106436195626575,0.0319306067863671,-0.0007426962005139,0.0550742118066152,0.1070542211765857,-0.0007426962005139,0.0080443737161948,0.1070542211765857,-0.0154703332648208,211.94776916503906,189.47279098510742,BULL_ABOVE_SMA200
5020,2023-06-02,426.4264831542969,435.3445153808594,425.5339392089844,424.3817578125,0.0027149644754367,-1.6473510609903317,0.0229889202826217,11962300,0.6413558529625908,True,False,False,False,True,0.0277422910507678,0.0413999834906659,0.0145113702600083,0.038625812388809,0.0428938452071314,0.0145113702600083,0.0550576917447993,0.0646607446357594,0.0145113702600083,0.0998720187720114,0.105207059355403,0.0145113702600083,211.94776916503906,189.47279098510742,BULL_ABOVE_SMA200
4188,2023-06-02,717.4450073242188,719.8215283203125,706.6652164713541,701.7478051757812,0.0070073768087399,1.933254540320036,4.6930529860609225,5959000,1.156306030100049,True,False,True,False,True,0.0122777267387399,0.0279380081102293,-0.0013779983974816,0.0379603966747028,0.0418441044464128,-0.0013779983974816,0.08143326465962,0.091706493944939,-0.0013779983974816,0.0642697989615825,0.1057379709894339,-0.0013779983974816,211.94776916503906,189.47279098510742,BULL_ABOVE_SMA200
2503,2023-06-05,1887.608154296875,1911.8493896484372,1874.9349918619791,1871.8929622395835,0.0016251087448697,-12.27228409880945,-6.275056422213956,3561500,1.072831443615727,True,False,False,False,True,-0.0066099792760736,0.0059018675204509,-0.0136921970545588,0.0179415293748042,0.029036903187563,-0.0136921970545588,0.0120173681066235,0.0375354836706738,-0.0136921970545588,0.0165749375650168,0.0375354836706738,-0.0170069933664434,215.52996826171875,189.6328424835205,BULL_ABOVE_SMA200
5802,2023-06-05,385.4480895996094,387.19199462890623,379.7706083170573,378.9481677246094,0.0021703247633739,-1.0878432173479382,0.1578254591121808,11204800,1.25188820064534,True,False,False,False,True,0.0023564643391484,0.0153166834489864,-0.0276877088833145,0.0226804249410725,0.0471282548287916,-0.0276877088833145,0.0450663215301097,0.0627393458595293,-0.0276877088833145,0.0886599221257535,0.0916054305730635,-0.0276877088833145,215.52996826171875,189.6328424835205,BULL_ABOVE_SMA200
3382,2023-06-06,1906.4205322265625,1928.46421875,1874.092026367188,1872.956245117188,0.0006064109895578,-8.400665577813925,4.064186353885259,12106200,1.778755347307778,True,False,False,False,True,0.0042153631619916,0.0181580643877534,-0.027075165387418,-0.0034047287137543,0.0212387065590011,-0.027075165387418,0.0004863806689423,0.0372892784317071,-0.0309663464289676,-0.0570688572493867,0.0372892784317071,-0.0645266269882639,217.0455322265625,189.80322746276855,BULL_ABOVE_SMA200
4507,2023-06-09,1890.3572998046875,1925.52390625,1880.914806315104,1880.310146484375,0.0003215745188949,2.249078255848872,9.882685592369452,5143800,1.1401592605522584,True,False,True,False,True,0.0186883382958342,0.0186883382958342,0.0009834828398296,0.021475277329751,0.0239342934042088,0.0001638807147601,-0.0296722669990656,0.0277049156655884,-0.0422951960399275,0.0003278485906481,0.0277049156655884,-0.062623072933558,215.94329833984375,190.2048489379883,BULL_ABOVE_SMA200
5802,2023-06-09,382.7232666015625,385.72059448242186,380.02667724609375,379.5171724446615,0.0013425078979965,-1.1223227510387233,-0.5712148331680844,14685200,1.5029403396588674,True,False,False,False,True,0.0409374761782801,0.0545833520221186,0.0020766083644336,0.0017799908078062,0.0545833520221186,-0.0059328548424759,0.0180956562259888,0.0703055872230102,-0.0059328548424759,0.0323347055707181,0.1533669616310751,-0.0118658394009686,215.94329833984375,190.2048489379883,BULL_ABOVE_SMA200
9434,2023-06-09,133.2437286376953,133.34767517089844,133.13940266927082,133.03448791503905,0.000788628241263,-0.2853608956750122,-0.3754817354102986,110123000,1.279165057396496,True,True,False,False,True,0.0072726868791483,0.0171899559072248,0.0013220532702753,0.0085950248165966,0.0171899559072248,-0.0013222619513401,0.0158678262136231,0.0267768800232319,-0.0013222619513401,0.0469420233774506,0.0631403477436933,-0.0013222619513401,215.94329833984375,190.2048489379883,BULL_ABOVE_SMA200
2503,2023-06-14,1888.945068359375,1893.7576025390624,1881.8033463541667,1876.1827001953125,0.0029957882877127,-8.556244269241006,-9.473053982698245,4323200,1.2911665357540716,True,True,False,False,True,0.0238263105427227,0.0283085951336408,0.0040102413467804,0.0276008421222422,0.0368011606870697,0.0040102413467804,-0.0119499260642107,0.0368011606870697,-0.0162645552080351,-0.0361597126785823,0.0368011606870697,-0.0459875953985783,222.74032592773438,190.67007766723634,BULL_ABOVE_SMA200
1928,2023-06-15,2390.5283203125,2452.575947265625,2381.9595247395832,2370.5072623697915,0.0048311441823396,-14.583075670971084,-4.544818131393166,4638800,1.2106502142674451,True,False,False,False,True,0.0311250332427659,0.0331272177733346,-0.0212959016648174,0.0586094985050458,0.0702585713909333,-0.0212959016648174,0.0327630692581113,0.0779032444974032,-0.0212959016648174,0.0849679991143432,0.0916561580129933,-0.0212959016648174,222.78623962402344,190.84092178344727,BULL_ABOVE_SMA200
1928,2023-06-19,2391.398681640625,2444.0998828125,2385.475266927084,2375.21232421875,0.0043208527522731,-16.599676062065555,-8.972102557932875,3591000,0.7192227347287843,True,False,False,False,True,0.0342066584047706,0.0460335572696859,-0.0131004513598357,0.0738719260484428,0.0775109363027581,-0.0131004513598357,0.0507642083561805,0.0775109363027581,-0.0131004513598357,0.0760300307222876,0.0912588443777395,-0.0131004513598357,222.32699584960938,191.20557312011718,BULL_ABOVE_SMA200
1928,2023-06-21,2407.06298828125,2434.301083984375,2389.402919921875,2379.5982942708333,0.0041202860477111,-15.29888279057468,-11.614488118422845,3168800,0.6236579879118046,True,False,False,False,True,0.0480836933138457,0.0480836933138457,0.0119306459428147,0.0625451222344724,0.0704988797853152,0.0119306459428147,0.0520607384071736,0.0704988797853152,0.0119306459428147,0.0465180696862768,0.0841573213823514,0.0119306459428147,223.10772705078125,191.5571353149414,BULL_ABOVE_SMA200
8113,2023-06-26,1712.0960693359375,1712.5537548828124,1702.9277164713542,1696.0725472005208,0.0040417901239828,0.6572038899328163,3.586401798617304,1842300,0.4401188270664837,True,False,True,False,True,0.0124940367506563,0.0158472829458438,-0.0191754668029313,-0.0063214186227062,0.0212497681560217,-0.0191754668029313,-0.0281174470113024,0.0212497681560217,-0.0365005627645115,0.0711759039309212,0.1099245192549336,-0.0435795932866405,219.24996948242188,192.075867767334,BULL_ABOVE_SMA200
8113,2023-06-28,1706.37646484375,1712.0707568359376,1705.0334130859376,1699.0722119140626,0.0035085037175432,-1.5264878434331877,1.8208488460857652,2622600,0.6448353058763218,True,False,False,False,True,0.0179438823644881,0.0246728959838693,-0.0158878403490378,0.0,0.0246728959838693,-0.0158878403490378,-0.0082242645133616,0.0246728959838693,-0.0332710083121551,0.058504706753935,0.1136448760443722,-0.0403737670417512,223.0618133544922,192.45268936157225,BULL_ABOVE_SMA200
6702,2023-06-28,1780.99560546875,1802.2229736328125,1754.8770279947917,1753.9040250651042,0.0005547640667802,-1.0729712224151626,9.49290166290688,5030000,0.587860619766375,True,False,False,False,True,-0.0113666864154666,0.0246280106818452,-0.0194857664613292,-0.0178619260042347,0.0246280106818452,-0.0276048886928624,0.0194857873067946,0.0246280106818452,-0.0276048886928624,-0.0289580145629351,0.0246280106818452,-0.0549390808141312,223.0618133544922,192.45268936157225,BULL_ABOVE_SMA200
6702,2023-07-13,1777.1396484375,1794.028984375,1762.2751025390626,1759.1747216796875,0.0017624064404555,-10.259722908316917,-6.677858593972033,4231000,0.7001721056463891,True,False,False,False,True,-0.0119338566901363,0.0100352655944238,-0.018985660073627,-0.0184432580444677,0.0235963837932873,-0.0404123368226932,-0.0219691437093599,0.0235963837932873,-0.0404123368226932,-0.0056957090127383,0.027122378059984,-0.0528885304820296,218.1470184326172,194.41942199707032,BULL_ABOVE_SMA200
6758,2023-07-13,2551.45947265625,2606.763740234375,2517.6766243489583,2501.316591796875,0.0065405685172905,-27.575811353511654,-15.918966193578466,22888000,1.3492438946389544,True,False,False,False,True,0.0080706910050141,0.0261336872731945,-0.0242122075488452,0.002305857037629,0.03497292401755,-0.0242122075488452,-0.064181537489362,0.0361260185605321,-0.0718679314319545,-0.041890852527917,0.0361260185605321,-0.0964643247453014,218.1470184326172,194.41942199707032,BULL_ABOVE_SMA200
6861,2023-07-13,65295.07421875,67085.29859375,64737.420885416665,64475.32572916667,0.0040650458650017,-638.5961193656694,-279.01247829662293,436100,0.7681738915995843,True,False,False,False,True,-0.0046545911561691,0.0244744422215068,-0.0121620991426213,0.001051177589906,0.0244744422215068,-0.0172671430439576,-0.1072071322378536,0.0244744422215068,-0.114864777240535,-0.1367868544352652,0.0244744422215068,-0.1388889563726293,218.1470184326172,194.41942199707032,BULL_ABOVE_SMA200
6981,2023-07-13,2541.935791015625,2594.839501953125,2529.1503743489584,2523.385029296875,0.0022847662901803,-17.524117981541167,-6.014636987391535,4985100,0.995023981892324,True,False,False,False,True,0.0155573947136169,0.0369180538260731,-0.0066675068071002,0.0100012783610545,0.0369180538260731,-0.0107420235583065,-0.0054328904146836,0.078651643077632,-0.014693230061346,0.0059265625274629,0.078651643077632,-0.0265465183741464,218.1470184326172,194.41942199707032,BULL_ABOVE_SMA200
7832,2023-07-13,3052.46826171875,3186.060400390625,3050.551484375,3024.719075520833,0.0085404324200648,-48.53835127932234,-25.396163831463475,1191700,0.6872628288676916,True,False,False,False,True,-0.009099481640674,0.0222780432513629,-0.0235331180702271,-0.0097270955321601,0.0222780432513629,-0.031063653854116,0.0605584619900487,0.0875430172200717,-0.0379667744813974,0.0197677980566124,0.0919359680682327,-0.0379667744813974,218.1470184326172,194.41942199707032,BULL_ABOVE_SMA200
4452,2023-07-19,2415.67138671875,2447.251728515625,2415.3136165364585,2408.489794921875,0.002833236673442,16.065797658408428,25.47583016008817,3395000,0.8808549611982741,True,False,True,False,True,0.0171384564696466,0.0175235903039783,-0.0092431053108431,0.0336992235150723,0.0452531773110846,-0.0092431053108431,0.0953205741723508,0.122279904723755,-0.0092431053108431,0.085307021311646,0.122279904723755,-0.0092431053108431,221.48219299316406,195.0083913421631,BULL_ABOVE_SMA200
6954,2023-07-19,4512.32421875,4671.40396484375,4495.911126302083,4486.222044270833,0.0021597419689967,-59.34791094104094,-33.47779089592716,2821000,0.8514362894159014,True,False,False,False,True,-0.0072719678311569,-0.0018699531563826,-0.0249324429300621,-0.1340121563772827,-0.0018699531563826,-0.1392064212742518,-0.1541658370521704,-0.0018699531563826,-0.1691253211426258,-0.1589445247607464,-0.0018699531563826,-0.1691253211426258,221.48219299316406,195.0083913421631,BULL_ABOVE_SMA200
9432,2023-07-21,149.92831420898438,150.70565368652345,148.9959940592448,148.72899963378907,0.0017951739480071,-0.5644857127405487,-0.1428808945280562,154885800,0.8728137188691028,True,False,False,False,True,-0.027256169584626,0.0242276346100878,-0.0363415723876782,-0.0399757696701975,0.0242276346100878,-0.0454269743880142,-0.0205936430801585,0.0242276346100878,-0.0454269743880142,0.096305383574629,0.096305383574629,-0.0454269743880142,219.9320526123047,195.44090270996094,BULL_ABOVE_SMA200
4452,2023-07-21,2423.114501953125,2452.575966796875,2416.0059147135416,2412.42201171875,0.0014856036702459,7.355996318005964,19.40550805832319,3645000,0.9760159804207712,True,False,True,False,True,0.0234208762309853,0.0295640099993828,-0.0036476707100556,0.0669992786957722,0.0673832294977498,-0.0036476707100556,0.0886925108994116,0.1188325815991775,-0.0036476707100556,0.079477569796184,0.1188325815991775,-0.0036476707100556,219.9320526123047,195.44090270996094,BULL_ABOVE_SMA200
6702,2023-07-24,1771.35546875,1774.1705078125,1766.149990234375,1763.6371647135418,0.0014247973285601,-7.412286528955974,-7.389735780740914,5338000,1.0545655695602354,True,False,False,False,True,0.0005442788560137,0.0269388328475777,-0.0372789016835325,0.0016326987410328,0.0269388328475777,-0.0372789016835325,-0.0179590659298251,0.0269388328475777,-0.0497958350742299,-0.0029931202270506,0.0304763408870747,-0.0497958350742299,221.67007446289062,195.65323989868165,BULL_ABOVE_SMA200
9433,2023-07-24,1986.853759765625,1990.3021484375,1968.396285807292,1962.72216796875,0.002890942962352,-16.18715926354639,-15.683906222147996,6070400,0.8619409289889829,True,False,False,False,True,-0.0387970095917341,0.0041322292523806,-0.0387970095917341,-0.0550963468000662,0.0041322292523806,-0.0681817094166966,-0.0247933407002792,0.0041322292523806,-0.0681817094166966,0.0881542777581105,0.0943526249098971,-0.0681817094166966,221.67007446289062,195.65323989868165,BULL_ABOVE_SMA200
3407,2023-07-24,870.9114990234375,877.5153466796875,867.5094970703125,865.9261328125,0.0018285211611177,-3.162971577082885,-0.7742698106660231,5901400,0.9219950677154086,True,False,False,False,True,0.0064436827940599,0.0064436827940599,-0.0124713584771682,-0.0453127314893656,0.0161090105262067,-0.0646435696257639,-0.0430263086152974,0.0161090105262067,-0.0646435696257639,0.0356475226669481,0.0486384841987033,-0.0646435696257639,221.67007446289062,195.65323989868165,BULL_ABOVE_SMA200
6273,2023-07-24,71052.515625,74547.9625,71044.88885416667,70672.21854166666,0.005273222210794,-895.7454283164989,-424.6491700906711,159000,0.8182800679326849,True,False,False,False,True,-0.0054990136037142,0.0217274446638675,-0.0181063086436672,-0.0591470525432222,0.0217274446638675,-0.0737661503725577,-0.103004412889146,0.0217274446638675,-0.1098445407214806,-0.0622319186886636,0.0217274446638675,-0.1098445407214806,221.67007446289062,195.65323989868165,BULL_ABOVE_SMA200
6273,2023-07-26,72243.7109375,74080.2509375,71251.74432291667,70849.3415625,0.0056796965439922,-881.2650719336234,-599.1984193954275,178200,0.9609577221742882,True,False,False,False,True,-0.0495978510240132,0.0027699360129602,-0.0495978510240132,-0.0833664695077804,0.0027699360129602,-0.0895661782332279,-0.0968209819301961,0.0027699360129602,-0.1245219291990215,-0.1072418717243445,0.0027699360129602,-0.1245219291990215,221.8109893798828,196.11058464050294,BULL_ABOVE_SMA200
6861,2023-07-28,65363.7109375,65806.064375,65335.73036458333,64970.36526041666,0.0056235654933167,-422.7208884319916,-436.3800897488559,706800,1.433627780087827,True,True,False,False,True,-0.0769462460953164,-0.0241488698032209,-0.087445720059133,-0.1081446306155878,-0.0241488698032209,-0.1157942345260669,-0.0755963476006552,-0.0241488698032209,-0.1223939950917647,-0.1778938882252013,-0.0241488698032209,-0.1789465208907261,222.6565399169922,196.51236534118652,BULL_ABOVE_SMA200
4901,2023-07-31,2597.46484375,2623.896318359375,2538.0091731770835,2505.98416015625,0.0127794155805187,-24.892653641933972,-21.816139509481506,5378400,1.6350428870435985,True,False,False,False,True,-0.0284952387469151,0.0089729818413499,-0.0421972197579196,0.0113980203052554,0.0367407456653734,-0.042682244435403,0.0310414789961968,0.042439621445522,-0.042682244435403,0.068509841326654,0.114587136851102,-0.042682244435403,225.5689239501953,196.7207746887207,BULL_ABOVE_SMA200
7741,2023-08-03,15814.5703125,15884.8145703125,15784.216354166669,15651.641822916668,0.008470327442319,-107.94908975478212,-169.56505158175804,1592000,1.4300535820955855,True,True,False,False,True,0.0079975324376995,0.0362965560650181,-0.0086127235561629,-0.0486004179294706,0.0362965560650181,-0.0661334849123418,-0.0012303231049294,0.0362965560650181,-0.0661334849123418,-0.0646315452769277,0.0381421408816462,-0.0762841909144894,220.44876098632812,197.37248023986817,BULL_ABOVE_SMA200
8766,2023-08-07,2840.6845703125,2921.66453125,2816.919401041667,2788.922926432292,0.010038454036874,-33.09698833751463,-17.958960533071476,6234100,1.197511275711311,True,False,False,False,True,-0.0028891892737398,0.0099518259170303,-0.0269662992531528,0.0019260975343957,0.0144461517647487,-0.0269662992531528,0.0606740920243353,0.0690208009809432,-0.0269662992531528,0.0681302750457997,0.1839485573641479,-0.0269662992531528,222.18679809570312,197.79255172729492,BULL_ABOVE_SMA200
8802,2023-08-07,1632.22021484375,1638.327236328125,1607.1555403645834,1601.0039029947916,0.0038423625066026,-0.6628138101191325,3.632912683350252,5448500,1.3349373325509346,True,False,False,False,True,0.0049692816203963,0.0391697855711417,0.0008769110727857,0.0254310998576936,0.0391697855711417,-0.0160772493185142,0.1470329997095238,0.1470329997095238,-0.0160772493185142,0.0987361743359658,0.2335573622218567,-0.0160772493185142,222.18679809570312,197.79255172729492,BULL_ABOVE_SMA200
4661,2023-08-10,5261.4111328125,5354.87728515625,5255.335774739583,5227.962858072917,0.005235866705594,-50.24797378197127,-35.916735585034495,3874700,1.0319530724620312,True,False,False,False,True,-0.0554199066946192,0.0131504819681076,-0.0634980578505722,-0.0452751042423601,0.0131504819681076,-0.0634980578505722,-0.0208528338238037,0.0131504819681076,-0.0634980578505722,-0.0774204505274528,0.0131504819681076,-0.1080728434814475,224.15969848632812,198.41577178955077,BULL_ABOVE_SMA200
8630,2023-08-10,1880.1136474609373,1896.705078125,1852.7029248046877,1843.1956884765625,0.0051580178857637,-28.673280672714554,-24.116523575604557,7791000,1.2049730075838598,True,False,False,False,True,-0.0134874996842919,0.0105973027516286,-0.0237636688496556,0.0091522527980492,0.0178227733471494,-0.0237636688496556,0.043192098944214,0.057321796738871,-0.0237636688496556,0.0496191019661156,0.1234779238262155,-0.0237636688496556,224.15969848632812,198.41577178955077,BULL_ABOVE_SMA200
8766,2023-08-10,2835.212890625,2893.46744140625,2831.358408203125,2805.6478483072915,0.0091638585046747,-34.06278804659405,-26.20581086631963,5309800,0.9743163472953904,True,False,False,False,True,0.011900940254018,0.0154390554297314,-0.0122224888465074,0.0096494179986759,0.0247668192876016,-0.0122224888465074,0.0858797254670442,0.0997105395058721,-0.0122224888465074,0.1257944523015177,0.1862334606579343,-0.0122224888465074,224.15969848632812,198.41577178955077,BULL_ABOVE_SMA200
9983,2023-08-10,33352.703125,33405.29109375,33091.55036458333,32969.611640625,0.0036985186628064,-230.63221202047865,-179.51109124960414,1905000,1.1466923493649552,True,False,False,False,True,-0.0539130659855624,0.0008694953173511,-0.0637681382148794,-0.0559421017693,0.0008694953173511,-0.0637681382148794,-0.0177314151354861,0.007611892422477,-0.0637681382148794,-0.0480268184784498,0.0396549452070824,-0.0928873440848017,224.15969848632812,198.41577178955077,BULL_ABOVE_SMA200
4661,2023-08-15,5296.99462890625,5333.843515625,5269.503248697917,5238.519290364583,0.005914640495898,-42.2902396274194,-39.30886503653399,2052600,0.5402595488361626,True,False,False,False,True,-0.0613919578696831,-0.0080238726171836,-0.0697891748961533,-0.043851424815719,-0.0080238726171836,-0.0697891748961533,-0.0227653413063587,-0.0057845789958042,-0.0697891748961533,-0.0881010707261865,-0.0057845789958042,-0.1140645215391692,222.6095428466797,198.82886085510253,BULL_ABOVE_SMA200
8630,2023-08-17,1865.01953125,1877.493369140625,1863.083595377604,1849.925621744792,0.0071127041423439,-16.79112894127411,-21.59653018657797,3960600,0.583721500909716,True,True,False,False,True,0.0221755909057588,0.0252509807193173,-0.0097118446091082,0.0273552451067662,0.0344771847375975,-0.0097118446091082,0.0640983516425974,0.0767237965027294,-0.0097118446091082,0.0533154996910638,0.1325705397792989,-0.0097118446091082,218.99256896972656,199.2073516845703,BULL_ABOVE_SMA200
8830,2023-08-21,1719.613525390625,1766.914931640625,1702.8829996744792,1687.4562483723955,0.0091420155734187,-6.901697614523755,6.140839044038278,2538600,0.8947680074440638,True,False,False,False,True,0.0257703622483986,0.028291370784782,-0.0168067341191646,0.1067227303555018,0.1067227303555018,-0.0168067341191646,0.1442576364687231,0.1736693985232484,-0.0168067341191646,0.0553515229635337,0.1736693985232484,-0.0168067341191646,218.0531005859375,199.55467414855957,BULL_ABOVE_SMA200
4063,2023-08-22,4301.779296875,4322.70830078125,4258.563404947917,4223.480442708334,0.0083066472582233,-19.65807488788778,-16.727708513523236,3194100,0.5364430605520119,True,False,False,False,True,-0.0081086995706264,0.008546915703494,-0.0177514468812395,0.046898971219667,0.0473372793508033,-0.0177514468812395,0.002410544147112,0.0523778046084881,-0.0177514468812395,-0.0323520518172213,0.0523778046084881,-0.0713594063595051,220.2608642578125,199.74825424194336,BULL_ABOVE_SMA200
8053,2023-08-22,655.95263671875,667.29408203125,650.2195694986979,643.4846858723959,0.0104662686994194,-4.693102395542269,-2.1624467769239653,10564000,0.6245979490672419,True,False,False,False,True,0.0070409508475195,0.016486253080912,-0.0156277168347424,0.0664605464827441,0.0668040120371669,-0.0156277168347424,0.0984027546708292,0.1114544446888066,-0.0156277168347424,0.0296976085145723,0.1114544446888066,-0.0403857235766736,220.2608642578125,199.74825424194336,BULL_ABOVE_SMA200
8750,2023-08-23,603.7825317382812,611.7908081054687,598.4240511067709,596.5351407877604,0.0031664694832831,-6.298620916864934,-3.727359775039161,11350400,0.6761905896650741,True,False,False,False,True,0.006351458846123,0.0128898477563912,-0.016626253448021,0.0920978212204493,0.1036801108057499,-0.016626253448021,0.1406686747456853,0.2049317937512069,-0.016626253448021,0.1541190369590794,0.2097888809191308,-0.016626253448021,221.48219299316406,199.93393363952637,BULL_ABOVE_SMA200
6752,2023-08-23,1547.72314453125,1553.7114013671876,1501.4418326822918,1482.51642578125,0.0127657316788705,-21.01499679291487,-17.31892687680602,12116800,1.5251675043457356,True,False,False,False,True,-0.0030039558487029,0.0270352208516968,-0.0102131499614697,0.0417543316685264,0.0456594871667512,-0.0102131499614697,0.0405527335548658,0.0862120594480526,-0.0102131499614697,-0.0972904061125575,0.0862120594480526,-0.1130688595183213,221.48219299316406,199.93393363952637,BULL_ABOVE_SMA200
7974,2023-08-23,5829.517578125,5911.81240234375,5815.539108072917,5786.5057161458335,0.0050174307866097,-40.76806047631544,-29.653448183232204,2131300,0.5788776081134669,True,False,False,False,True,0.0012880635424579,0.008694278516401,-0.0222186445695672,0.0180325545538213,0.0243117368450753,-0.0222186445695672,-0.0093382512824515,0.0418612485419664,-0.0222186445695672,-0.0049223325659787,0.0418612485419664,-0.0222186445695672,221.48219299316406,199.93393363952637,BULL_ABOVE_SMA200
7751,2023-08-28,3238.350830078125,3262.157490234375,3234.248284505208,3210.421123046875,0.0074218180559813,-28.004490120424634,-28.15975891089004,1970300,0.4811777045945474,True,True,False,False,True,-0.0011104254771365,0.0058301272818501,-0.0113825827625706,-0.0063854176836519,0.0097167987939936,-0.0113825827625706,0.0166574376229098,0.0291505342579472,-0.0113825827625706,0.0202664523568363,0.0527485023420117,-0.0477511406400054,223.64297485351562,200.4948656463623,BULL_ABOVE_SMA200
8053,2023-08-28,663.2748413085938,665.3114697265624,654.2478824869792,648.8692887369791,0.0082891791048849,-3.9483097922902735,-3.5403896335419973,8892000,0.5369811658022953,True,False,False,False,True,0.0546873842549457,0.0550270581307121,-0.0061142935125155,0.0516303575150489,0.0696331642916117,-0.0061142935125155,0.0730297287361525,0.09918457354422,-0.0061142935125155,0.0228354495842724,0.09918457354422,-0.0509793593091004,223.64297485351562,200.4948656463623,BULL_ABOVE_SMA200
8750,2023-08-29,601.526611328125,609.9725830078125,599.9790958658854,597.8074471028646,0.0036326893777338,-5.194974712357976,-4.915058331642535,8663200,0.5924860037560407,True,False,False,False,True,0.0678792525365759,0.0744421627804352,0.0020624816776073,0.1351959715129109,0.1370710049035062,0.0020624816776073,0.1486967769586902,0.2094506798240405,0.0020624816776073,0.1464466427177271,0.2143259826483787,0.0020624816776073,224.01876831054688,200.69024269104003,BULL_ABOVE_SMA200
9202,2023-08-31,3102.688720703125,3136.035712890625,3089.900885416667,3075.6165657552083,0.0046443759669212,-18.17547810222004,-12.064711505982778,3408000,1.4957405627460534,True,False,False,False,True,-0.001519678032528,0.0118542129701482,-0.0039513366637704,0.0009119799304613,0.0121580547112463,-0.0085106382978723,-0.047720313774603,0.0121580547112463,-0.0531914386874844,-0.113677708181058,0.0121580547112463,-0.1360181648602134,226.3674774169922,201.07724090576173,BULL_ABOVE_SMA200
4578,2023-09-12,5160.91748046875,5209.28529296875,5080.733899739584,5059.571822916667,0.0041825825511687,19.17811905845156,38.1580249919157,835300,0.8733702073378572,True,False,True,False,True,0.0113844863347656,0.0369076937871959,-0.0099156319912712,-0.0045906361845371,0.0369076937871959,-0.0244216852660521,-0.0301139337979947,0.0369076937871959,-0.0771208623354452,-0.002754419555253,0.0369076937871959,-0.1081528460718148,231.5815887451172,202.78031997680665,BULL_ABOVE_SMA200
9202,2023-09-12,3117.778076171875,3118.4946875,3110.208258463542,3096.4269010416665,0.0044507291346806,-8.659165954193668,-10.875146219186425,2154300,1.0082936281346826,True,True,False,False,True,-0.0208711241189502,0.0072594338649385,-0.0208711241189502,-0.0096794004957864,0.0072594338649385,-0.0281307453448246,-0.0783423785860119,0.0072594338649385,-0.1052631714869805,-0.0719903552107413,0.0072594338649385,-0.1401996456168471,231.5815887451172,202.78031997680665,BULL_ABOVE_SMA200
2802,2023-09-22,2802.5146484375,2878.14734375,2768.9364453125,2761.493902994792,0.0026951145210341,0.4709431705000497,27.028216399427592,4289400,1.466827618516758,True,False,True,False,True,-0.0031283811448632,0.0195909265278182,-0.0152346596288345,0.0203924523699592,0.0266185758081489,-0.0460195616334087,-0.0384098056467842,0.0425299821416627,-0.0551857864454515,-0.0430793354879738,0.0425299821416627,-0.0873539159969428,231.11184692382812,204.25509727478027,BULL_ABOVE_SMA200
8267,2023-09-25,963.6809692382812,981.2531274414064,961.5038736979168,956.5104296875,0.0052204804625581,-1.9787525356646256,0.3835546252428868,5903100,0.9029688249290432,True,False,False,False,True,-0.0181604868063098,0.0183284482671073,-0.0181604868063098,0.0233730566866736,0.0287539833803931,-0.0272406645335627,0.0257272982514542,0.0553219641789439,-0.0272406645335627,0.0321169572464892,0.0839077729417621,-0.0272406645335627,232.28619384765625,204.4819373321533,BULL_ABOVE_SMA200
4452,2023-09-25,2540.339111328125,2603.398740234375,2521.7367220052083,2504.0750227864582,0.0070531829350291,-8.288996310085622,5.035763209537615,2441200,0.9338015346599038,True,False,False,False,True,0.01245200850457,0.0302142606494479,-0.0069584645024339,0.008606634222082,0.0302142606494479,-0.0188610177689729,0.0034793083362221,0.0302142606494479,-0.0274675572308995,0.0102545556661943,0.0558507143046294,-0.0404688736777993,232.28619384765625,204.4819373321533,BULL_ABOVE_SMA200
8035,2023-09-25,19760.822265625,19942.0090625,19418.325625,19337.231432291668,0.0041936816545988,-39.564060402881296,50.90755879939043,2580500,0.7864201199210684,True,False,False,False,True,-0.0292164864960764,-0.0071634955892245,-0.0553963114374084,-0.033065050094682,-0.0071634955892245,-0.0761201169906984,-0.0369136136932877,0.0347646704652437,-0.0761201169906984,0.1519032144273,0.1771590420405335,-0.0761201169906984,232.28619384765625,204.4819373321533,BULL_ABOVE_SMA200
3382,2023-09-26,1873.286376953125,1874.6080126953125,1867.38486328125,1867.36359375,1.1390139189382252e-05,4.233752821062808,7.742278206781462,4035900,0.6123127059551768,True,False,True,False,True,-0.048634292200124,0.0008327753014725,-0.0509660505642153,-0.0336443554336964,0.0008327753014725,-0.0581279176296918,-0.101099364119369,0.0008327753014725,-0.1402398895201445,-0.0431379277493323,0.0008327753014725,-0.1402398895201445,230.92396545410156,204.70472190856933,BULL_ABOVE_SMA200
4578,2023-09-27,5137.2255859375,5187.034453125,5106.345377604167,5101.17587890625,0.0010133935431031,-9.85891654428542,5.963051187020581,1243100,1.1991684633453434,True,False,False,False,True,-0.0619811467271574,-0.0036893185308589,-0.0667773099887295,-0.0256410061440706,-0.0036893185308589,-0.0728647215783619,-0.086330930465226,-0.0036893185308589,-0.0994280642423703,0.038922870538059,0.0540492333548419,-0.104039818844297,231.2997283935547,204.92869636535644,BULL_ABOVE_SMA200
2802,2023-10-05,2784.538330078125,2855.42580078125,2773.935947265625,2773.7450227864583,6.883274331226374e-05,-24.512066735727785,-11.297711780904905,3011400,0.9721217912297918,True,False,False,False,True,0.0203654054033202,0.049260308190953,-0.007833024428706,-0.0313317234039214,0.049260308190953,-0.0490862901986742,0.0412531041029526,0.049260308190953,-0.0659704329368461,-0.0424717300095244,0.049260308190953,-0.0814620895572559,222.18679809570312,206.05030738830567,BULL_ABOVE_SMA200
4452,2023-10-05,2568.249755859375,2591.750634765625,2545.538017578125,2532.6082356770835,0.0051053225362291,-10.621373008772023,-6.388515950758832,2974000,1.0092885771203035,True,False,False,False,True,-0.0249953633952627,0.0041658094752909,-0.0262632497887669,-0.0139466979151486,0.0059770682540749,-0.0380366256181576,-0.0105052962811815,0.014127979416612,-0.0380366256181576,0.0311538011460754,0.0554247549985322,-0.0508966492951623,222.18679809570312,206.05030738830567,BULL_ABOVE_SMA200
4689,2023-10-05,386.8716735839844,407.703369140625,384.0424434407552,381.0235791015625,0.0079230381130508,-4.677525467732323,-1.4442132635453375,10237100,0.675980763427533,True,False,False,False,True,0.0004934917229306,0.0222057901599526,-0.0135702552851282,-0.0567480772873038,0.0222057901599526,-0.0651369103568121,0.0115963455423364,0.0222057901599526,-0.075252885743075,0.0505798251654117,0.1532198194691614,-0.075252885743075,222.18679809570312,206.05030738830567,BULL_ABOVE_SMA200
7011,2023-10-05,742.4404907226562,820.60015625,726.6839444986979,719.41564453125,0.0101030607586851,-5.157681644647028,10.421386834850214,54629000,1.1078303931926905,True,False,False,False,True,0.1059132392782229,0.1202365302212569,-0.0076215433904036,0.0399474850061389,0.1202365302212569,-0.0076215433904036,0.1202365640988329,0.1265440383896385,-0.0078843559929167,0.0672799444597216,0.1646518241313426,-0.0078843559929167,222.18679809570312,206.05030738830567,BULL_ABOVE_SMA200
7269,2023-10-05,1334.2969970703125,1404.3597216796877,1300.4459944661455,1288.738859049479,0.0090841797269163,5.305179484343853,24.64200644557894,7637600,1.1743180203755923,True,False,True,False,True,0.0558510217362127,0.0819148456808998,-0.0042554273210605,0.0262410136131163,0.0819148456808998,-0.0042554273210605,0.0824467289464832,0.0897162319582449,-0.0042554273210605,0.0317374378131185,0.1661346727508608,-0.0042554273210605,222.18679809570312,206.05030738830567,BULL_ABOVE_SMA200
8015,2023-10-05,2491.475341796875,2700.49759765625,2471.853701171875,2446.1894173177084,0.0104915358035961,-14.018256668954564,28.69503220313269,3137100,1.203191789254463,True,False,False,False,True,0.0498763214370721,0.0668317122484363,0.004950477593731,-0.0023513772499449,0.0668317122484363,-0.0198018741867713,0.1089110201259508,0.1090347522977912,-0.0478960474748825,0.0252475163602294,0.1101484594277319,-0.0478960474748825,222.18679809570312,206.05030738830567,BULL_ABOVE_SMA200
8591,2023-10-05,2458.963134765625,2559.415986328125,2420.327685546875,2406.090211588541,0.0059172652337642,-0.1710143586983576,29.81127732654432,4683300,0.9514512613082988,True,False,False,False,True,0.0187766713235111,0.0399702520906612,-0.0016732999836681,0.0037181615845967,0.0399702520906612,-0.0059490627907319,0.0079940126567812,0.0444319469249678,-0.022680785834065,0.0013012423757035,0.0444319469249678,-0.0343930828687417,222.18679809570312,206.05030738830567,BULL_ABOVE_SMA200
7270,2023-10-06,2442.5673828125,2597.8971484375,2438.683528645833,2431.5730533854166,0.0029242285155761,-6.885589380147394,29.72046476574121,2418000,0.7464783079825019,True,False,False,False,True,0.03239549270367,0.0701593131039421,0.0185117143656681,-0.0124027012752734,0.0701593131039421,-0.021473416858687,0.0116624533371927,0.0701593131039421,-0.0707144323691202,0.0062941065229376,0.0701593131039421,-0.0707144323691202,222.18679809570312,206.2172357940674,BULL_ABOVE_SMA200
8830,2023-10-06,1805.092041015625,1898.9844189453124,1801.0603466796874,1799.4608203125,0.0008888920220613,-12.318807321030135,8.813660564956876,2871400,0.9036834684525908,True,False,False,False,True,-0.006720422654175,0.04381722329422,-0.0220430034143136,-0.0034946847006832,0.04381722329422,-0.0220430034143136,0.0489247066776292,0.0900536911058322,-0.0336021501423169,0.1752687472518674,0.1758063816284691,-0.0336021501423169,222.18679809570312,206.2172357940674,BULL_ABOVE_SMA200
4689,2023-10-10,388.58984375,404.9886828613281,385.21588134765625,382.3586503092448,0.007472646522056,-5.004317130888921,-2.7367582687369865,8579100,0.5839286388849468,True,False,False,False,True,-0.0171947408498276,0.0176860541955943,-0.0358634219099323,-0.0616556006795404,0.0176860541955943,-0.079341703112804,0.0601817500427226,0.1481207981732146,-0.079341703112804,0.0655857643321706,0.1481207981732146,-0.079341703112804,226.74327087402344,206.41773918151856,BULL_ABOVE_SMA200
5020,2023-10-10,508.8190002441406,535.79091796875,488.9218969726562,485.4452111816406,0.0071618500109476,-3.719939394494304,6.329813603335608,34903700,1.5748748806560893,True,False,False,False,True,0.0058265525523,0.0285870146623747,-0.0147487724034121,-0.0076475226595651,0.0355062148746796,-0.0269482786824151,-0.0398763124602613,0.0528040617507084,-0.0398763124602613,0.0538966007338459,0.1125273098480681,-0.0498906962424896,226.74327087402344,206.41773918151856,BULL_ABOVE_SMA200
7936,2023-10-11,1184.9400634765625,1278.8407421875,1171.5125415039065,1165.4950756835938,0.005163012650897,-27.78325377399392,-5.677204983020468,8314800,1.37164462744477,True,False,False,False,True,-0.0340513044722541,0.0287178152627081,-0.0508718169023401,-0.0375384682584135,0.0287178152627081,-0.059281977817256,0.0453333352563385,0.0473845688350536,-0.0609230714412407,-0.0264615465761974,0.1415384932869954,-0.0609230714412407,226.41445922851562,206.6234873199463,BULL_ABOVE_SMA200
6902,2023-10-12,2275.3720703125,2285.41162109375,2240.097945963542,2238.935869140625,0.0005190308659277,-24.810487499630653,-17.280464425105933,5396100,0.849870537317382,True,False,False,False,True,-0.046549628516284,-0.0126581458862964,-0.0506329277517603,-0.0720704374842541,-0.0126581458862964,-0.0884033839751538,-0.0302164481169588,-0.0126581458862964,-0.1155574043753032,-0.1159656988619221,0.0334830707476532,-0.1308697409206201,229.70262145996094,206.85784660339357,BULL_ABOVE_SMA200
6501,2023-10-12,1811.53271484375,1848.009169921875,1789.0256233723958,1786.110236002604,0.0016322550036533,-30.892845263447043,-19.613539455500497,17164000,1.2450808642445477,True,False,False,False,True,-0.0532518162305907,-0.0092144830118161,-0.0536803637781421,-0.0672880651015533,-0.0092144830118161,-0.0827171379712774,0.0604307552063749,0.0617165285066312,-0.0827171379712774,0.0627880881472575,0.1261117245784839,-0.0827171379712774,229.70262145996094,206.85784660339357,BULL_ABOVE_SMA200
8830,2023-10-17,1817.708251953125,1872.6626904296877,1807.4819742838545,1801.8767805989585,0.0031107530466276,-13.669319581291576,-6.439341402022103,2375600,0.7879714610774073,True,False,False,False,True,-0.0138815147690506,0.0122797314558762,-0.0355045784679425,0.0021357003105166,0.0122797314558762,-0.0403096507053201,0.1452217113727485,0.1532302548089217,-0.0403096507053201,0.1238654469853799,0.1676454342837321,-0.0403096507053201,224.91128540039062,207.5027953338623,BULL_ABOVE_SMA200
9101,2023-10-25,3327.0166015625,3495.060927734375,3326.8781966145834,3294.272320963541,0.0098977475066497,-35.98770789110904,-11.217491913968011,5820400,0.878367314908506,True,False,False,False,True,0.0135565982215322,0.0329611754361875,-0.0260499879572334,-0.041733088924862,0.0329611754361875,-0.0800106444531003,0.0518341642536466,0.05528977308238,-0.0800106444531003,0.2200956744690501,0.2200956744690501,-0.0800106444531003,221.20033264160156,208.701912689209,BULL_ABOVE_SMA200
6701,2023-10-27,1472.3656005859375,1524.0997607421875,1466.2548372395834,1459.042236328125,0.0049433804806158,-20.57044439234437,-11.044026946879995,8426000,1.2701618981579186,True,False,False,False,True,0.0086218110520652,0.0141927766245231,-0.0779946435560354,0.0167130134022637,0.0428438141525209,-0.0779946435560354,0.0473536761524302,0.1111552744074704,-0.0779946435560354,0.1029312897381355,0.1264093517213775,-0.0779946435560354,221.5761260986328,209.10459320068358,BULL_ABOVE_SMA200
8591,2023-10-27,2490.962890625,2506.849833984375,2451.179000651042,2442.99103515625,0.0033516150394994,-14.391446915927643,-10.640388656012531,4192800,1.0540923763839865,True,False,False,False,True,-0.004955021001699,0.0310148191792611,-0.0352357606061458,-0.0200035597429144,0.0310148191792611,-0.0467975974926313,-0.0044044957828023,0.0310148191792611,-0.0467975974926313,-0.0339511460568791,0.0310148191792611,-0.0576252329860236,221.5761260986328,209.10459320068358,BULL_ABOVE_SMA200
8604,2023-10-27,510.953125,526.4403454589843,507.5596419270833,505.7552819824219,0.0035676541777058,-4.973577434507661,-1.669227450511828,12536700,1.0411062880604167,True,False,False,False,True,0.0676938396379316,0.077735368929241,-0.0192175034822014,0.0457063860814654,0.077735368929241,-0.0192175034822014,0.0382618029647412,0.0815443561664381,-0.0192175034822014,0.0895084439313782,0.120152489334361,-0.0192175034822014,221.5761260986328,209.10459320068358,BULL_ABOVE_SMA200
9101,2023-10-27,3427.835205078125,3464.07998046875,3340.135921223958,3310.001240234375,0.0091041298182261,-33.956215785307904,-20.301860672052005,5186800,0.7997175363371308,True,False,False,False,True,-0.0727553384647587,0.0025799881961896,-0.0964911506131289,-0.0513415809064875,0.0025799881961896,-0.1070691337112981,0.0268318317986799,0.0405056847351505,-0.1070691337112981,0.1248709706758626,0.2048503925218663,-0.1070691337112981,221.5761260986328,209.10459320068358,BULL_ABOVE_SMA200
8591,2023-10-31,2482.27734375,2495.61181640625,2456.0567317708333,2445.077158203125,0.004490481427497,-14.080973826983154,-12.185444979399309,5203800,1.2024025869747808,True,False,False,False,True,-0.0372008283723835,0.0346223643084742,-0.0379374765526647,-0.0049724570903419,0.0346223643084742,-0.043462319841572,-0.0060773601295432,0.0346223643084742,-0.043462319841572,-0.0272560125451836,0.0346223643084742,-0.0543278414865098,221.3882293701172,209.49448799133302,BULL_ABOVE_SMA200
8604,2023-10-31,512.9877319335938,523.2486450195313,508.6124186197917,506.34040893554686,0.0044871190293129,-5.185602842505091,-2.9821656481383405,17432700,1.338800342673661,True,False,False,False,True,0.0224178090805589,0.073460865431979,0.0118985357751961,0.0605277394762107,0.073460865431979,0.0118985357751961,0.0472495984730614,0.0772547455011869,0.0118985357751961,0.1000173591467057,0.1157097514683083,0.0118985357751961,221.3882293701172,209.49448799133302,BULL_ABOVE_SMA200
8830,2023-10-31,1821.59033203125,1822.704755859375,1817.8807373046875,1812.1649381510415,0.0031541274380231,-13.924257641484928,-14.978892393283267,3484600,1.0667458526833955,True,True,False,False,True,0.0205113524116788,0.0801809866331058,0.0143845549422274,0.1427810734792662,0.1507725495175829,0.0143845549422274,0.1118806889048111,0.1507725495175829,0.0143845549422274,0.1097494730764374,0.1651570080997328,0.0143845549422274,221.3882293701172,209.49448799133302,BULL_ABOVE_SMA200
7270,2023-11-01,2464.271240234375,2487.92826171875,2462.8489388020835,2455.572333984375,0.0029633029811431,-46.86645956742496,-37.09976548657266,4616700,1.7733689284959764,True,False,False,False,True,0.0077064254722396,0.0436697106514927,-0.0311926736568421,0.013944998120106,0.0436697106514927,-0.0311926736568421,-0.0236697212258591,0.0436697106514927,-0.0590825947705798,-0.0510091735847916,0.0436697106514927,-0.1194495625641407,226.74327087402344,209.71313201904297,BULL_ABOVE_SMA200
9101,2023-11-01,3372.11962890625,3429.8870703125,3359.049856770833,3326.8781966145834,0.009670224833896,-39.19704408953476,-29.221696672373973,7123900,1.0956778255934492,True,False,False,False,True,-0.0545501723765696,0.0065565853136557,-0.0923157550735825,-0.0249147094721029,0.0065565853136557,-0.0923157550735825,0.0469447232237119,0.0576973564772154,-0.0923157550735825,0.1463414740097197,0.2247574365201952,-0.0923157550735825,226.74327087402344,209.71313201904297,BULL_ABOVE_SMA200
7267,2023-11-02,1404.1185302734375,1455.4094287109374,1402.5138802083334,1391.8435319010416,0.0076663418428346,-21.337545234876416,-10.87479756876731,26008400,1.6234616816689538,True,False,False,False,True,0.0082644362257759,0.0565797585281837,-0.0244755501964357,0.0336935175790318,0.0565797585281837,-0.0244755501964357,-0.0534011664728978,0.0565797585281837,-0.059122717515036,-0.0483152458774536,0.0565797585281837,-0.1188810316315991,227.87063598632812,209.9410870361328,BULL_ABOVE_SMA200
6146,2023-11-02,27284.837890625,27393.546484375,26301.195338541667,26031.006197916668,0.0103795119777823,-138.59860798834416,97.11504327142742,1688700,0.979581182203144,True,False,False,False,True,0.0393419049914469,0.0665235456456456,0.0098354046650652,0.1469957022404771,0.1573676621297735,0.0098354046650652,0.1205293232841586,0.1688124665104227,0.0098354046650652,0.2027895529489713,0.2614448917533194,0.0098354046650652,227.87063598632812,209.9410870361328,BULL_ABOVE_SMA200
8591,2023-11-06,2478.6201171875,2481.490869140625,2463.1834602864583,2451.179000651042,0.0048974226819942,-10.947019602764613,-11.10274083009116,8169700,1.6902909186458142,True,True,False,False,True,-0.0151234758818284,-0.0033198273170661,-0.0420509397806867,-0.000922143944286,0.008483979492827,-0.0420509397806867,-0.0066396924952336,0.0167834394717689,-0.0420509397806867,0.0177056168238769,0.0236074978928086,-0.0529324936017937,231.5815887451172,210.19540412902833,BULL_ABOVE_SMA200
6701,2023-11-06,1485.06005859375,1492.059501953125,1473.4431884765625,1466.2548372395834,0.0049025251643923,-27.9835653270668,-22.906635369779437,12072000,1.5050445547794702,True,False,False,False,True,0.0080220378555555,0.0339294696242586,-0.0436613006729146,0.0866648550027733,0.1016569959442532,-0.0436613006729146,0.0435295815779757,0.1144133184880336,-0.0436613006729146,0.0978430020618774,0.1229614038949087,-0.0436613006729146,231.5815887451172,210.19540412902833,BULL_ABOVE_SMA200
9432,2023-11-09,156.23768615722656,160.3622705078125,155.6930751546224,154.9157291666667,0.0050178635322395,-0.1666919516288771,0.4623576484612433,167375100,0.9701896194265032,True,False,False,False,True,0.0135532165474367,0.0371241396736976,-0.0035357068398138,0.0159102382385019,0.0371241396736976,-0.0035357068398138,0.0047141410460764,0.0371241396736976,-0.0035357068398138,0.0642309408563741,0.0642309408563741,-0.0129642558501904,229.1859130859375,210.85705245971678,BULL_ABOVE_SMA200
8309,2023-11-10,626.2784423828125,636.0394409179687,623.6402848307291,620.797920735677,0.0045785657459735,-2.524674891663267,-0.85127194527603,9153600,0.801047340343606,True,False,False,False,True,-0.0324099746748496,0.0083287923597539,-0.0537751735873436,0.0052506854631142,0.0083287923597539,-0.0537751735873436,0.0144848243037241,0.0237189076926018,-0.0537751735873436,0.0354878585268843,0.0630090882357778,-0.0724244565267179,229.37380981445312,211.08012329101564,BULL_ABOVE_SMA200
8411,2023-11-10,2251.924072265625,2323.882587890625,2250.910545247396,2235.1177490234377,0.0070657558112356,-13.310355145156336,2.0747958813607985,9408000,0.705104928202286,True,False,False,False,True,0.034510961275411,0.0473759605601376,0.001429481660998,0.0520726579191557,0.0526852778674782,0.001429481660998,0.0234837158024914,0.0565652529860407,-0.0142944424358253,0.0285888337024295,0.0565652529860407,-0.0633040798742382,229.37380981445312,211.08012329101564,BULL_ABOVE_SMA200
7267,2023-11-14,1427.7734375,1445.608271484375,1416.7385530598958,1407.55220703125,0.0065264691304214,-10.350781623050809,-11.107542147601109,16928900,0.9192745241780024,True,True,False,False,True,-0.0434511025690131,0.0200061610394801,-0.0515786422203875,-0.059081061393669,0.0200061610394801,-0.0650204168200879,-0.0815881405433504,0.0200061610394801,-0.0931541405186653,-0.0237574724357746,0.0200061610394801,-0.1334791372587876,230.17237854003906,211.4992420196533,BULL_ABOVE_SMA200
8309,2023-11-14,629.340087890625,635.0869213867187,624.6533357747396,622.165712076823,0.0039983297851835,-3.0174925679801845,-1.6581593728427184,9182400,0.7937320203584864,True,False,False,False,True,-0.0329729840866762,-0.01243250016127,-0.0583784160073155,-0.0090090221147911,0.0099098965539263,-0.0583784160073155,0.0003602910569844,0.0187386681443713,-0.0583784160073155,0.0481081179636562,0.0603603703311186,-0.0769369729712849,230.17237854003906,211.4992420196533,BULL_ABOVE_SMA200
8267,2023-11-22,994.6314697265624,1009.0469970703124,990.6728946940104,989.8955053710938,0.0007853246314368,1.668172275938673,6.50475582517337,2732100,0.5784591150026519,True,False,True,False,True,-0.0026066452209684,0.0130336312936136,-0.0211794718645489,-0.0022807378626049,0.0130336312936136,-0.0211794718645489,0.0231345132762912,0.0270446641244455,-0.0211794718645489,0.1208862863755506,0.1713915092814726,-0.0211794718645489,233.27264404296875,212.80062843322753,BULL_ABOVE_SMA200
8267,2023-11-30,992.038818359375,1009.6822094726564,990.778789876302,990.6728946940104,0.0001068921768818,-1.9444675897582329,1.5736161870293484,11432100,2.52241458627754,True,False,False,False,True,0.0003267591034188,0.012087562318507,-0.013067715890783,0.0016334878922554,0.0140476244042879,-0.013067715890783,0.0372426625938777,0.0457365780502714,-0.0179679932963675,0.1541979346806645,0.1744528912978264,-0.0179679932963675,233.17869567871094,213.9012693786621,BULL_ABOVE_SMA200
2503,2023-12-06,1925.2340087890625,1941.3894189453124,1902.1180322265625,1896.5397477213544,0.0029412958583707,-7.418380599790908,-1.357293770553004,3006600,1.015566548387696,True,False,False,False,True,-0.0068202697305528,0.0035278407270522,-0.013875811547794,-0.0282220156754736,0.0035278407270522,-0.0319848749816057,0.0025676667628105,0.0035278407270522,-0.0319848749816057,0.0233897601606745,0.0365529339914871,-0.0319848749816057,234.4939727783203,214.74558135986328,BULL_ABOVE_SMA200
6273,2023-12-06,70008.9375,71652.6084375,68030.94739583334,67788.369375,0.0035784607753495,86.39652376333834,711.0436055214903,166500,0.7545032287300328,True,False,True,False,True,-0.0164453333190494,0.0056185997326716,-0.039742456207971,0.0546798489121478,0.0564614027109857,-0.0417981851910473,0.0475536382408317,0.0698915821227335,-0.0417981851910473,0.0844180162711367,0.1893927159615878,-0.0417981851910473,234.4939727783203,214.74558135986328,BULL_ABOVE_SMA200
7269,2023-12-06,1409.0552978515625,1446.3777880859377,1397.3121956380207,1385.4131575520832,0.0085888011248298,-6.338563741064718,3.4346978047915737,5328000,0.6736475841996262,True,False,False,False,True,-0.0460040608227632,0.0006715707316466,-0.0690060748437561,-0.0307252519951302,0.0006715707316466,-0.0873068288559478,0.0172935396844193,0.0611147372193723,-0.0873068288559478,0.1863667626239704,0.1910679417242171,-0.0873068288559478,234.4939727783203,214.74558135986328,BULL_ABOVE_SMA200
9432,2023-12-06,159.5520782470703,159.72516845703126,158.59165568033853,157.9145176188151,0.0042880038626844,-0.3837697427366606,-0.2929682817472015,142109800,1.007486112307955,True,False,False,False,True,-0.0080783978814898,0.0023082337317315,-0.016156891398143,-0.0230813553989157,0.0023082337317315,-0.0334680530977404,0.0103867438187408,0.0121177756791501,-0.0334680530977404,0.0582804510728114,0.1130987386635968,-0.0334680530977404,234.4939727783203,214.74558135986328,BULL_ABOVE_SMA200
6954,2023-12-11,3805.446533203125,3806.3937890625,3764.0902571614574,3760.697770182292,0.0009020897680385,33.79427116566012,46.36136971117055,3247700,0.8239223391611097,True,False,True,False,True,0.0134429033632856,0.0256410616204216,-0.0134428855788519,0.03335827060682,0.0492906040595098,-0.0134428855788519,0.0950959539706817,0.1152602577378163,-0.0134428855788519,-0.0144386621021255,0.1204878820242878,-0.0229026895642532,231.44065856933594,215.33265029907227,BULL_ABOVE_SMA200
6273,2023-12-11,68502.6328125,71668.341875,68219.53494791666,67928.87770833333,0.0042788464845735,-377.6024682839488,241.51762889294665,142200,0.6504585687166937,True,False,False,False,True,0.0212886434451595,0.0239495138324907,-0.0207282813646011,0.0487394588050162,0.0796919370383613,-0.0207282813646011,0.1813725909485459,0.1899160086187132,-0.0207282813646011,0.1385154334282543,0.215546277507683,-0.0207282813646011,231.44065856933594,215.33265029907227,BULL_ABOVE_SMA200
5802,2023-12-11,415.8377990722656,421.6938330078125,404.9758357747396,403.754052734375,0.0030260576509144,3.0187963100533466,5.806250130066332,11151200,1.2327543512098489,True,False,True,False,True,-0.0243565086103045,0.0190977027401051,-0.0456684255079578,-0.0124550011217382,0.0190977027401051,-0.0456684255079578,0.0584002566237784,0.080265743096916,-0.0456684255079578,0.1497371272183318,0.162745708439274,-0.0456684255079578,231.44065856933594,215.33265029907227,BULL_ABOVE_SMA200
2503,2023-12-11,1920.253662109375,1938.763291015625,1906.084415690104,1899.461708984375,0.0034866229071131,-6.235861551037488,-3.968278721118385,2067700,0.7416480749503225,True,False,False,False,True,-0.0254657161866356,0.0061305784008078,-0.0282952374558734,-0.0068381494093276,0.0061305784008078,-0.0294742426579174,0.0325226095846356,0.0392413251478169,-0.0294742426579174,0.0354021348548743,0.0450003006472718,-0.0294742426579174,231.44065856933594,215.33265029907227,BULL_ABOVE_SMA200
6273,2023-12-13,68857.6171875,71267.3034375,68316.7121875,68030.94739583334,0.0042005117171741,-512.2598820359708,-26.372009960134378,142400,0.66436502752636,True,False,False,False,True,0.0723144169212397,0.0741257588417148,-0.0257767592700792,0.0546189345654954,0.0741257588417148,-0.0257767592700792,0.1704056434388217,0.1837815879420319,-0.0257767592700792,0.1251219823514895,0.2092797241003867,-0.0257767592700792,231.15882873535156,215.72842643737792,BULL_ABOVE_SMA200
8267,2023-12-14,993.6593017578124,999.8687670898438,990.917090657552,990.3470450846354,0.0005756018314448,-2.191072395374704,-1.9068282070265972,3314700,0.6818560505544825,True,False,False,False,True,0.0241355189527543,0.028049495381166,-0.0195695146234284,0.0355511024062853,0.0440311657818295,-0.0195695146234284,0.1529680934666673,0.172537565381561,-0.0195695146234284,0.163078833477456,0.1855838269669671,-0.0195695146234284,227.91761779785156,215.92033485412597,BULL_ABOVE_SMA200
5802,2023-12-15,406.0547790527344,420.6994140625,405.5066129557292,404.7129366048177,0.0019610847075206,0.0012291540611499,3.066463831722378,12105600,1.4170894507280003,True,False,True,False,True,0.0099205575275318,0.0274941643369242,-0.0113379116027597,0.0178569885182955,0.0286279619417697,-0.0113379116027597,0.0816325272894433,0.1062924319485658,-0.0113379116027597,0.2117345602450335,0.2182538339024922,-0.0113379116027597,229.0919647216797,216.1128335571289,BULL_ABOVE_SMA200
6273,2023-12-15,70076.078125,70959.5209375,68416.135625,68155.95041666667,0.0038174980576559,-492.2182875795261,-212.17092208982632,285000,1.458136143869433,True,False,False,False,True,0.0225904034209249,0.0554491959670544,-0.0157446105342518,0.0372398837067482,0.0554491959670544,-0.0157446105342518,0.1184283197569426,0.1753834527678186,-0.0157446105342518,0.15293010788052,0.1882531463330239,-0.0157446105342518,229.0919647216797,216.1128335571289,BULL_ABOVE_SMA200
7309,2023-12-15,20502.990234375,21372.07109375,20475.686614583334,20450.286041666663,0.0012420644320043,-133.52327955350847,79.78449032857756,430000,2.229770022556976,True,False,False,False,True,0.02346123102661,0.0292683744493342,-0.0178861788617885,0.0210092258836862,0.030662067108923,-0.0178861788617885,-0.0037734587304386,0.075251191381781,-0.0178861788617885,-0.0430522186597972,0.075251191381781,-0.0902799680386238,229.0919647216797,216.1128335571289,BULL_ABOVE_SMA200
6178,2023-12-18,1180.32861328125,1199.2176708984375,1161.342179361979,1149.3726521809897,0.0104139655300452,-3.6463496344717896,1.3067905087572549,23214200,2.5684908393052943,True,False,False,False,True,-0.0183808426960017,0.0168167275473416,-0.0230737860889447,0.0101683149844475,0.0168167275473416,-0.032850791212335,0.0477122739173618,0.0637466909500652,-0.032850791212335,0.1052015192074837,0.1337506358794102,-0.032850791212335,227.35394287109375,216.2936569213867,BULL_ABOVE_SMA200
7309,2023-12-19,20502.990234375,21301.393984375,20482.22723958333,20481.211276041668,4.960466097303495e-05,-183.1438169984358,-12.028246764617158,238800,1.150538411505384,True,False,False,False,True,0.0167247898577294,0.030662067108923,0.0037166591216011,0.0212430903990661,0.030662067108923,0.0037166591216011,0.0182036137830885,0.075251191381781,-0.0037734587304386,-0.053339494782154,0.075251191381781,-0.0902799680386238,229.13894653320312,216.48409408569336,BULL_ABOVE_SMA200
7751,2023-12-19,3324.65869140625,3371.229306640625,3295.2302799479166,3289.42845703125,0.0017637784169661,-6.115214704713708,14.07115830569875,5393700,1.2815398341318651,True,False,False,False,True,0.0005408361789958,0.0078420856045751,-0.0110869480055459,0.0183460590776691,0.0244092832453846,-0.0110869480055459,0.0390162083425797,0.0547253792894644,-0.0110869480055459,0.1591782579890646,0.17902148728108,-0.0110869480055459,229.13894653320312,216.48409408569336,BULL_ABOVE_SMA200
8697,2023-12-19,1336.1881103515625,1382.620498046875,1334.5143603515626,1323.61611328125,0.0082336917486565,-18.89414945649355,-12.345472973343146,3318200,0.9142734333885316,True,False,False,False,True,-0.0093751601604705,0.0472221714298515,-0.0170140478143331,0.0434026767456725,0.0624998971187216,-0.0170140478143331,0.1413193413187383,0.1611109770251004,-0.0170140478143331,0.3194443695823508,0.3631943671000812,-0.0170140478143331,229.13894653320312,216.48409408569336,BULL_ABOVE_SMA200
8766,2023-12-19,3232.669189453125,3366.649892578125,3224.7816341145835,3199.9794173177083,0.0077507426024836,4.100950178095445,41.78988729393383,6145800,1.17821628429946,True,False,True,False,True,-0.0065977580416241,0.0261044255279683,-0.0197934417857605,0.0197935006936402,0.0261044255279683,-0.0197934417857605,0.0989673524223562,0.1179002266019628,-0.0197934417857605,0.2596099709289614,0.2966149984304793,-0.0197934417857605,229.13894653320312,216.48409408569336,BULL_ABOVE_SMA200
5108,2023-12-20,2670.022705078125,2703.717236328125,2649.5016243489586,2641.081012369792,0.0031883202142335,-0.9609633823474724,12.320813345826496,4300800,1.2409041334618247,True,False,False,False,True,0.0,0.0134679726299715,-0.0097642856402222,0.0150685604137297,0.0210617114957947,-0.0119863049712692,0.0859588971265075,0.0957191710363485,-0.0119863049712692,0.0979453683762674,0.152397231265541,-0.0119863049712692,230.87698364257812,216.68023643493652,BULL_ABOVE_SMA200
1925,2023-12-20,3823.229736328125,3909.164599609375,3802.8223697916665,3790.1583463541674,0.0033412913868577,-2.8610154918574158,19.80060553830558,1434500,0.820154826020834,True,False,False,False,True,0.0187950165099515,0.0216865823089391,-0.0103615559666605,0.0903612776772133,0.09566248167918,-0.0103615559666605,0.1060239085069816,0.1368674619549021,-0.0103615559666605,0.0498795366447233,0.1368674619549021,-0.0103615559666605,230.87698364257812,216.68023643493652,BULL_ABOVE_SMA200
6178,2023-12-22,1171.0966796875,1193.9184375,1169.0718001302084,1159.0986092122396,0.0086042644160766,-7.7328692459395825,-3.4714688347769327,6614000,0.6558654791541576,True,False,False,False,True,-0.0070950247789574,0.0055182289762683,-0.0252266066120011,0.0279858789546056,0.0480883086810903,-0.0252266066120011,0.1198265639762408,0.1426881649185187,-0.0252266066120011,0.1202206799015679,0.1426881649185187,-0.0252266066120011,229.37380981445312,217.04521919250487,BULL_ABOVE_SMA200
9434,2023-12-26,155.77857971191406,159.95854248046874,155.77028483072917,155.2700946044922,0.0032214202452254,-0.8230167007198759,0.1487756577341927,45718000,0.5514068908372838,True,False,False,False,True,0.0495507686521001,0.0611416105436481,0.002897650724821,0.1057663722725938,0.1072152275590017,0.002897650724821,0.1379309939509878,0.1570557467779498,0.002897650724821,0.1405388621235652,0.162561473381283,0.002897650724821,229.51473999023438,217.3830020904541,BULL_ABOVE_SMA200
7733,2023-12-27,1979.2686767578125,2049.621220703125,1971.162853190104,1969.160478515625,0.0010168671859536,-15.694511951722689,-3.34975884979374,3446400,0.8030992397541581,True,False,False,False,True,0.0014591558778005,0.0124027357744738,-0.0364786589990263,0.0885214037179458,0.1067607033780988,-0.0364786589990263,0.0452334621650976,0.1135700060482221,-0.0364786589990263,0.0369650149816496,0.1135700060482221,-0.0586089337924703,232.14527893066406,217.5597673034668,BULL_ABOVE_SMA200
8697,2023-12-28,1355.210205078125,1357.5762548828125,1349.2561881510417,1339.8154915364582,0.0070462662017418,-12.61762519428271,-13.548358122905656,2589000,0.6775553572409967,True,True,False,False,True,0.0448475312564122,0.0530639570178932,-0.0068469790554696,0.120164220805085,0.1448133112384488,-0.0068469790554696,0.1242723531019336,0.1547414992345046,-0.0068469790554696,0.3813760585817791,0.3817184070473509,-0.0068469790554696,232.0043487548828,217.72687240600587,BULL_ABOVE_SMA200
8766,2023-12-28,3258.634521484375,3345.3583984375,3243.8239225260418,3232.0608138020834,0.0036395072375263,-26.14572079219897,-9.1480173314349,2965000,0.6430003502345921,True,False,False,False,True,0.0221968872212774,0.0321571523485006,-0.0193511152331843,0.0768355286851707,0.1089926150333271,-0.0193511152331843,0.1183837231717686,0.1198066032266946,-0.0193511152331843,0.2657940700963719,0.286283358374199,-0.0193511152331843,232.0043487548828,217.72687240600587,BULL_ABOVE_SMA200
4507,2024-01-04,2171.0654296875,2179.376298828125,2155.7471337890624,2147.3335709635417,0.0039181443159506,-14.829208611414288,-10.64091441799309,3989400,1.4011463733299616,True,False,False,False,True,0.0549943076803358,0.0642322544693412,-0.0064952268628908,0.0532620972475801,0.0642322544693412,-0.0064952268628908,0.0062067875120717,0.0835737801557559,-0.0064952268628908,0.1280310871273509,0.1352482118560243,-0.0064952268628908,233.6484375,218.12446632385254,BULL_ABOVE_SMA200
7733,2024-01-09,1982.15673828125,2014.310146484375,1974.1599918619795,1971.162853190104,0.0015204926711278,-19.939431928047497,-14.659611890942733,4015800,1.043159767771096,True,False,False,False,True,0.0869353955467442,0.1051481200029564,0.0174841278666957,0.0947061392693653,0.1119475013158715,0.0174841278666957,0.0441961819031462,0.1119475013158715,0.0174841278666957,0.0390966082409542,0.1189897026793604,-0.0599805686709408,236.9365997314453,218.61158180236816,BULL_ABOVE_SMA200
6702,2024-01-18,1921.411376953125,2034.5018017578125,1912.084254557292,1898.62923828125,0.0070867002386532,-17.796311644846583,1.7368677022862262,15141000,2.1296556768313266,True,False,False,False,True,0.0578573261003894,0.0783223299663742,-0.0053056999590721,0.0651845509987736,0.097271467027437,-0.0053056999590721,0.1940374081603273,0.2152602117071786,-0.0053056999590721,0.2698332588107828,0.2718544816660326,-0.0053056999590721,244.78125,220.6129133605957,BULL_ABOVE_SMA200
7309,2024-01-22,20876.21875,20907.058046875,20804.1178125,20688.888151041665,0.0055696401187481,-54.19652648532429,11.92179127120189,183800,0.951912370199653,True,False,False,False,True,0.0032147262360431,0.0408726155945495,-0.0151549626402531,-0.0080367688114016,0.0408726155945495,-0.0431687011389848,-0.0702640489552256,0.0408726155945495,-0.1065440942785959,0.0491388788678506,0.0555682701150161,-0.1065440942785959,250.23025512695312,221.1957958984375,BULL_ABOVE_SMA200
7309,2024-01-29,20943.330078125,21048.352109375,20920.432213541662,20804.1178125,0.0055909316650657,-53.42730454776392,-19.54529564082267,169300,0.8051361312566877,True,False,False,False,True,-0.0112154404766956,-0.0073242327294713,-0.0462347951659898,-0.0137331162917788,-0.0073242327294713,-0.0462347951659898,-0.0425726605045143,-0.0073242327294713,-0.1094071066185826,0.0347905923583777,0.0521857808800296,-0.1094071066185826,248.35128784179688,222.54183013916017,BULL_ABOVE_SMA200
6954,2024-02-05,3855.655517578125,4000.900693359375,3843.4283072916655,3837.5421875,0.0015338254289005,-19.491639475277225,16.358156111597612,3127100,0.7131625249296724,True,False,False,False,True,-0.0132679109706248,-0.0100737524522347,-0.03562661247927,0.0363635500179988,0.0388205522702937,-0.0449632204963698,0.106879510965939,0.1216215421015887,-0.0449632204963698,0.0710428477850457,0.1253070276257277,-0.0449632204963698,251.63946533203125,223.98505325317382,BULL_ABOVE_SMA200
4507,2024-02-07,2208.984130859375,2237.300625,2206.4686588541667,2201.51314453125,0.0022509583171133,-2.2515464976654584,7.434378745868989,3600300,1.0969484522890036,True,False,False,False,True,-0.0076606993435786,0.0317775149382049,-0.0153213598675482,0.0139024109087544,0.0317775149382049,-0.0153213598675482,0.1227124361972189,0.1543481331713505,-0.0153213598675482,0.0796508708721122,0.1543481331713505,-0.0153213598675482,250.6529998779297,224.53180725097656,BULL_ABOVE_SMA200
4307,2024-02-07,4085.051513671875,4182.629365234375,3994.800699869792,3973.928001302083,0.0052524098476038,-5.840209005098586,30.02020218764603,1977200,1.532635952452008,True,False,False,False,True,-0.0241133787913261,0.0297872244343229,-0.034042546341234,-0.0118204407492518,0.0297872244343229,-0.0555555392087975,0.0276597381207959,0.0569739171334038,-0.0555555392087975,-0.0094474955163258,0.0569739171334038,-0.0555555392087975,250.6529998779297,224.53180725097656,BULL_ABOVE_SMA200
3407,2024-02-13,970.45263671875,1009.6764624023438,952.1432869466146,944.5493229166668,0.0080397749971368,-3.1279776783820807,7.763318488361305,5539500,1.4052511415525115,True,False,False,False,True,-0.0004749716601919,0.0052257414291985,-0.0475059659708989,-0.005700603324701,0.0118764056015219,-0.0475059659708989,0.0190024513367885,0.0323040694763587,-0.0475059659708989,0.0889506447086194,0.0923293755114387,-0.0475059659708989,256.9944763183594,225.3695851135254,BULL_ABOVE_SMA200
4307,2024-02-13,4119.81787109375,4186.221875,4010.60009765625,3984.280654296875,0.0066058206343948,-18.114932547347053,6.583057654263748,2555100,1.8881002612200863,True,False,False,False,True,-0.0431315998661671,-0.0159398842486984,-0.0541489983997947,-0.030004549986862,-0.0098452906851601,-0.0635255259209188,-0.0187529030018417,0.0480543157970214,-0.0635255259209188,-0.0326740375900738,0.0480543157970214,-0.0635255259209188,256.9944763183594,225.3695851135254,BULL_ABOVE_SMA200
4452,2024-02-13,2675.561767578125,2744.528603515625,2675.314427083333,2664.688186848958,0.0039877987551484,-14.517176675434255,-1.3811315253220078,3333800,1.0771149422316422,True,False,False,False,True,-0.0065165929212623,0.0001759029959493,-0.0387460973967851,0.0096864697204632,0.015498375093004,-0.0387460973967851,-0.0079252851123463,0.0211340439486729,-0.0387460973967851,0.0757308469006718,0.1095455934042601,-0.0387460973967851,256.9944763183594,225.3695851135254,BULL_ABOVE_SMA200
4661,2024-02-13,5191.46044921875,5373.98771484375,5159.4429752604165,5124.681516927083,0.0067831451024837,-52.24977438243696,-6.952302978223024,4428700,1.158549426114254,True,False,False,False,True,0.0274442206256122,0.0587001625186252,-0.0163902555557587,0.0150561821636361,0.0587001625186252,-0.0163902555557587,-0.0627024115906991,0.0587001625186252,-0.076996324931796,-0.0936371902061594,0.0587001625186252,-0.1138718277946919,256.9944763183594,225.3695851135254,BULL_ABOVE_SMA200
1925,2024-02-16,4011.166748046875,4101.007763671875,3976.36744140625,3954.3677506510417,0.0055633901909062,-18.386033202467843,3.3981028110111864,2119300,1.1967665336800586,True,False,False,False,True,0.0057417832383095,0.0158475308543251,-0.0130915194896484,-0.0009187607910265,0.0158475308543251,-0.0192926710444221,0.0096464100860031,0.0174551587681297,-0.034680656594925,0.0086065883335091,0.0654064182564366,-0.034680656594925,258.35675048828125,226.24260406494142,BULL_ABOVE_SMA200
4507,2024-02-16,2241.26171875,2248.494404296875,2211.3949283854167,2206.949169921875,0.0020144362743519,1.3992982423869762,3.787651903328333,3905700,1.114950649795534,True,False,True,False,True,0.0282436955676821,0.0295020846848066,-0.0152404816410206,0.0791387297542713,0.0794183035386772,-0.0152404816410206,0.0963367060964195,0.137723759046227,-0.0152404816410206,0.0214137849599922,0.137723759046227,-0.0152404816410206,258.35675048828125,226.24260406494142,BULL_ABOVE_SMA200
4578,2024-02-16,5368.0009765625,5481.87640625,5285.18419921875,5249.44439453125,0.0068083023652434,-34.97654665032678,2.620853139179278,1735600,1.5174379464402807,True,False,False,False,True,0.0303462921285766,0.0378436144205724,-0.0191004265956348,0.0790788987040356,0.1019277394576223,-0.0191004265956348,0.1288823946443342,0.1353086701356682,-0.0191004265956348,0.1310246281813545,0.162084790046791,-0.0191004265956348,258.35675048828125,226.24260406494142,BULL_ABOVE_SMA200
7733,2024-02-16,2084.20068359375,2101.97169921875,2048.2221142578123,2035.68802734375,0.0061571747466713,-7.063526919249398,2.3714213713739425,7047500,1.6455144990899762,True,False,False,False,True,0.0346419057253428,0.0376442148267781,-0.0108545071592863,0.0120091799281376,0.0642031723205975,-0.027713671353398,0.0055426533750129,0.0642031723205975,-0.0418014255006026,0.0432361402038166,0.0679198524497104,-0.0452526706657649,258.35675048828125,226.24260406494142,BULL_ABOVE_SMA200
3407,2024-02-19,967.6865234375,1000.3453442382812,957.7726822916668,950.5721215820312,0.0075749756869067,-11.26584709627798,-3.024536232687217,2858100,0.6669295711545552,True,False,False,False,True,-0.004287847243597,0.0147688348094592,-0.0119105222185444,0.0076227204057679,0.0352548907678691,-0.017151004357627,0.0666983462692412,0.0762266538152396,-0.017151004357627,0.0625350056665028,0.0954517779836447,-0.017151004357627,259.62506103515625,226.54942008972168,BULL_ABOVE_SMA200
6954,2024-02-19,3869.865478515625,3925.1517578125,3859.962467447917,3844.501956380208,0.0040214600598786,-49.12136221270612,-45.568009339532935,3175400,0.7024995879556961,True,False,False,False,True,0.0746632587572406,0.0756424507925548,0.0044062996708851,0.1099142266949104,0.117503001447293,0.0044062996708851,0.0859241476025851,0.1211749540448678,0.0044062996708851,0.0789833731931466,0.1211749540448678,0.0044062996708851,259.62506103515625,226.54942008972168,BULL_ABOVE_SMA200
4578,2024-02-20,5326.79638671875,5459.4921484375,5300.960221354167,5263.6061328125,0.0070966724331456,-37.2440570944882,-11.93281325795926,862000,0.731736303288569,True,False,False,False,True,0.1066738690980402,0.1104515269737,-0.0030579931739572,0.0840079348965225,0.1104515269737,-0.0030579931739572,0.1527253084278073,0.1568627432114899,-0.0030579931739572,0.11422908883346,0.1710739129006184,-0.0030579931739572,259.5310974121094,226.86541076660157,BULL_ABOVE_SMA200
6723,2024-02-20,2387.28955078125,2441.119130859375,2369.8153548177083,2345.6479329427084,0.0103030900484204,1.3976999210622123,10.446681333580427,20937200,0.7867427762356877,True,False,True,False,True,0.0324158359017656,0.0778796914385706,-0.0193679297906698,0.0880733515245637,0.1274209884700576,-0.0193679297906698,0.0574923877656918,0.1274209884700576,-0.0291539267726567,0.039959244607826,0.1635066008746932,-0.0291539267726567,259.5310974121094,226.86541076660157,BULL_ABOVE_SMA200
4507,2024-02-22,2239.6943359375,2242.59041015625,2215.0259016927084,2210.2542415364583,0.0021588738827318,1.009425858873783,2.2282261681194155,4721100,1.428668697203397,True,False,True,False,True,0.0649225815987899,0.0687003913088368,0.003218244485676,0.1073180457189548,0.1385199608478249,0.003218244485676,0.0930462966879113,0.1385199608478249,0.003218244485676,0.0279279399087923,0.1385199608478249,-0.001069490608436,261.7388610839844,227.48118782043457,BULL_ABOVE_SMA200
4307,2024-02-29,4059.94287109375,4067.5138671875,4044.001575520833,4039.2759375,0.001169922058793,-27.945999759952883,-31.544580119040397,2787400,1.7244974031076097,True,True,False,False,True,0.0468600247535617,0.0635107530304452,-0.009752693600584,-0.0099904831923651,0.0635107530304452,-0.0221217867380617,0.0136809672145796,0.0635107530304452,-0.0337773455080535,-0.0564840513193219,0.0635107530304452,-0.0849811066221141,263.52386474609375,228.70681427001952,BULL_ABOVE_SMA200
1925,2024-03-01,4036.961669921875,4050.080498046875,3997.359869791667,3990.5671223958334,0.0017022010124103,-16.857043672314376,-15.63806182313346,1463000,0.7998972107480379,True,False,False,False,True,0.0073026377658349,0.0109539386730062,-0.0182564798849313,-0.0045640881273172,0.0109539386730062,-0.040848745143569,0.0274772389773574,0.0585988046174941,-0.040848745143569,0.0311931465804113,0.0585988046174941,-0.040848745143569,266.2953186035156,229.02608543395996,BULL_ABOVE_SMA200
7733,2024-03-06,2073.129638671875,2082.1597412109377,2071.082530924479,2065.4283984375,0.002737510770771,-0.3435258470740336,2.350411097152489,4857500,0.9750384144058788,True,False,False,False,True,-0.0127697700028227,0.0271651793691816,-0.0222891604617994,0.0448108405319696,0.0471326423998184,-0.0366843989218135,0.0010490442309691,0.0502119709131121,-0.0401540746228898,0.0694088550968206,0.1094414545323625,-0.0401540746228898,268.55010986328125,229.98337890625,BULL_ABOVE_SMA200
9202,2024-03-13,2978.2041015625,3035.127548828125,2975.8652962239585,2970.84818359375,0.0016887812234616,-16.691597437362816,-5.531728143682878,2170300,0.9184064254172988,True,False,False,False,True,0.011399634912635,0.0174160349937009,-0.001899905582293,0.0164660664508844,0.0309410579035078,-0.001899905582293,0.0039210658426243,0.0315843792991978,-0.0218122202496181,-0.0298538601250425,0.0315843792991978,-0.0499580646709385,260.4236145019531,231.35421745300292,BULL_ABOVE_SMA200
5108,2024-03-14,2820.8974609375,2897.175947265625,2807.1034798177084,2798.3841471354167,0.0031158455107807,-15.505824810193644,0.8693475368668486,4094400,0.7983776616488574,True,False,False,False,True,0.0998378452668578,0.1058346033386046,-0.0063209478937226,0.080388884023016,0.1058346033386046,-0.0063209478937226,0.0815234305627052,0.1058346033386046,-0.0063209478937226,0.1189626874481366,0.1439221659846974,-0.0063209478937226,261.9737548828125,231.6137622833252,BULL_ABOVE_SMA200
8001,2024-03-14,1181.2152099609375,1236.6145947265625,1180.6282389322917,1176.679571940104,0.0033557708371507,-9.6923343563235,0.1659989259299821,15176000,0.7840067985829398,True,False,False,False,True,0.0584581329125206,0.0680153169568775,0.0027078607296862,0.0431914795770997,0.0680153169568775,0.0027078607296862,0.0959153166196713,0.1349343328470731,0.0027078607296862,0.1499291842155983,0.2063615014413626,0.0027078607296862,261.9737548828125,231.6137622833252,BULL_ABOVE_SMA200
8002,2024-03-14,2239.456298828125,2269.11251953125,2203.797709960937,2199.385037434896,0.0020063210629039,-0.2823517567017006,13.910634371710714,5927200,0.8916253675179218,True,False,False,False,True,0.1052632382236506,0.1126935793209524,-0.0043343362161087,0.1046587344580118,0.1176471673464616,-0.0043343362161087,0.1235453072029266,0.13445751700885,-0.0043343362161087,0.2637260783578603,0.292265932071756,-0.0043343362161087,261.9737548828125,231.6137622833252,BULL_ABOVE_SMA200
8830,2024-03-14,2179.697265625,2209.956669921875,2153.539464518229,2145.9761979166665,0.0035243944499034,-16.310164874610564,-10.497996975223362,2788600,1.015572648078548,True,False,False,False,True,0.21148706771027,0.21148706771027,-0.0028941508478896,0.2993959480468278,0.314843625582188,-0.0028941508478896,0.3287242216656736,0.3571569050947452,-0.0028941508478896,0.1628294676099122,0.3571569050947452,-0.0028941508478896,261.9737548828125,231.6137622833252,BULL_ABOVE_SMA200
5108,2024-03-18,2890.391357421875,2892.76859375,2811.4450846354166,2801.8491243489584,0.0034248668863239,-13.41882063582034,-5.03186609232524,4175000,0.801726736962579,True,False,False,False,True,0.0509330863989598,0.0792469389187249,0.0033216885477047,0.0423915176251998,0.0792469389187249,0.0033216885477047,0.0713380296025616,0.0792469389187249,0.0033216885477047,0.0947484522186463,0.1164187594356167,0.0033216885477047,267.7045593261719,232.17995468139648,BULL_ABOVE_SMA200
7269,2024-03-18,1494.6964111328125,1536.797685546875,1490.1572330729166,1488.5169596354167,0.0011019514603995,-24.86436871502792,-15.8088420948257,6826000,0.6337905241538627,True,False,False,False,True,0.0691674085611782,0.0918010859542903,-0.0090218184752232,0.1204631153133968,0.1441123805285111,-0.0090218184752232,0.1418752485288765,0.1792666662098518,-0.0090218184752232,0.1415556778593714,0.2243280851802738,-0.0090218184752232,267.7045593261719,232.17995468139648,BULL_ABOVE_SMA200
9104,2024-03-18,4243.3798828125,4454.2898046875,4233.0834375,4186.74291015625,0.011068395728655,-86.61160810583988,-50.77411601424272,4193200,0.6816942211571992,True,False,False,False,True,-0.019298558117067,0.0099606207581155,-0.0390122255804691,-0.0591788081664891,0.0099606207581155,-0.0600284999179757,-0.0547179303423231,0.0099606207581155,-0.0647017024940055,0.0757097279977243,0.0876054972981448,-0.0647017024940055,267.7045593261719,232.17995468139648,BULL_ABOVE_SMA200
6954,2024-04-03,4003.21533203125,4130.095244140625,4002.143863932292,3989.772685546875,0.003100722612652,-9.27649129908741,9.86457266193441,4117900,1.0569110907777264,True,False,False,False,True,0.0401722980245982,0.0542802743608901,-0.0040650423455602,0.0430416956096693,0.079148824458147,-0.0040650423455602,0.1183644494751228,0.1267336883836192,-0.0040650423455602,0.0602584470368972,0.1353420145390427,-0.0040650423455602,268.45611572265625,235.52735679626466,BULL_ABOVE_SMA200
9022,2024-04-03,3657.74462890625,3754.72859375,3652.718743489583,3643.3729915364574,0.0025651372985513,-10.768636359702668,21.95397216092368,8720500,2.902571391007537,True,False,False,False,True,-0.023643179517561,0.0056420748448409,-0.0252552160951324,-0.0413756475885058,0.0056420748448409,-0.0413756475885058,-0.0276733162365117,0.0056420748448409,-0.0537345638205425,-0.0615260641983825,0.0056420748448409,-0.0854379399707123,268.45611572265625,235.52735679626466,BULL_ABOVE_SMA200
9735,2024-04-04,5198.99072265625,5368.07388671875,5185.939290364583,5170.97958984375,0.0028930109394003,-26.17071862480589,12.15050756078455,1178400,0.975739008031796,True,False,False,False,True,0.0032482641753728,0.0116009564401053,-0.0176333914712601,-0.0018561107065834,0.0153132662566366,-0.0176333914712601,-0.0055684260382193,0.0408352961826052,-0.0208816002765508,-0.093085881959699,0.0408352961826052,-0.1082134915831711,271.18060302734375,235.7966544342041,BULL_ABOVE_SMA200
7741,2024-04-04,18103.33984375,18781.014453125,17961.465416666666,17836.212473958334,0.0070223957519683,-88.77432342597604,43.8351574105414,974400,1.1316810294766673,True,False,False,False,True,-0.0827474859503436,-0.0232559050900489,-0.1022174685598883,-0.0411034307162331,-0.0232559050900489,-0.1022174685598883,-0.0051379288395291,0.0146024727778781,-0.1022174685598883,0.0351540796059084,0.070578635259606,-0.1022174685598883,271.18060302734375,235.7966544342041,BULL_ABOVE_SMA200
7733,2024-04-04,2075.304443359375,2085.578237304688,2073.6788818359373,2069.883084309896,0.0018338221877429,1.9447538101144344,5.1925154320265925,2904500,0.6472603693696203,True,False,True,False,True,0.0098223069916205,0.0238540877966697,-0.0149671313805325,0.0339103343624165,0.0724977212963036,-0.0149671313805325,0.0682881735513438,0.1082788210288567,-0.025724938973721,0.1749299772117867,0.2174931222462548,-0.025724938973721,271.18060302734375,235.7966544342041,BULL_ABOVE_SMA200
9735,2024-04-08,5196.57861328125,5358.6643359375,5193.009140625,5178.063033854167,0.0028864281244,-36.12710816021536,-4.753438656113901,660800,0.543926510655461,True,False,False,False,True,0.012070460648077,0.0148561039982104,-0.0167131662797763,0.0222841369579762,0.024141147197682,-0.0204271203490901,-0.0176416593211823,0.0413184234019909,-0.0241411946564864,-0.0999071372925752,0.0413184234019909,-0.1077995487262396,270.6639099121094,236.27606658935548,BULL_ABOVE_SMA200
6752,2024-04-09,1334.681640625,1340.02302734375,1328.6427848307292,1328.554353841146,6.656181535036332e-05,-3.899507371282653,-0.3098997868283984,6225900,0.6553634135866407,True,False,False,False,True,-0.0049857724439787,0.0160256715298106,-0.016737777492823,-0.027065556509994,0.0160256715298106,-0.0445155352493833,-0.0584045016001885,0.0160256715298106,-0.0683760121732576,-0.0487891943742436,0.0160256715298106,-0.0683760121732576,273.15350341796875,236.5279029083252,BULL_ABOVE_SMA200
4568,2024-04-12,4453.35009765625,4557.116796875,4387.955504557292,4346.5876171875,0.0095173250865143,-46.8722787413335,-23.23039923124061,3985400,1.0480392981865612,True,False,False,False,True,0.0008634431965663,0.0021587798357336,-0.0408032006276876,0.0816060723246336,0.0919687652331331,-0.0408032006276876,0.1843695181636104,0.1917096295421685,-0.0408032006276876,0.2145939772123362,0.2625214530063642,-0.0408032006276876,273.95208740234375,237.28378242492676,BULL_ABOVE_SMA200
7182,2024-04-18,1439.7901611328125,1495.49978515625,1424.5860579427083,1414.1072542317709,0.0074101901956724,-9.100993505040153,0.8366137994659724,5224300,0.7386116622968457,True,False,False,False,True,0.0319010279224818,0.0397135317727981,-0.0117187460517872,0.0156249880773335,0.0494792345315611,-0.0117187460517872,-0.0244140597677222,0.068033881315475,-0.0257161431047023,-0.0361328220215738,0.068033881315475,-0.0501302008139956,265.6846618652344,238.20824234008788,BULL_ABOVE_SMA200
4568,2024-04-19,4457.1953125,4521.49060546875,4434.055003255208,4387.955504557292,0.0105059175395096,-56.47947405366904,-47.19455317958519,5970000,1.7785139428641223,True,False,False,False,True,0.0806729725987298,0.091026725629616,-0.0094908652564067,0.1408542586513028,0.1906815436640145,-0.0094908652564067,0.1704054276704976,0.2070751041693863,-0.0094908652564067,0.1512078433572121,0.2614322778880924,-0.0094908652564067,260.658447265625,238.41849960327147,BULL_ABOVE_SMA200
2502,2024-04-22,1694.5333251953125,1700.89884765625,1683.130966796875,1681.8745345052084,0.000747042817933,-3.556549337425849,4.263917945937406,6030600,1.2849778027787278,True,False,False,False,True,-0.0124247052774904,0.019184993377602,-0.0219259108444033,0.0020097082349987,0.019184993377602,-0.0232048872344617,0.0681527231301655,0.0964734762811005,-0.0232048872344617,0.0407453252744258,0.0964734762811005,-0.0232048872344617,264.3694152832031,238.62503761291504,BULL_ABOVE_SMA200
6098,2024-04-22,6269.22265625,6544.821015625,6191.225260416667,6162.353216145833,0.0046852303427182,-14.017418501321115,60.21105412712101,4681800,1.2896454838443103,True,False,False,False,True,0.0941661614496913,0.0941661614496913,-0.0147431734408834,0.1044704848400637,0.1274572689373807,-0.0147431734408834,0.2317691961161951,0.2840837808223839,-0.0147431734408834,0.3045340705243435,0.322606341030262,-0.0147431734408834,264.3694152832031,238.62503761291504,BULL_ABOVE_SMA200
9020,2024-04-22,2804.38525390625,2810.459580078125,2774.1436848958333,2759.7360319010418,0.0052206634360123,-5.623884447126329,-3.4347787716653846,2555200,0.8834506853554012,True,False,False,False,True,-0.0090769705161471,0.0030826121000981,-0.0262032376108535,-0.018153853975559,0.0464119335076778,-0.0262032376108535,-0.0313410341399952,0.0464119335076778,-0.0474397070297094,-0.1245077594538827,0.0464119335076778,-0.1419764114599293,264.3694152832031,238.62503761291504,BULL_ABOVE_SMA200
4063,2024-04-23,5962.517578125,6209.60294921875,5924.777233072917,5895.748125,0.0049237361327942,-47.88970923289162,-8.827284927462054,4632800,0.7450651176105423,True,False,False,False,True,-0.0215849566743284,0.0457474707709393,-0.0686210646962666,-0.0655605214738295,0.0457474707709393,-0.0737758294046162,-0.0473582690564656,0.0457474707709393,-0.0737758294046162,-0.0211017132090477,0.0457474707709393,-0.0765141232401899,263.429931640625,238.8271078491211,BULL_ABOVE_SMA200
4507,2024-04-23,2326.322021484375,2372.444755859375,2321.716985677084,2311.764166666667,0.0043052916702863,-29.130174798587632,-21.48858448275924,1739700,0.8243187536425536,True,False,False,False,True,0.0062643941433251,0.0132098567886671,-0.0292795633787518,0.0198829525592123,0.0288711054585688,-0.0292795633787518,-0.0574697372073486,0.0418084438379149,-0.0836170912533907,-0.1818058553105567,0.0418084438379149,-0.1849380538203272,263.429931640625,238.8271078491211,BULL_ABOVE_SMA200
9983,2024-04-23,41146.28125,43357.91671875,40808.948229166665,40435.981770833336,0.0092236281153521,-852.7592533232746,-471.0581444152123,1745700,1.064983711367879,True,False,False,False,True,-0.0234707571537828,0.027975294697208,-0.0317685293071252,-0.0346136421806041,0.027975294697208,-0.0379327173481516,-0.0443338211761239,0.027975294697208,-0.0550023843235003,-0.0433856036503906,0.027975294697208,-0.0720721727185214,263.429931640625,238.8271078491211,BULL_ABOVE_SMA200
8035,2024-04-24,33297.50390625,36209.839453125,32363.55700520833,31787.533932291662,0.0181210368235427,-783.7269143558951,-55.953246275473816,5081400,1.2366557677869352,True,False,False,False,True,0.0057455507937966,0.0203964610170859,-0.0405056118887076,-0.0048837651001664,0.0640619458834215,-0.0405056118887076,0.0235563359256119,0.0787128804601309,-0.0405056118887076,0.0051709487889775,0.0787128804601309,-0.0453893591085294,268.64404296875,239.05915229797364,BULL_ABOVE_SMA200
8015,2024-04-24,3082.830078125,3129.83642578125,2994.128668619792,2968.169296875,0.0087459201778425,-19.051574763762343,3.4084147079796057,2854800,1.407713131851063,True,False,False,False,True,0.0177664661060599,0.0421320039900303,-0.0329949635116929,-0.0181724920473717,0.0421320039900303,-0.0329949635116929,-0.0264975681208102,0.0421320039900303,-0.0593909145776256,-0.0746192843553223,0.0421320039900303,-0.1129949369653477,268.64404296875,239.05915229797364,BULL_ABOVE_SMA200
6146,2024-04-24,47458.8203125,52974.81265625,46267.79481770833,45294.496484375,0.0214882250356638,-738.5976029449157,497.2673130779109,3065200,1.163316735487005,True,False,False,False,True,-0.0400578363248796,0.0074333741710717,-0.0766054299945927,0.0883749711303993,0.0883749711303993,-0.0766054299945927,0.2758621001858683,0.2940326400081359,-0.0766054299945927,0.3049762384461925,0.364856538125043,-0.0766054299945927,268.64404296875,239.05915229797364,BULL_ABOVE_SMA200
2502,2024-04-26,1692.05615234375,1700.4282373046874,1685.4551578776045,1682.1195458984375,0.0019829815231029,0.37926261631128,1.9455150037755733,5979000,1.2189751556593964,True,False,True,False,True,0.0,0.0087831657954553,-0.0217748576627303,0.0633120616760707,0.0733761286509493,-0.0217748576627303,0.0417199684532301,0.0980787151640654,-0.0217748576627303,0.0653248564134276,0.0980787151640654,-0.0217748576627303,266.1543884277344,239.4644009399414,BULL_ABOVE_SMA200
8035,2024-04-26,32742.703125,35813.744609375,32607.20984375,32038.35083333333,0.0177555646785918,-931.650929642863,-366.0393960857166,4399400,1.0477593349631389,True,False,False,False,True,0.0598889399498838,0.0820916851087016,0.0029215444822223,0.0292141665151539,0.0820916851087016,0.0005842264499902,0.0335962258766624,0.0969908688882386,0.0005842264499902,0.0414840758890457,0.0969908688882386,-0.0292141909394795,266.1543884277344,239.4644009399414,BULL_ABOVE_SMA200
3407,2024-04-30,1031.0113525390625,1031.0158154296876,1009.0812784830728,1007.1277783203124,0.0019396745922533,-0.7334528687285911,3.5366582585041333,5595300,1.5760298570523203,True,False,False,False,True,0.0290777517761271,0.0622444960938566,-0.0109040555396007,-0.0626987542690099,0.0622444960938566,-0.0667878047835901,-0.0840527134297769,0.0622444960938566,-0.0876874248844206,-0.061790044926353,0.0622444960938566,-0.1124943070695969,271.791259765625,239.70391494750976,BULL_ABOVE_SMA200
4507,2024-04-30,2336.14306640625,2349.53736328125,2328.13294921875,2319.103717447917,0.0038934143837128,-21.580342972359176,-23.49394538442805,1931700,0.9353369697057734,True,True,False,False,True,0.0155954085144263,0.0215623530169641,-0.008001189471382,-0.0221047646099705,0.0374287259712944,-0.02535944285914,-0.0539735111103307,0.0374287259712944,-0.0874695255678198,-0.1516138525434948,0.0374287259712944,-0.1890425748054823,271.791259765625,239.70391494750976,BULL_ABOVE_SMA200
5401,2024-04-30,598.3803100585938,602.1481860351563,594.8053849283854,592.1760009765625,0.0044402068768183,-5.5075287584541,-4.578306106130019,27022000,0.9912674408154056,True,False,False,False,True,-0.0369953150100118,-0.0045186602611612,-0.0465971040166154,-0.084157132754711,-0.0045186602611612,-0.0929116521376345,-0.0556340903580557,-0.0045186602611612,-0.0929116521376345,-0.0389721888198559,-0.0045186602611612,-0.0929116521376345,271.791259765625,239.70391494750976,BULL_ABOVE_SMA200
7751,2024-04-30,3921.67626953125,4050.102421875,3877.6219596354167,3839.981194661458,0.009802330549506,-32.91025919689855,-5.354696792030822,7344000,2.00040585576322,True,False,False,False,True,0.0135514834977319,0.0254673723078713,-0.0133177421018833,0.0142524652332358,0.033177796938534,-0.0133177421018833,0.050700900805108,0.062850535244866,-0.0133177421018833,0.0399093928190832,0.098831961326353,-0.0133177421018833,271.791259765625,239.70391494750976,BULL_ABOVE_SMA200
6902,2024-05-02,2516.99365234375,2662.653447265625,2496.948662109375,2465.4971516927085,0.0127566606171389,-25.346029979995365,4.531474088571397,6979800,1.0454131185132542,True,False,False,False,True,-0.0475479858299143,0.009509696314349,-0.0548200352724814,-0.0261048773347885,0.009509696314349,-0.0548201527477266,-0.0454968890178731,0.009509696314349,-0.078500812574578,-0.0576169448182597,0.009509696314349,-0.1383555126101729,270.9457702636719,240.23324668884277,BULL_ABOVE_SMA200
6146,2024-05-07,49595.10546875,51235.1428125,47185.92364583333,46454.605833333335,0.0157426330367276,-1451.6870193243449,-988.2240132393504,3454300,1.2948194850784451,True,False,False,False,True,0.026872138891604,0.0574984966996083,-0.0266745875403834,0.1288283157352268,0.147204131132282,-0.0266745875403834,0.1663702953298298,0.2841334555615316,-0.0266745875403834,0.2220904957937901,0.3060660035501241,-0.0266745875403834,272.5428771972656,240.50381660461426,BULL_ABOVE_SMA200
9984,2024-05-07,2003.8365478515625,2033.22689453125,1995.8642236328128,1970.7887613932287,0.0127235666910625,-48.357313868858,-52.05186594198314,25408800,1.052688272722527,True,True,False,False,True,0.0333003176462827,0.0347858338571076,-0.0441940770146173,0.0121317572632431,0.0627630451588561,-0.0441940770146173,0.1145086735168481,0.1370389656045814,-0.0441940770146173,0.3060164312489184,0.315919701014451,-0.0441940770146173,272.5428771972656,240.50381660461426,BULL_ABOVE_SMA200
6702,2024-05-09,2306.33642578125,2398.667978515625,2303.1423193359374,2278.5073193359376,0.0108119029466973,-13.22971377341446,2.288054175286291,5032900,0.7530589419109643,True,False,False,False,True,-0.0129073965512386,0.024968203777641,-0.0241219534607314,-0.0040202168914317,0.024968203777641,-0.0281422059992666,0.0093101821006453,0.024968203777641,-0.0674988940153737,0.1212441860982089,0.140287774841149,-0.0674988940153737,269.25469970703125,241.02593223571776,BULL_ABOVE_SMA200
6723,2024-05-13,2507.992431640625,2518.524775390625,2496.7787565104168,2491.4574479166668,0.0021358215843501,-12.705669577478147,-15.602399195758702,10166800,0.5949106548563822,True,True,False,False,True,0.0702503140107646,0.089850656878025,0.0052396355383943,0.1670871161210494,0.1822239293996395,0.0052396355383943,0.156607825158962,0.1864933615175743,0.0052396355383943,0.2711041857686029,0.2932272571770158,0.0052396355383943,270.4290771484375,241.55157089233398,BULL_ABOVE_SMA200
7267,2024-05-13,1600.3551025390625,1641.4211474609374,1592.8256526692708,1580.09236328125,0.008058572830248,-13.495366586091675,-8.449849827154939,25708000,2.350672453434365,True,False,False,False,True,0.0079726263145485,0.0176537908021603,-0.0384396421180915,-0.006264249976869,0.0176537908021603,-0.0384396421180915,-0.0273348604500541,0.022494306144789,-0.0532459699050075,-0.0318906578122272,0.025911143013525,-0.0691914264610742,270.4290771484375,241.55157089233398,BULL_ABOVE_SMA200
7270,2024-05-14,3018.164794921875,3142.790419921875,3005.3873274739585,2977.3525813802084,0.0094159980477535,-20.68939762731452,0.5743270033668066,6079500,1.9557035321366527,True,False,False,False,True,0.0207191110013158,0.0478366659423541,-0.0234612078910096,0.046313245086736,0.0478366659423541,-0.0234612078910096,0.0362584038070914,0.0987202796008028,-0.0234612078910096,0.0460085308657225,0.1011577682868372,-0.0289458777609737,270.8048400878906,241.81016258239745,BULL_ABOVE_SMA200
6178,2024-05-20,1378.0157470703125,1389.5953759765623,1367.3745914713545,1361.8535677083332,0.0040540509596134,1.206494585371729,5.824004829562014,8039900,0.987609280203224,True,False,True,False,True,-0.0122573847044457,0.0071501796853279,-0.0221314625827858,0.0466463602335254,0.0486892613920815,-0.0221314625827858,0.0044262827312786,0.0486892613920815,-0.0221314625827858,0.147088793621589,0.1562818471768823,-0.0221314625827858,275.0794372558594,242.85040046691896,BULL_ABOVE_SMA200
7267,2024-05-20,1613.1141357421875,1619.2932275390624,1603.6986865234376,1592.8256526692708,0.0068262548609421,-14.893621373789756,-13.337174202891234,13404600,1.068240319405816,True,False,False,False,True,-0.0141242687745121,0.000564924447608,-0.0409604404258191,-0.0025423335695109,0.0144068196408626,-0.0409604404258191,-0.072033944799518,0.0144068196408626,-0.0765537185843605,-0.0367230836789919,0.0177966308118555,-0.0765537185843605,275.0794372558594,242.85040046691896,BULL_ABOVE_SMA200
7270,2024-05-20,3049.431884765625,3108.985517578125,3025.085029296875,3000.944130859375,0.0080444344795538,-29.10174365643797,-16.164997210371794,3080300,0.8785795778665145,True,False,False,False,True,0.0159829015282286,0.0256332295416303,-0.0105549793224196,0.0717731025878682,0.0874546448879722,-0.0105549793224196,-0.0162848916930528,0.0874546448879722,-0.0389024984137827,0.0199034095826475,0.0898671409915781,-0.0389024984137827,275.0794372558594,242.85040046691896,BULL_ABOVE_SMA200
8801,2024-05-20,1427.2447509765625,1497.208408203125,1406.9370670572916,1392.2595784505208,0.0105422069518859,-24.963936208984933,-9.903304149745864,12526000,1.0125035212505704,True,False,False,False,True,-0.048322231572404,0.0030200839473382,-0.0708054457670228,-0.0151006813297549,0.0030200839473382,-0.0929531325153454,-0.0496645181585443,0.0318790807437587,-0.0929531325153454,0.0275167039585821,0.0426173740036952,-0.0929531325153454,275.0794372558594,242.85040046691896,BULL_ABOVE_SMA200
8630,2024-05-22,2834.85693359375,2898.417958984375,2807.435276692708,2770.877041015625,0.0131937415973115,-6.935356748068443,5.22692993152659,5969900,2.0896499340191608,True,False,False,False,True,0.0965174058228452,0.1207296776392603,-0.0116086663579415,0.0597015529505302,0.1439469836607958,-0.0116086663579415,0.0729685742863113,0.1565506539223071,-0.0116086663579415,0.1446102828092039,0.1923713998076646,-0.0116086663579415,271.791259765625,243.36006797790526,BULL_ABOVE_SMA200
2503,2024-05-30,1995.6072998046875,2066.400263671875,1994.065076497396,1990.2806005859372,0.0019014785705815,-8.095620190736554,3.750741610246991,2788800,1.081160712555002,True,False,False,False,True,0.0251673979990842,0.031401535347838,0.0013852164645205,-0.0016163430239084,0.031401535347838,-0.0055415331646562,-0.0203696901428094,0.031401535347838,-0.0547218953737943,-0.0119164314444292,0.031401535347838,-0.0547218953737943,270.616943359375,244.8383381652832,BULL_ABOVE_SMA200
4578,2024-05-30,5994.68212890625,6142.5945703125,5926.826959635417,5896.495807291667,0.0051439284169831,-47.11613185469287,-2.874613153492204,1140000,1.1263097055292914,True,False,False,False,True,0.0330882457751251,0.0596227728985461,-0.010549783313511,0.0177429393190204,0.0637788232398832,-0.010549783313511,0.0765436716412635,0.0839194803005378,-0.0151854623931362,0.2083093014813177,0.2220180962792237,-0.0151854623931362,270.616943359375,244.8383381652832,BULL_ABOVE_SMA200
6178,2024-05-30,1385.991943359375,1391.82873046875,1374.653914388021,1369.8808951822916,0.0034842585384724,-6.540714985628028,-4.408256264559505,33792900,3.8481593563796928,True,False,False,False,True,0.0118482873858358,0.0426541964444302,-0.0013540041798821,0.0020311702101611,0.0426541964444302,-0.0013540041798821,0.0670278242663451,0.0751523885602341,-0.0013540547572205,0.0230196354673919,0.1496276014413633,-0.0013540547572205,270.616943359375,244.8383381652832,BULL_ABOVE_SMA200
9021,2024-05-30,2934.372802734375,2950.906513671875,2926.755478515625,2925.642789713542,0.0003803228493906,17.20491018315579,21.51666101930958,1582500,0.7102145229333094,True,False,True,False,True,0.0154193406195142,0.0244137307274905,0.0028910868606109,-0.0607129880871349,0.0244137307274905,-0.0619979224399569,-0.0460968629253,0.0244137307274905,-0.08544811014572,-0.0822357345015982,0.0244137307274905,-0.0883391720390396,270.616943359375,244.8383381652832,BULL_ABOVE_SMA200
8802,2024-05-31,2562.925048828125,2667.131865234375,2532.1260205078124,2499.928289388021,0.0128794618855541,-59.40062289720072,-40.95908377374423,17618100,3.2786034099663914,True,False,False,False,True,-0.0015153736408624,0.026709699547027,-0.0149647221885792,-0.0187533679865029,0.026709699547027,-0.0503882692476409,-0.0452735498046674,0.026709699547027,-0.0954725719814159,-0.0229209312746427,0.0304983152865758,-0.0954725719814159,277.14630126953125,245.11877258300783,BULL_ABOVE_SMA200
5108,2024-06-10,3068.697509765625,3125.37140625,3039.552727864583,3031.243958333333,0.0027410428343808,-13.040200463171914,1.917397302708661,2295800,0.7071746282081295,True,False,False,False,True,-0.0393325528655539,0.0068533969010726,-0.0400774873003665,-0.051698472120951,0.0068533969010726,-0.0604886983809453,-0.0549055502715526,0.0068533969010726,-0.0653560353839057,-0.1239700271731671,0.0068533969010726,-0.2472563941726075,276.4416809082031,246.69827156066896,BULL_ABOVE_SMA200
6954,2024-06-12,4242.52783203125,4322.8601953125,4228.325361328125,4208.866188151042,0.0046233765359102,-38.253969182440414,-21.74759152073304,2769800,1.0331527982931232,True,False,False,False,True,-0.0406137421986289,0.0099278890786731,-0.0437725868856512,-0.0144404851498446,0.0099278890786731,-0.0586642224720614,0.023240193552612,0.029557757227778,-0.0586642224720614,-0.1171028291123513,0.0489621526907488,-0.1823104691351152,273.529296875,247.25045028686523,BULL_ABOVE_SMA200
7751,2024-06-14,4074.695556640625,4099.06837890625,4059.839417317709,4043.6518196614575,0.0040032125361391,24.96315876694098,38.762454007346925,3661700,1.0266352650909805,True,False,True,False,True,-0.0229367931713169,-0.0035980609891472,-0.0317067858392284,-0.0041745474058554,0.0079473517644452,-0.0317067858392284,0.0070325542558449,0.0452278948057247,-0.0317067858392284,0.0520892419529281,0.0928006807448769,-0.1528394270973043,272.7307434082031,247.79229461669922,BULL_ABOVE_SMA200
8604,2024-06-14,830.3505249023438,837.9865795898437,826.01966796875,819.8218782552084,0.0075599223171893,4.724748856230349,9.435538725365523,12017000,0.7167359972707132,True,False,True,False,True,-0.0297522952578135,-0.0107107131855632,-0.0505246818026706,-0.0024883010817846,0.0236936890298,-0.0505246818026706,0.0318078706965501,0.064264965679188,-0.0505246818026706,-0.1514659564291512,0.1046197609318844,-0.2894081890626627,272.7307434082031,247.79229461669922,BULL_ABOVE_SMA200
1928,2024-06-14,3173.44189453125,3222.840947265625,3165.9452962239584,3154.826927083333,0.0035242405994373,-8.575360519080732,2.192924953147497,3054800,1.1704640590366315,True,False,False,False,True,-0.0231098892188265,-0.0019970733392566,-0.0288158512630932,0.0165478599011048,0.0219686876693117,-0.0288158512630932,0.0587732291729654,0.0736091784903987,-0.0288158512630932,-0.0145005338341942,0.1126962264989115,-0.1749778263892212,272.7307434082031,247.79229461669922,BULL_ABOVE_SMA200
7270,2024-06-18,3089.894287109375,3096.662734375,3087.614345703125,3085.803212890625,0.0005869242746698,-10.282054473585958,1.3771412305466084,3586800,1.4219283327188612,True,False,False,False,True,0.0261906272550693,0.0324406281751263,-0.0071428580039027,0.0324405250324999,0.0494048115493208,-0.0107142405567727,-0.0127975940975049,0.0755952473077046,-0.0127975940975049,-0.1959821769666061,0.0755952473077046,-0.3552083581925032,269.72442626953125,248.27236824035646,BULL_ABOVE_SMA200
6301,2024-06-19,4231.2001953125,4237.64279296875,4153.067955729167,4138.636920572917,0.0034869053345834,-18.36616688320828,-6.384442923827605,3582700,1.2734006518594343,True,False,False,False,True,0.0052504772374306,0.0181579371192606,-0.0133449936763337,0.0732882287896206,0.0737257698531304,-0.0133449936763337,0.090133538776421,0.1225114936086166,-0.0133449936763337,-0.0535987083489027,0.1225114936086166,-0.2728068058915996,271.18060302734375,248.51639785766602,BULL_ABOVE_SMA200
8306,2024-06-19,1465.658203125,1495.6809033203126,1461.394910481771,1457.2782291666667,0.0028249110106162,-2.55839456662784,9.587555318128784,35779700,0.5945311647109396,True,False,False,False,True,0.0522293771329807,0.0579618616330996,-0.0184713441321885,0.1471338602403731,0.1579618344569278,-0.0184713441321885,0.130573401188939,0.1780256490355853,-0.0184713441321885,-0.0108279796433182,0.1780256490355853,-0.2356687257155997,271.18060302734375,248.51639785766602,BULL_ABOVE_SMA200
8306,2024-06-24,1474.52685546875,1496.9691845703126,1461.3861946614584,1460.256376953125,0.0007737118811224,-7.789385197075035,1.2686515808997594,47993500,0.8061582708049128,True,False,False,False,True,0.1073125449735432,0.1073125449735432,0.0117125804067763,0.1342197626291008,0.1709403254319024,0.0117125804067763,0.1199746773908871,0.1709403254319024,0.0117125804067763,-0.0262741524277352,0.1709403254319024,-0.2402658534803082,272.1201171875,249.24332008361816,BULL_ABOVE_SMA200
8031,2024-06-25,3520.44580078125,3664.005712890625,3504.014645182292,3479.1693619791668,0.0071411537117558,-47.51633951942858,-31.4714953527528,16992800,2.102424008472647,True,False,False,False,True,0.012355626791207,0.0171904374259221,-0.0255170930195303,0.011281197324835,0.0445876254067241,-0.0255170930195303,-0.0413644595404107,0.0445876254067241,-0.0448562673369853,-0.1847972218095935,0.0445876254067241,-0.3550899808124061,276.91143798828125,249.50261627197267,BULL_ABOVE_SMA200
8053,2024-06-25,927.86376953125,935.3259912109374,904.6359903971354,898.7756266276042,0.0065203857291062,-9.653989143097988,-6.491877522155259,14940400,0.9758856872624854,True,False,False,False,True,0.0370370711453402,0.0420761239691758,-0.0105819548539614,0.0236836046551403,0.0491308121861713,-0.0105819548539614,-0.017636619103125,0.0491308121861713,-0.0196522403001434,-0.1529352485048137,0.0491308121861713,-0.325900699388524,276.91143798828125,249.50261627197267,BULL_ABOVE_SMA200
8031,2024-07-02,3563.943115234375,3587.790869140625,3533.805087890625,3504.014645182292,0.0085018031386634,-44.69887335666317,-43.922104353570354,10912700,1.253866376200128,True,False,False,False,True,-0.0010613162390152,0.0318386126006733,-0.0177766999261484,0.0021225639750783,0.0318386126006733,-0.0262669609091359,-0.0634120868390004,0.0318386126006733,-0.0960467161461906,-0.1942160080301901,0.0318386126006733,-0.3629609969851007,283.6286926269531,250.7464862060547,BULL_ABOVE_SMA200
7269,2024-07-04,1732.0738525390625,1758.9388134765625,1720.3727880859376,1701.5851350911455,0.0110412653515485,-7.238912688180108,-2.902402560776136,5126200,0.8885268207285948,True,False,False,False,True,0.0777718240889568,0.0882516934122374,-0.0358522079044217,0.0113073025027787,0.0882516934122374,-0.0358522079044217,-0.1086595820510447,0.0882516934122374,-0.1194152368468397,-0.0722557779892225,0.0882516934122374,-0.2829562750728392,288.32611083984375,251.3134619140625,BULL_ABOVE_SMA200
2502,2024-07-08,1744.653564453125,1774.4740283203123,1743.881202799479,1738.5644254557292,0.0030581422614559,-5.164979801383652,-0.7283526403363727,3596100,0.8307862910212427,True,False,False,False,True,0.0134625861011479,0.0384131975274804,-0.0089750640075102,0.0443367649015875,0.0622867861572427,-0.0089750640075102,-0.1007000880620074,0.0622867861572427,-0.1787830167849556,-0.0396697443822862,0.0622867861572427,-0.1787830167849556,285.13189697265625,251.8632920074463,BULL_ABOVE_SMA200
7309,2024-07-09,23885.091796875,24410.010625,23815.45458333333,23659.04934895833,0.0066107996170134,-207.0422111815897,-155.07528724381774,159200,0.7997789555650449,True,False,False,False,True,0.0319063432529787,0.0391761335381268,-0.0129239837146319,0.0405896820282198,0.050888551382662,-0.0129239837146319,0.0848141987103454,0.0967285765442826,-0.0549272779470189,0.0514942677616554,0.1629644743442153,-0.0549272779470189,282.3134460449219,252.11742111206055,BULL_ABOVE_SMA200
5802,2024-07-10,588.4057006835938,594.8285571289063,575.5100146484375,572.9179833984375,0.0045242623291812,-4.24843335994899,-2.2175993151523907,17248400,1.2582376619265003,True,False,False,False,True,-0.0403837418607181,0.023590713574584,-0.0403837418607181,-0.0993602054844182,0.023590713574584,-0.1003598057003067,-0.169132287440437,0.023590713574584,-0.2792882259021296,-0.0811675692362142,0.023590713574584,-0.2792882259021296,289.6799621582031,252.3956997680664,BULL_ABOVE_SMA200
5802,2024-07-16,583.1122436523438,592.0006396484375,576.8477945963542,574.5415568033854,0.0040140487065898,-2.974397523792504,-2.63386999211496,12665600,0.9328992531267032,True,False,False,False,True,-0.0407505523246412,0.0225942179881268,-0.0508373589343144,-0.0788784588522721,0.0225942179881268,-0.1030865949521901,-0.0808956854566774,0.0225942179881268,-0.2727456488088975,-0.0990518762813738,0.0225942179881268,-0.2727456488088975,288.5304870605469,253.20367805480956,BULL_ABOVE_SMA200
7741,2024-07-24,18343.216796875,18954.95046875,18259.405963541667,18228.7278125,0.0016829562302547,69.62329757822954,259.7939659887889,1248500,1.1809999479735709,True,False,True,False,True,0.0109420770003216,0.0176141325106837,-0.0312249746305668,0.0266879563258173,0.0603148558571542,-0.1529223707982736,0.0675207019965551,0.082465973911616,-0.1529223707982736,0.0533759126516348,0.1166266763916443,-0.1529223707982736,277.51422119140625,254.75393295288086,BULL_ABOVE_SMA200
8308,2024-07-29,993.973876953125,1016.8059985351564,981.0363883463542,975.7018522135417,0.0054673834232354,-0.28737346467733,6.532550880212237,6437300,0.819222125220481,True,False,False,False,True,-0.1970972169447871,0.1228834551571396,-0.2087082479623803,-0.0719883762428718,0.1228834551571396,-0.2268988838144904,-0.0038703078144001,0.1228834551571396,-0.2268988838144904,-0.0637639491103247,0.1228834551571396,-0.2268988838144904,274.2572021484375,255.43655883789063,BULL_ABOVE_SMA200
9101,2024-07-29,4220.44140625,4259.13046875,4195.694658203125,4159.12109375,0.008793580092699,-33.79276916272738,-28.035600143512276,3964100,0.7123155240975438,True,False,False,False,True,-0.1460913703117176,0.0478428250368674,-0.1518581369454303,0.0079027343666844,0.0478428250368674,-0.1518581369454303,0.0862879743584286,0.1166168765123267,-0.1518581369454303,0.1426740482750896,0.1426740482750896,-0.1518581369454303,274.2572021484375,255.43655883789063,BULL_ABOVE_SMA200
8630,2024-07-29,3155.482666015625,3203.397822265625,3055.6279524739584,3047.6044759114584,0.0026327158349839,-12.222983658665726,13.388544464880358,2657900,0.942714965187752,True,False,False,False,True,-0.2505959640404532,0.0336710523809853,-0.266388573943378,-0.044696123136991,0.0336710523809853,-0.266388573943378,0.0005959060127318,0.0336710523809853,-0.266388573943378,-0.0169844819172854,0.0649583202351871,-0.266388573943378,274.2572021484375,255.43655883789063,BULL_ABOVE_SMA200
9434,2024-07-29,180.9227294921875,184.80590209960937,178.74654947916667,178.4341737874349,0.0017506494697809,-0.2191383200506322,1.0358631012673951,45305000,0.7197536267687026,True,False,False,False,True,-0.0769818415390397,0.0045882615697931,-0.1136884298410083,-0.0374712658025435,0.0045882615697931,-0.1136884298410083,0.0285495800269748,0.0336477192092647,-0.1136884298410083,0.0076470748974948,0.0532755804358489,-0.1136884298410083,274.2572021484375,255.43655883789063,BULL_ABOVE_SMA200
7974,2024-07-29,8057.06494140625,8384.83400390625,8031.155052083333,7996.732395833334,0.0043045902433769,-69.54380494683028,1.3044941122769274,2689000,0.8585609445766822,True,False,False,False,True,-0.2079836522549206,0.0086310135768088,-0.2184128065236994,-0.0709661412377735,0.0086310135768088,-0.2184128065236994,-0.035243295368262,0.0086310135768088,-0.2184128065236994,-0.0414768458558152,0.0086310135768088,-0.2184128065236994,274.2572021484375,255.43655883789063,BULL_ABOVE_SMA200
5020,2024-07-29,742.3961791992188,770.8051831054687,736.6843131510417,733.5787703450521,0.00423341423107,-7.903883372096402,-0.91655947521611,13193700,0.9767630385172764,True,False,False,False,True,-0.2389761464272504,0.0060820912283121,-0.2536745454958612,-0.1216421139483889,0.0060820912283121,-0.2536745454958612,-0.0019005347098541,0.0060820912283121,-0.2536745454958612,0.0220475838249096,0.0255955422008049,-0.2536745454958612,274.2572021484375,255.43655883789063,BULL_ABOVE_SMA200
6758,2024-07-29,2634.602294921875,2784.28796875,2614.4783430989582,2603.8833365885416,0.0040689251939749,10.10652533150369,54.05582190262539,18462500,0.993657277715436,True,False,True,False,True,-0.1543649249568937,0.0295991504852626,-0.1719745166835335,-0.0299737817327631,0.0295991504852626,-0.1719745166835335,0.0325965351262045,0.0359685847692146,-0.1719745166835335,0.0670663331520458,0.0715623755945351,-0.1719745166835335,274.2572021484375,255.43655883789063,BULL_ABOVE_SMA200
6501,2024-07-29,3161.139892578125,3504.8187109375,3145.8133040364582,3114.2866243489584,0.0101232428129798,-54.51290074212875,26.912103987479497,18652500,1.0517199236435266,True,False,False,False,True,-0.1663574432834526,0.0974026943451991,-0.2009894782805792,0.0760668670111874,0.0974026943451991,-0.2009894782805792,0.042053273127516,0.1317254541212411,-0.2009894782805792,0.231601813681449,0.231601813681449,-0.2009894782805792,274.2572021484375,255.43655883789063,BULL_ABOVE_SMA200
6178,2024-07-29,1465.2852783203125,1513.1241357421875,1433.636826171875,1430.5651871744792,0.0021471506680954,-3.897827270632206,13.397171810877529,5731700,0.6873316656793451,True,False,False,False,True,-0.2241434394316313,0.031380127151936,-0.2411143010536385,-0.1258404862467704,0.031380127151936,-0.2411143010536385,-0.0979827163762389,0.031380127151936,-0.2411143010536385,-0.0842138665370613,0.031380127151936,-0.2411143010536385,274.2572021484375,255.43655883789063,BULL_ABOVE_SMA200
9984,2024-07-29,2327.55615234375,2638.485732421875,2311.025423177083,2292.9732063802085,0.0078728424504239,-32.14051270692198,40.85212590531299,42634000,1.154263714902223,True,False,False,False,True,-0.3179153463461605,-0.0072471464222227,-0.3213257696144297,-0.1603964685163216,-0.0072471464222227,-0.3213257696144297,-0.0897366911168521,-0.0072471464222227,-0.3213257696144297,-0.0523286415409804,-0.0072471464222227,-0.3213257696144297,274.2572021484375,255.43655883789063,BULL_ABOVE_SMA200
7741,2024-07-29,18612.466796875,18960.82515625,18300.984635416666,18252.225963541667,0.0026713822178396,-96.3603286236248,95.91962892345632,976100,0.899581589958159,True,False,False,False,True,-0.1549185310626918,0.0223566263657561,-0.165176289322435,0.043135150824543,0.0668069015996837,-0.165176289322435,0.0715411157025442,0.0873223994825125,-0.165176289322435,0.0694370362270835,0.1004734315853768,-0.165176289322435,274.2572021484375,255.43655883789063,BULL_ABOVE_SMA200
5803,2024-07-31,494.9224853515625,509.62941772460937,490.4980228678385,485.9397969563802,0.0093802276331516,-8.886329325457268,-4.132188166991902,22572000,1.0271896724024006,True,False,False,False,True,-0.1337037740432937,-0.0065380943086694,-0.2775416491445723,0.1660674007653404,0.208564991020935,-0.2775416491445723,0.3337691967132046,0.3723439339744254,-0.2775416491445723,0.5856697838523779,0.6794673513249181,-0.2775416491445723,277.8494873046875,255.99419342041017,BULL_ABOVE_SMA200
6762,2024-08-06,1738.229248046875,1987.58794921875,1697.8366536458334,1674.446378580729,0.0139689603467207,-36.47825602075568,14.034430602013492,22247500,1.772875149665407,True,False,False,False,True,0.0713808573205911,0.0896152623247348,-0.0529242078960633,0.097509377738407,0.1446518882947287,-0.0529242078960633,0.0271291121490011,0.1446518882947287,-0.0529242078960633,0.062903777879872,0.1446518882947287,-0.0643763067885224,238.66986083984375,256.3934696960449,BEAR_BELOW_SMA200
8113,2024-08-06,1619.2822265625,1641.5971435546876,1614.47189453125,1608.130001627604,0.0039436444175702,-26.08622793462814,-16.166709943764268,7725000,2.406294679986169,True,False,False,False,True,-0.0160842387125371,0.0075456584077906,-0.0508339177724495,0.0021842179061541,0.0212470251552192,-0.0508339177724495,0.0305798045406162,0.0385226403758423,-0.0508339177724495,0.010921391072554,0.0542095831129534,-0.0508339177724495,238.66986083984375,256.3934696960449,BEAR_BELOW_SMA200
7011,2024-08-06,1548.928955078125,1809.5349267578124,1539.209835611979,1525.1921956380208,0.009190736757012,-44.671234345468974,12.838057938026411,132413400,1.6754427659165665,True,False,False,False,True,0.1639656813010124,0.1903400060479367,-0.0438512961304684,0.1665077604500211,0.2704161919909649,-0.0438512961304684,0.1299650574450308,0.2704161919909649,-0.0438512961304684,0.421839341165211,0.5243800929625848,-0.0438512961304684,238.66986083984375,256.3934696960449,BEAR_BELOW_SMA200
4307,2024-08-06,4307.017578125,4466.698232421875,4195.625107421875,4163.217141927084,0.007784356277845,-5.189406604396936,33.09754506921115,3063200,1.9249549113623368,True,False,False,False,True,0.0562077786388766,0.0656885922107577,-0.0390519354485072,0.0884874929314576,0.0884874929314576,-0.0390519354485072,0.1250564009590089,0.1343115574237718,-0.0390519354485072,0.1581211939272435,0.2470850780589641,-0.0390519354485072,238.66986083984375,256.3934696960449,BEAR_BELOW_SMA200
6857,2024-08-06,6083.5859375,6217.15138671875,5708.263111979167,5687.621067708334,0.0036292931658243,-36.60534406376337,-6.950647789366131,26046300,2.0356019125653164,True,False,False,False,True,0.0260671966960275,0.0579994244750718,-0.0746171510353619,0.0638644553286957,0.0979146547036506,-0.0746171510353619,-0.0014662276438007,0.1441837438809488,-0.0746171510353619,0.139338097904325,0.1777298577499135,-0.1085044720003436,238.66986083984375,256.3934696960449,BEAR_BELOW_SMA200
4568,2024-08-07,5388.822265625,5568.41767578125,5316.932838541667,5259.657174479166,0.0108896192589151,-56.49429198531288,9.619565824952186,7442200,1.6509404140106547,True,False,False,False,True,0.0260482038014886,0.0383586413014542,-0.047992869388366,0.0449598724500983,0.0719001783172883,-0.047992869388366,0.0174843797400363,0.1163247422237905,-0.047992869388366,-0.1209248600165925,0.1163247422237905,-0.1723461381815906,247.53077697753906,256.49834671020506,BEAR_BELOW_SMA200
6501,2024-08-07,3209.035888671875,3391.784013671875,3175.645709635417,3156.161461588541,0.0061734002787894,-106.47204689347971,-70.40908626211365,29187400,1.4411392284749844,True,False,False,False,True,0.034419791343885,0.0600061882755837,-0.0651843004482803,0.0691441274033108,0.1148340512793046,-0.0651843004482803,0.0335060050390243,0.1148340512793046,-0.0651843004482803,0.1954592786132236,0.2340422445386203,-0.0651843004482803,247.53077697753906,256.49834671020506,BEAR_BELOW_SMA200
4689,2024-08-08,369.1995239257813,371.54660888671873,368.211904703776,367.374032796224,0.002280705310538,-5.632372621385571,-5.395923135803526,14019800,0.8276554200544005,True,False,False,False,True,0.003671702514397,0.018882846977577,-0.0196695243285105,0.0013112987097791,0.0196695473087007,-0.0207186089587264,0.0367165291913575,0.0828744260611431,-0.0207186089587264,0.1106740574627229,0.1489640629389881,-0.0207186089587264,244.65696716308594,256.6069396209717,BEAR_BELOW_SMA200
6098,2024-08-09,8250.9658203125,8591.30021484375,7967.743756510416,7876.667063802083,0.0115628465657617,-210.62065029429868,-124.5107367085254,10357400,1.937793560083406,True,False,False,False,True,0.0267403591127886,0.0714285394162363,-0.0243315396578912,0.0537219305173672,0.0861238301274491,-0.0243315396578912,0.0142132981827767,0.1214165947464189,-0.0527585063053022,0.1721833227620488,0.1835204183829595,-0.0527585063053022,247.24342346191406,256.7186003112793,BEAR_BELOW_SMA200
4568,2024-08-13,5535.921875,5554.41923828125,5352.90318359375,5290.6280859375,0.0117708326203798,-49.68473175006875,-23.585836550447077,4119500,0.8664723878313161,True,False,False,False,True,0.0177142928712754,0.0434178223376049,-0.0131991203673543,0.0131989506038685,0.0434178223376049,-0.0131991203673543,-0.0838834219120009,0.0866619440079528,-0.1019452463899444,-0.1278576675350481,0.0866619440079528,-0.1943384210425546,253.56581115722656,256.85975914001466,BEAR_BELOW_SMA200
4689,2024-08-13,369.1027221679688,370.485390625,368.8264306640625,367.02545735677086,0.0049069438405222,-3.658202579190856,-4.933286964584539,14492000,0.8259126385948314,True,True,False,False,True,-0.0018364154123629,0.0191500616163993,-0.0204617802919285,0.06715628373879,0.0802726921067462,-0.0204617802919285,0.0448582766186806,0.0831584232836972,-0.0204617802919285,0.1143755832072042,0.1492653929869016,-0.0204617802919285,253.56581115722656,256.85975914001466,BEAR_BELOW_SMA200
6701,2024-08-13,2475.23095703125,2515.109799804688,2405.185060221354,2392.4734423828127,0.0053131698824129,-68.93131605583403,-56.63524723826298,7863500,1.06080381503553,True,False,False,False,True,0.0126934375008014,0.0230068345632408,-0.014279922851358,-0.0309399395140091,0.0230068345632408,-0.0356999561844274,-0.0043632489313556,0.0900437084443002,-0.0602935328083502,0.0883337709371738,0.1537135120860451,-0.0602935328083502,253.56581115722656,256.85975914001466,BEAR_BELOW_SMA200
6762,2024-08-13,1856.700927734375,1944.92267578125,1718.4490543619793,1693.618310546875,0.0146613576745555,-45.45691615775263,-21.95065243240417,14542000,1.0067255803971658,True,False,False,False,True,0.0371603883578892,0.071614367906768,-0.0162382040269956,-0.001561397319438,0.071614367906768,-0.0162382040269956,-0.0696367162490908,0.071614367906768,-0.0970125593674529,-0.0043933324803909,0.071614367906768,-0.124076234135165,253.56581115722656,256.85975914001466,BEAR_BELOW_SMA200
7936,2024-08-13,2288.96435546875,2373.4115185546875,2203.610032552084,2168.9760970052084,0.0159678733180579,-67.18269840293942,-48.73391772976839,11499000,0.7701436878222327,True,False,False,False,True,0.0858432710105532,0.1282270208257649,-0.0529260660593147,0.1282270208257649,0.1688897761834502,-0.0529260660593147,0.157056648546578,0.2603269019783101,-0.0529260660593147,0.2179430048088666,0.3321857443119895,-0.0529260660593147,253.56581115722656,256.85975914001466,BEAR_BELOW_SMA200
8725,2024-08-14,3016.102783203125,3169.075224609375,2997.3055729166667,2974.002102864584,0.0078357274965061,-106.141460736309,-85.45650186297937,6925000,1.0008975557864888,True,False,False,False,True,0.0185748582417764,0.0368452571787976,-0.0152254250574036,0.0042629256358914,0.0368452571787976,-0.0210109560857489,-0.0487210696945116,0.0651644317673141,-0.0621194597234394,0.0870860243402174,0.1026425736717802,-0.0700366149212479,256.4396057128906,257.0310231781006,BEAR_BELOW_SMA200
8630,2024-08-14,3052.9951171875,3057.151171875,3052.061259765625,3051.710234375,0.0001150257932982,-77.37506545207316,-78.36858722345706,3068800,0.9202613124699186,True,True,False,False,True,0.0203265588000001,0.0492762319583954,0.0040037976722004,0.026794016633896,0.0545118754056523,0.0040037976722004,-0.0120110502397907,0.1007084487665321,-0.026793965495831,0.0407650722091235,0.1007084487665321,-0.038497028437758,256.4396057128906,257.0310231781006,BEAR_BELOW_SMA200
6702,2024-08-16,2471.77197265625,2489.43783203125,2405.337428385417,2405.038125,0.0001244484993006,-24.9197383121641,-20.7747135816382,4745600,0.6520495055286669,True,False,False,False,True,0.0124382949747627,0.0128330872726232,-0.0321816461708811,0.0572556654838449,0.0635735331393976,-0.0321816461708811,0.1307008687348496,0.1601183049527432,-0.0321816461708811,0.2299647445008472,0.2652766655583203,-0.0321816461708811,266.59368896484375,257.4505813598633,BULL_ABOVE_SMA200
6758,2024-08-16,2642.4990234375,2672.349453125,2612.5830859375,2609.3716796875,0.0012307201289103,-51.81721808329803,-60.51835235839741,15116500,0.6868513840170117,True,True,False,False,True,0.0018678497028181,0.0104594352712581,-0.0149420993649608,0.0608891101322692,0.0608891101322692,-0.0149420993649608,-0.0209188634249584,0.0683601654545968,-0.0601419274674405,0.039323701115961,0.0944292726046369,-0.0687336136725904,266.59368896484375,257.4505813598633,BULL_ABOVE_SMA200
8725,2024-08-16,3105.189697265625,3129.950390625,3010.7512955729167,2982.855703125,0.0093519751621546,-75.70483949327854,-85.01697921490162,5755100,0.8098058680707748,True,True,False,False,True,-0.0239574200732031,0.0070984934291506,-0.0354924687450652,-0.0106477335188216,0.0070984934291506,-0.0490978433055919,-0.0591541362561116,0.0346051998212442,-0.0890269569259724,0.0688925899552137,0.0797719038478876,-0.0967169714356137,266.59368896484375,257.4505813598633,BULL_ABOVE_SMA200
8750,2024-08-16,965.6378173828124,994.4560693359376,957.8118277994791,950.9950146484376,0.0071680850541173,-30.46782140788639,-28.53038497542371,11540400,0.6487912325144455,True,False,False,False,True,-0.0108199160483433,0.0096178080119215,-0.0348641385537753,0.0043280422678451,0.0242847472983711,-0.0348641385537753,-0.1370521856695622,0.0370282015629408,-0.1454676700667663,-0.0401141899284559,0.0370282015629408,-0.188025953079261,266.59368896484375,257.4505813598633,BULL_ABOVE_SMA200
8766,2024-08-16,5243.34326171875,5284.0494140625,5190.6213671875,5161.115807291667,0.0057168955314172,-156.3692206258038,-184.00157075968656,5075100,0.687356479070577,True,True,False,False,True,-0.0243728864919591,0.0062723899091696,-0.0367384762847685,-0.0132616998469133,0.0062723899091696,-0.0562725045413589,-0.0908602769862494,0.0197132013570706,-0.1120071078988793,0.0404099617753799,0.0624262597659437,-0.1383513238045634,266.59368896484375,257.4505813598633,BULL_ABOVE_SMA200
6758,2024-08-20,2619.79541015625,2640.643408203125,2613.412255859375,2610.016595052083,0.001301011194231,-35.25757991806131,-52.68905028336191,13145500,0.6068958194109249,True,True,False,False,True,0.0384326923489113,0.0418238005605007,-0.0064054122828485,0.0681990203418572,0.0776187647893162,-0.0064054122828485,-0.0346646187073663,0.0776187647893162,-0.0606630934269871,0.0252654957066102,0.1039137914615553,-0.0606630934269871,265.3962707519531,257.8859365081787,BULL_ABOVE_SMA200
8750,2024-08-20,967.031005859375,985.2988793945312,960.8951847330728,953.0598714192708,0.0082212183607457,-21.93695360409072,-26.84633905712345,5374000,0.3043593501865574,True,True,False,False,True,-0.0103241411991389,-0.0024009720238773,-0.036254596721442,0.0324129207093535,0.0355341690742887,-0.036254596721442,-0.156302551982992,0.0355341690742887,-0.1891957530945485,-0.0497957060398757,0.0355341690742887,-0.1891957530945485,265.3962707519531,257.8859365081787,BULL_ABOVE_SMA200
4063,2024-08-22,6027.82861328125,6032.0933203125,5934.805390625,5920.62904296875,0.0023943988980503,-46.27488207789156,-63.711747432176736,7525300,1.0064059699895689,True,True,False,False,True,0.0267686664544888,0.0420650814473821,-0.0044613506810948,-0.0780751354010488,0.0420650814473821,-0.0889100629490489,-0.0659656105110793,0.0420650814473821,-0.1322497803752315,-0.0567587199117893,0.0420650814473821,-0.1322497803752315,265.827392578125,258.3408003997803,BULL_ABOVE_SMA200
6098,2024-09-05,8373.2099609375,8397.7376171875,8364.370546875,8284.584016927083,0.0096307225305334,81.49577383089854,96.08503428968876,4117100,0.8221029910084046,True,False,True,False,True,0.0405933311072668,0.0443915501782639,-0.0665876976072344,0.0997032131517849,0.1151334794993006,-0.0665876976072344,0.121793055815218,0.1360546477950701,-0.0665876976072344,0.1077690695784208,0.1878716161964266,-0.0665876976072344,260.7981872558594,260.32583976745605,BULL_ABOVE_SMA200
7741,2024-09-09,18867.029296875,19283.728828125,18844.31361979167,18791.834375,0.0027926621608311,69.99267690025226,230.05286662892576,753400,0.8059219323299424,True,False,True,False,True,-0.0051893809875631,0.0106381950893128,-0.0365854234595548,0.0186818336675493,0.0531914349297131,-0.0365854234595548,0.1127380053600863,0.1153384680975486,-0.0365854234595548,0.1088372480141914,0.1408229363853812,-0.0365854234595548,256.87066650390625,260.58543144226076,BEAR_BELOW_SMA200
6098,2024-09-10,8469.61328125,8471.0044140625,8390.170963541666,8347.422024739584,0.0051212145109453,13.498349891164253,60.94791837988574,3417800,0.7601792241848113,True,False,True,False,True,0.0178361661472701,0.0354376677523069,-0.0262848633512435,0.0992723988929173,0.1053742525161487,-0.0262848633512435,0.1284108031422997,0.156844311509692,-0.0262848633512435,0.1674188193915657,0.1784632345011705,-0.0262848633512435,256.1043395996094,260.7045221710205,BEAR_BELOW_SMA200
7011,2024-09-12,1706.4305419921875,1793.4106982421874,1700.3404427083333,1677.0105305989584,0.0139116074012024,-25.60096485709346,-1.3449154907084342,52762500,1.0321020159854777,True,False,False,False,True,0.0986444099786545,0.1110470641212331,-0.0049034576340757,0.22797388869467,0.2871254926955757,-0.0049034576340757,0.2990137619223698,0.3836815542330123,-0.0049034576340757,0.3219205642946863,0.4002093413868079,-0.0049034576340757,257.78070068359375,260.914965133667,BEAR_BELOW_SMA200
4502,2024-09-12,3883.93994140625,3936.95080078125,3875.527809244792,3868.5111946614575,0.0018137764711696,2.238800159987477,19.521637060157907,3268500,0.9543302534515457,True,False,True,False,True,0.0108774376253173,0.0174983892635649,-0.0224638228842281,-0.0068666555448122,0.0174983892635649,-0.0224638228842281,0.0248419441588201,0.040575264052123,-0.0224638228842281,0.0168543238639584,0.043963947518157,-0.0224638228842281,257.78070068359375,260.914965133667,BEAR_BELOW_SMA200
7741,2024-09-12,18940.458984375,19404.744140625,18872.446067708333,18826.1678125,0.0024581877559599,-76.38250228433026,92.34572576674566,987200,1.2282502535007993,True,False,False,False,True,0.0201602163028362,0.025846439955905,-0.0312741007932972,0.0250137277436539,0.0796708228860691,-0.0312741007932972,0.1099782779402764,0.1213759870147823,-0.0312741007932972,0.0496224032651664,0.1364001147536184,-0.0312741007932972,257.78070068359375,260.914965133667,BEAR_BELOW_SMA200
6857,2024-09-18,6070.701171875,6238.32193359375,6038.866022135417,5999.366015625,0.0065840301137722,-44.93006240609975,-26.127665748673984,9787400,0.7628619051905927,True,False,False,False,True,0.1265306693683383,0.1302857715995662,0.0042449117853395,0.1239111459723139,0.1802295316355227,0.0042449117853395,0.304490076085862,0.3329766587857261,0.0042449117853395,0.4898167717060586,0.6379797274471646,0.0042449117853395,254.71531677246094,261.2361813354492,BEAR_BELOW_SMA200
4502,2024-09-19,3915.166015625,3949.36765625,3878.368753255209,3874.5726725260415,0.0009797417805799,-10.79492230960841,1.4520645545298465,3357700,0.9620930689012448,True,False,False,False,True,-0.0003803817785903,0.0093831573439473,-0.017428902771557,0.0181089163983207,0.0209903567277498,-0.0251127207340569,0.0310753829384429,0.0325161289305708,-0.0251127207340569,0.0125860847615317,0.0356376350254548,-0.0251127207340569,260.1755676269531,261.3674077606201,BEAR_BELOW_SMA200
9434,2024-09-19,182.0756683349609,184.11228149414063,182.00866292317707,181.42080607096355,0.003240294566785,0.4298907845107749,1.1295268010572022,67927000,1.102235968101411,True,False,True,False,True,-0.0093493314190115,0.0131712904306415,-0.0162105863552105,0.0020434089689924,0.0131712904306415,-0.0352419604293252,-0.0300634962750087,0.0131712904306415,-0.0352419604293252,0.0149896362970041,0.0269002150899504,-0.0445632802308584,260.1755676269531,261.3674077606201,BEAR_BELOW_SMA200
7741,2024-09-20,19322.302734375,19332.291328125,18893.137447916662,18872.446067708333,0.0010963804126979,-88.04617038758806,-44.385502158859126,1109200,1.3737158568075845,True,False,False,False,True,0.0047575972511526,0.058334569053188,-0.0093741303662412,0.0509708916964579,0.061381572189223,-0.0093741303662412,0.0212623669276283,0.0992155634913525,-0.0093741303662412,0.0116135428426853,0.1139427872143918,-0.0107314360132545,262.5704040527344,261.513191986084,BULL_ABOVE_SMA200
4502,2024-09-26,3898.634765625,3938.82435546875,3880.266793619792,3877.621783854167,0.0006821216490577,-8.001406110820426,-4.027618675171874,6636200,1.8159901376865435,True,False,False,False,True,0.0127804154198609,0.0149506591671892,-0.0209789389606361,0.0303834825993274,0.0366531037291173,-0.0209789389606361,-0.0101277440370001,0.0368942723788574,-0.0209789389606361,0.001688040835609,0.040029014491151,-0.0209789389606361,270.04229736328125,262.0059937286377,BULL_ABOVE_SMA200
9434,2024-09-26,182.30625915527344,184.66385681152343,182.14947774251303,181.94409729003905,0.0011288107475482,-0.1788876825567058,0.4611268976142724,115108000,1.6547421383647798,True,False,False,False,True,-0.0178431308051819,0.0080166802094996,-0.0364622385962872,-0.0064648842702853,0.009051013784828,-0.0364622385962872,-0.040599874970946,0.009051013784828,-0.0457717682882027,-0.0043961045640626,0.0256013361371711,-0.0457717682882027,270.04229736328125,262.0059937286377,BULL_ABOVE_SMA200
4502,2024-10-01,3899.5751953125,3922.967578125,3881.2753515625,3879.911676432292,0.0003514706632348,-8.31216285663686,-6.029676060021124,3181700,0.7787738417951181,True,False,False,False,True,0.0149469155419321,0.0364031023044602,-0.008919999979294,0.0108486000453273,0.0364031023044602,-0.008919999979294,0.0248311802793022,0.0366442127934658,-0.0120539806776633,-0.0108486000453275,0.0397781989248133,-0.0147058872359994,270.1380920410156,262.5720220184326,BULL_ABOVE_SMA200
4901,2024-10-03,3605.6708984375,3660.162177734375,3552.876168619792,3549.514794921875,0.0009469952633316,6.907645671669798,22.259741229558824,2612500,0.728147898335224,True,False,True,False,True,0.0147611577574062,0.0324745236426189,-0.0067095596809533,-0.0056360599500515,0.0324745236426189,-0.0281803786707323,-0.0461620922120563,0.0324745236426189,-0.0517981631359582,-0.0866881244740611,0.0324745236426189,-0.1392914070996922,269.0364685058594,262.9490663146973,BULL_ABOVE_SMA200
8267,2024-10-11,1184.870849609375,1275.259033203125,1178.0939876302084,1169.9544303385417,0.006957157544428,-0.7787794230748659,16.303284649243494,16081800,1.8416242957262607,True,False,False,False,True,0.0392481833236455,0.0511332288828889,0.0024875626940936,0.0414593906616025,0.0569376572901363,0.0024875626940936,0.0610834308113501,0.0807075493686309,0.0024875626940936,0.0215588336924412,0.0807075493686309,-0.0243230020195091,271.6228942871094,264.22341484069824,BULL_ABOVE_SMA200
4901,2024-10-18,3585.34912109375,3623.27076171875,3560.650716145833,3559.50056640625,0.0003231211003134,-5.050252554263352,5.571828551068011,2297600,0.7401382282876733,True,False,False,False,True,-0.0278002450020734,-0.0043185044557869,-0.0402158998410253,-0.0407557340222626,0.0143049935306374,-0.0464237502252825,-0.1085020758444161,0.0151147229289108,-0.1098516034316937,-0.078272646859949,0.0151147229289108,-0.134412906347878,269.8985900878906,265.04999305725096,BULL_ABOVE_SMA200
7832,2024-10-24,3135.928955078125,3231.033427734375,3101.032005208333,3097.9444694010417,0.0009966401392238,-15.079817778875622,16.026190283868253,5855000,2.9627717982582644,True,False,False,False,True,0.0078196837388617,0.0159524132983359,-0.018142040456367,0.038786307106436,0.0584922490639872,-0.018142040456367,-0.0172037402007744,0.0738190854435278,-0.0597435338328403,0.1801688080708365,0.1958084689252075,-0.0597435338328403,264.7736511230469,265.7599806213379,BEAR_BELOW_SMA200
7936,2024-10-24,2633.195068359375,2819.621650390625,2599.392556966146,2579.963279622396,0.007530834836763,-23.110493316230983,13.695328064850436,3834900,0.9275702347406484,True,False,False,False,True,0.0151486704407843,0.0319806322316076,-0.0295492348368041,-0.0243126763757528,0.0319806322316076,-0.09332333813871,0.0703198079433375,0.1008042517716196,-0.09332333813871,0.1539181945650145,0.1931925323218586,-0.09332333813871,264.7736511230469,265.7599806213379,BEAR_BELOW_SMA200
7936,2024-10-28,2614.97412109375,2808.295029296875,2603.010509440104,2588.821036783854,0.0054810558376325,-36.1412082559832,-3.471182240850208,2626300,0.6625687626692971,True,False,False,False,True,-0.0060264585702797,0.0391713973437202,-0.0158191619890478,0.0563088148988688,0.0804142754635068,-0.0870056818722543,0.1348398748419139,0.1465159571917644,-0.0870056818722543,0.1661015743351606,0.2015066100918063,-0.0870056818722543,266.9768981933594,266.0790204620361,BULL_ABOVE_SMA200
1928,2024-10-28,3433.169189453125,3573.3690625,3427.3863736979165,3414.786090494792,0.0036899187443097,-31.62071378450264,-7.217709122010712,1346300,0.6291150893228473,True,False,False,False,True,-0.0026824278115731,0.0032188689918393,-0.0228004979205517,-0.0112661114738235,0.0120707429303958,-0.0265558175581992,-0.0380901762525954,0.0120707429303958,-0.0659872023153246,-0.0241417080795186,0.0120707429303958,-0.0659872023153246,266.9768981933594,266.0790204620361,BULL_ABOVE_SMA200
4307,2024-10-29,4789.62060546875,4993.7001953125,4773.423330078125,4758.063824869792,0.003228099868701,-58.91158955398532,-22.75369602336488,1945200,0.6616214009965817,True,False,False,False,True,-0.0704080876382371,0.0281633962065952,-0.0855102621599837,-0.0581631851018993,0.0281633962065952,-0.0855102621599837,-0.0759184568927173,0.0281633962065952,-0.1153061644374859,-0.0499999847081442,0.0281633962065952,-0.1153061644374859,269.18017578125,266.24963310241696,BULL_ABOVE_SMA200
4452,2024-10-29,3243.791259765625,3309.134111328125,3218.9859244791664,3213.680472005208,0.0016508960738861,-17.137320001864737,-2.8362116023037087,1940600,0.837631702758582,True,False,False,False,True,-0.0434846648521525,0.0032319700559506,-0.0481856301996344,-0.0687527381974985,0.0032319700559506,-0.0904950974106264,-0.0459820740779655,0.0032319700559506,-0.1009255295995976,-0.0614073505357176,0.0032319700559506,-0.1009255295995976,269.18017578125,266.24963310241696,BULL_ABOVE_SMA200
6702,2024-11-06,2747.451416015625,2944.671640625,2716.760491536458,2704.2767154947915,0.0046163086677255,-34.848844048463434,9.698431388742211,7163100,1.2344393960413358,True,False,False,False,True,-0.0208816569261942,0.0431911063295045,-0.031947157704644,-0.0030340618405143,0.0431911063295045,-0.031947157704644,0.0019632896644892,0.0431911063295045,-0.0373014729278835,0.0312333136151303,0.0431911063295045,-0.0490808191837656,272.77239990234375,266.9192897796631,BULL_ABOVE_SMA200
7936,2024-11-06,2619.40625,2735.13482421875,2609.2024072265626,2605.768299153646,0.0013178869640988,-40.74661382745308,-28.41357223168044,4043200,1.130977689260859,True,False,False,False,True,0.030832909563236,0.0785861759310242,-0.0885505008588533,0.0908065065735317,0.0971986853435247,-0.0885505008588533,0.173904809057396,0.1806729982191619,-0.0885505008588533,0.1610639226745087,0.2051979997019706,-0.0885505008588533,272.77239990234375,266.9192897796631,BULL_ABOVE_SMA200
9101,2024-11-08,4504.77880859375,4656.21923828125,4492.543343098959,4467.426337890625,0.0056222539127959,-19.19156414780264,15.092429028309764,6164400,0.8586023545961983,True,False,False,False,True,0.0219441441689474,0.0252255221153054,-0.0098441656953219,0.020303525325265,0.0455290877915233,-0.0098441656953219,-0.0016406188436823,0.0455290877915233,-0.0256356375891438,0.0381460139931693,0.0986463939485071,-0.0256356375891438,274.54461669921875,267.2103929901123,BULL_ABOVE_SMA200
6702,2024-11-14,2798.4482421875,2895.18513671875,2735.5648567708336,2718.854189453125,0.0061462168079966,-43.95322370379608,-29.51895553960601,4616200,0.8382414760836425,True,False,False,False,True,-0.0394252744004681,0.013842633545446,-0.0404766148516898,-0.0077097868482498,0.013842633545446,-0.054844970320796,0.0042053858670978,0.0154196290612529,-0.054844970320796,-0.0644822343297817,0.0154196876176808,-0.067636255641275,271.33551025390625,267.71897773742677,BULL_ABOVE_SMA200
9101,2024-11-15,4603.63232421875,4629.0575,4515.648518880208,4492.543343098959,0.0051430056466212,-30.43548069838289,-16.387522939400178,6329400,0.8683150210788705,True,False,False,False,True,-0.0016053899354906,0.0230785055691624,-0.0096326769364508,-0.0375274746429317,0.0230785055691624,-0.0465581040114314,0.0278949229012968,0.0278949229012968,-0.0465581040114314,-0.0453541748358309,0.0750552270564011,-0.0551876088137676,272.24554443359375,267.83821426391603,BULL_ABOVE_SMA200
7741,2024-11-18,19605.576171875,20090.908359375,19561.273854166662,19451.0378125,0.0056673604117836,2.7224094152225007,116.66133743198668,681200,0.7690006491124093,True,False,True,False,True,-0.0075074304733336,0.0255255853162852,-0.0307807689450699,-0.0227727383442309,0.0255255853162852,-0.0450450114011743,-0.0030028725684407,0.0420420769658842,-0.0450450114011743,0.0518017683704661,0.0555555220049075,-0.0450450114011743,270.42547607421875,267.9469409942627,BULL_ABOVE_SMA200
7832,2024-11-25,3169.279296875,3169.475439453125,3133.396002604167,3124.68439453125,0.0027879961535199,-18.843093799261624,-6.357835936823687,2965900,1.2182038486024684,True,False,False,False,True,-0.0160941435448097,0.0157846058940469,-0.0287837126277485,0.016094066511326,0.0219745987268957,-0.0287837126277485,0.1513462987876161,0.183224970461826,-0.0287837126277485,0.1463943553560764,0.183224970461826,-0.0287837126277485,272.34130859375,268.51580810546875,BULL_ABOVE_SMA200
8750,2024-11-28,923.59765625,928.639296875,914.4395743815104,911.1430078125,0.0036180561566563,-3.598989376082386,2.2342002936233456,13580400,1.217368231389964,True,False,False,False,True,0.1282901971316312,0.1466903996669601,0.0017888429391661,0.0940453961030447,0.1466903996669601,0.0017888429391661,0.0904677329650949,0.1466903996669601,0.0017888429391661,0.084078652285348,0.1466903996669601,0.0017888429391661,270.04229736328125,268.80366752624514,BULL_ABOVE_SMA200
8697,2024-11-28,1700.293212890625,1737.936123046875,1690.2385416666666,1675.7245947265626,0.008661296125735,-10.508177924279607,-1.695186160007949,1353300,0.3835014735887553,True,False,False,False,True,0.055012555997278,0.0692543877484324,-0.0047472523566867,0.0742809036986813,0.0862887224819002,-0.0047472523566867,-0.0044680798822468,0.0862887224819002,-0.0228985881826347,-0.0767942569648129,0.0862887224819002,-0.1119799567901105,270.04229736328125,268.80366752624514,BULL_ABOVE_SMA200
9020,2024-11-28,2830.29736328125,2860.79087890625,2782.149235026042,2763.47099609375,0.0067589777344123,-29.93438426614557,-20.82170408542721,3182800,1.071803204162212,True,False,False,False,True,-0.0124999805915656,0.0417808177495051,-0.0136986107521098,-0.0241438335781096,0.0417808177495051,-0.0436644441725221,-0.0482877534159276,0.0417808177495051,-0.0691780142184311,-0.0493150202822452,0.0417808177495051,-0.1005137379043434,270.04229736328125,268.80366752624514,BULL_ABOVE_SMA200
6762,2024-11-28,1866.5523681640625,1879.0706396484372,1841.4811539713544,1833.5459309895837,0.0043278015825258,-4.6423224188133645,8.01386917244368,6630400,0.6628090110596457,True,False,False,False,True,0.0787483477806945,0.0803128849058296,-0.0080834361975746,0.0670142962462976,0.082920442377288,-0.0080834361975746,0.0664928060976808,0.0876140971888224,-0.0080834361975746,0.0229465475213619,0.1019556355770237,-0.0550196191203018,270.04229736328125,268.80366752624514,BULL_ABOVE_SMA200
6902,2024-11-28,2063.49365234375,2131.4610205078125,2062.489383138021,2053.50732421875,0.0043740087085826,9.70573086244258,27.449246488373973,5037000,0.4724899149152318,True,False,True,False,True,0.001154036821749,0.0196170220651279,-0.0272326789540255,0.0043850796313802,0.021694024186174,-0.0272326789540255,0.0018464115891136,0.021694024186174,-0.0611584448810424,0.0140780897460621,0.0313871177450102,-0.0611584448810424,270.04229736328125,268.80366752624514,BULL_ABOVE_SMA200
6902,2024-12-02,2064.4462890625,2134.7184228515625,2063.273896484375,2059.4730940755207,0.0018455217598074,-3.285476223692058,17.03624452968574,5887800,0.8127740168523815,True,False,False,False,True,-0.0020761658151186,0.0191465207886221,-0.0106113526243136,-0.0145328650567906,0.0212225644790728,-0.0163783091297179,0.0216839648948694,0.0309111851693772,-0.0615916723974148,-0.0876586393616251,0.0371395072741143,-0.0897347638232547,272.5329284667969,268.996727142334,BULL_ABOVE_SMA200
8015,2024-12-02,2532.951904296875,2553.093251953125,2532.284951171875,2518.7942415364582,0.005356018928798,-20.438305322638826,-7.674898395953246,2395100,1.2634316430255683,True,False,False,False,True,-0.0196336934339382,0.0175571611395137,-0.0330375216184897,-0.0062298969317601,0.0175571611395137,-0.0330375216184897,0.0677742617304666,0.0819332202930169,-0.0334150590197007,-0.0443646541277079,0.0819332202930169,-0.0573908964953863,272.5329284667969,268.996727142334,BULL_ABOVE_SMA200
8725,2024-12-02,3226.212890625,3293.402158203125,3167.585836588541,3144.1421875,0.0074562941783438,-19.775463226902048,10.058991387464646,4422000,0.986614219783824,True,False,False,False,True,-0.0017451951512905,0.0229783874933791,-0.0093077315516596,-0.0049447700446961,0.0229783874933791,-0.0127981482255038,0.0031994992193464,0.0229783874933791,-0.0418848283753012,-0.0715532282250921,0.0229783874933791,-0.0971495234168455,272.5329284667969,268.996727142334,BULL_ABOVE_SMA200
7203,2024-12-03,2528.00048828125,2541.650859375,2492.433795572917,2484.394388020833,0.0032359626920939,-6.037066441009301,4.03702805692248,28572300,1.0726441082904172,True,False,False,False,True,0.0103695040604789,0.0180995189264014,-0.015271478682034,0.0077300237863229,0.0271493070725779,-0.015271478682034,0.1353694799168299,0.2141778708939983,-0.015271478682034,0.0833332528545036,0.2141778708939983,-0.015271478682034,275.7899169921875,269.11865379333494,BULL_ABOVE_SMA200
7751,2024-12-03,4619.64794921875,4659.758828125,4605.76810546875,4581.624518229167,0.0052696564599568,-14.520872533783404,-0.8330357224876499,2842400,1.2707211959728903,True,False,False,False,True,0.0125075057823986,0.0161387331256381,-0.0181560913336729,0.0102885105959291,0.0270323549727917,-0.0181560913336729,0.0325872242995721,0.071104378944744,-0.0181560913336729,0.0391433752677692,0.071104378944744,-0.0181560913336729,275.7899169921875,269.11865379333494,BULL_ABOVE_SMA200
7741,2024-12-05,19742.953125,19778.47515625,19698.186171875,19690.755234375,0.0003773820461201,-144.98639826419094,-178.44550702788857,803800,0.9160949146360922,True,True,False,False,True,0.018638177071091,0.0347912586787078,-0.0004969053899788,0.0047217203290097,0.0347912586787078,-0.0191351397134302,0.0129224311839113,0.0347912586787078,-0.0293240507491201,-0.0350396977085969,0.0834990133564952,-0.0541748878390214,274.8798828125,269.31181640625,BULL_ABOVE_SMA200
7751,2024-12-06,4629.8994140625,4644.5867578125,4614.168020833334,4598.536197916666,0.0033993040924085,-16.62571024803674,-9.49046865367124,1431100,0.6351622746185853,True,False,False,False,True,0.0110707259644924,0.0247583128956747,-0.0014089680572115,0.0392511775427086,0.049718165966536,-0.0014089680572115,0.0303008827009056,0.068732753148428,-0.0014089680572115,-0.0269379966365865,0.068732753148428,-0.0285733949615671,273.7782287597656,269.4048949432373,BULL_ABOVE_SMA200
8001,2024-12-09,1479.9012451171875,1483.5348974609376,1464.586123046875,1456.1084212239584,0.005822163857682,-3.769801659049108,-5.882733533055196,10861500,0.7236091517920344,True,True,False,False,True,0.0009122065343154,0.0263260609517721,-0.0046918432963237,-0.0079499471721968,0.0263260609517721,-0.0276294431912853,-0.0417048058742174,0.0418350022539091,-0.04274740681273,-0.1436205220817247,0.0418350022539091,-0.1489639022098885,274.6404113769531,269.48631324768064,BULL_ABOVE_SMA200
4578,2024-12-16,8450.0234375,8585.9980859375,8426.8721484375,8409.9463671875,0.0020125908669332,-51.82240610034023,-36.7592005373409,728700,0.5837235103515398,True,False,False,False,True,-0.0160182386698262,-0.0004573833606762,-0.0416474161901623,-0.0091341277714651,0.0042311248291067,-0.0416474161901623,-0.0774576600656618,0.0042311248291067,-0.0993489304862439,-0.1378313600276626,0.0042311248291067,-0.1653682627653974,274.7840881347656,269.8783650970459,BULL_ABOVE_SMA200
8031,2024-12-23,3089.670166015625,3095.24052734375,3032.559938151041,3022.8433919270838,0.0032143730138014,-5.841425886349498,-0.8619998673417599,4731200,0.700991213903664,True,False,False,False,True,0.0292197199131525,0.0425862097821545,-0.0136773391358409,-0.0488032315974767,0.0425862097821545,-0.0512900205344768,-0.0472490197576681,0.0425862097821545,-0.0783338512445411,-0.1286914111562367,0.0425862097821545,-0.1708113811328953,273.92193603515625,270.08800773620607,BULL_ABOVE_SMA200
8766,2024-12-23,5322.61376953125,5407.104140625,5286.54947265625,5282.030325520834,0.0008555700851586,-45.69183480629181,-25.13963376295282,3861300,0.6938725267774273,True,False,False,False,True,0.0267073355660312,0.0439147210783112,-0.0138017142604577,-0.0745653059575094,0.0439147210783112,-0.0745653059575094,-0.0663200654856246,0.0439147210783112,-0.0774332344446415,-0.0871123751262875,0.0439147210783112,-0.1098762689739507,273.92193603515625,270.08800773620607,BULL_ABOVE_SMA200
9984,2024-12-23,2222.1708984375,2248.968251953125,2202.036095377604,2187.8236181640623,0.0064961713986195,9.556391937250735,19.22190812350004,26542800,0.7464884433054869,True,False,True,False,True,0.0278648281281106,0.0378245417594009,-0.0168978979988005,0.03525066765458,0.0774395299962427,-0.0168978979988005,0.0833706877116839,0.2186660501603712,-0.0168978979988005,-0.0221576284452272,0.2186660501603712,-0.0285363209582304,273.92193603515625,270.08800773620607,BULL_ABOVE_SMA200
3407,2024-12-24,1020.918701171875,1028.194719238281,1020.8053458658854,1017.616943359375,0.0031332050112931,-5.047521817395818,-3.7167322447924622,1533000,0.4337210322164474,True,False,False,False,True,0.0097947405386777,0.0289179380372888,-0.0130596491673953,-0.0074626651518061,0.0289179380372888,-0.0163246056415221,-0.0242536318510991,0.0289179380372888,-0.0424439310823514,-0.0457089286777596,0.0289179380372888,-0.0774253038059187,274.113525390625,270.1205222320557,BULL_ABOVE_SMA200
9984,2024-12-25,2218.440673828125,2252.957001953125,2209.1371728515624,2197.1798095703125,0.0054421414347458,-1.6199339366162349,12.307183536087669,19863600,0.6014861828598421,True,False,False,False,True,0.0475283030765842,0.0792512040686306,-0.0001120558081537,0.0089676894875199,0.0792512040686306,-0.0013451074901258,0.0535815237445624,0.2207151913181888,-0.0013451074901258,-0.0726375475101998,0.2207151913181888,-0.0789148710130921,274.113525390625,270.1483393096924,BULL_ABOVE_SMA200
9021,2024-12-26,2641.363525390625,2667.0461328125,2616.341455078125,2614.190986328125,0.0008226134820472,-8.301314530806394,0.6491848316425157,1225800,0.957031936197871,True,False,False,False,True,-0.0023512285071898,0.0207993686937608,-0.0041599150445501,-0.0215229191170184,0.0207993686937608,-0.0379815600733984,0.0425030906204579,0.0481098907261543,-0.0379815600733984,0.0989328520823271,0.0989328520823271,-0.0379815600733984,277.9452819824219,270.20165672302244,BULL_ABOVE_SMA200
4689,2025-01-07,411.8031921386719,414.1270397949218,406.9141097005208,405.5779044596354,0.0032945710952023,-0.3376308562621943,1.5147276472475737,16888300,1.5642666634556917,True,False,False,False,True,0.0044674779477376,0.0221021068422311,-0.0138725481028345,0.0148131383454546,0.0221021255519198,-0.0138725481028345,0.1145073943044325,0.1279097271153224,-0.0138725481028345,0.2189043444377771,0.2414765886451764,-0.0138725481028345,280.4359130859375,270.5375020599365,BULL_ABOVE_SMA200
1925,2025-01-14,4459.23779296875,4533.0219921875,4425.08107421875,4410.698177083334,0.0032609116647666,2.707979815077124,24.08517193910246,2032100,1.3763838513145106,True,False,True,False,True,0.004482333954082,0.0074705253248203,-0.0226254076429145,0.0215580170158966,0.0300959026574838,-0.0226254076429145,0.0341514756224432,0.0572037392274631,-0.0226254076429145,0.0529347926897276,0.0902880582302918,-0.0226254076429145,269.7549133300781,270.7034629058838,BEAR_BELOW_SMA200
8308,2025-01-15,1097.4217529296875,1133.025947265625,1087.749297688802,1079.0380997721354,0.0080731143029204,-14.755245918464198,-11.192165021170258,7812900,0.8851444396798576,True,False,False,False,True,-0.0097560877941117,0.0270510369588561,-0.0314855990982742,0.0084257324101377,0.0319291275127293,-0.0314855990982742,0.0261640637418203,0.0439024581252598,-0.0314855990982742,0.1481152724019443,0.1587582876733413,-0.0314855990982742,270.7128601074219,270.6818648529053,BULL_ABOVE_SMA200
6503,2025-01-20,2526.069091796875,2570.322822265625,2497.2247298177085,2479.436533203125,0.007174289955147,-15.327880010343051,-2.410096933713749,2987800,0.8029961177860226,True,False,False,False,True,0.0212889441245434,0.0555447984186583,-0.0123862634531249,-0.0145152418931534,0.0555447984186583,-0.0257403235840798,-0.0778015071163692,0.0555447984186583,-0.0814786733785535,0.1494096858548925,0.1813431104486886,-0.1120573176693001,272.48504638671875,270.6231636810303,BULL_ABOVE_SMA200
7270,2025-01-20,2477.660888671875,2478.185458984375,2409.4978743489582,2399.23333984375,0.0042782560306855,21.49925509536069,41.92885505714589,2286100,0.7367457629303539,True,False,True,False,True,0.021360991413607,0.0385631961604147,-0.0134215981280397,-0.0251418460996054,0.0438562704966922,-0.0334594258497737,0.06275992144257,0.1285443870388325,-0.0334594258497737,0.1111531862987817,0.1287335276267482,-0.0334594258497737,272.48504638671875,270.6231636810303,BULL_ABOVE_SMA200
8308,2025-01-20,1109.58837890625,1121.6185986328126,1094.2487719726562,1084.9425553385418,0.0085776123245626,-13.578044305570527,-12.709283887851038,6243400,0.7046587680265909,True,False,False,False,True,-0.0179824567193721,0.0206140344859406,-0.0315790125854715,-0.0157895466408969,0.0228069290010581,-0.0315790125854715,0.0824560812907024,0.0885964318328702,-0.0315790125854715,0.2087719043476232,0.2131578691674622,-0.0315790125854715,272.48504638671875,270.6231636810303,BULL_ABOVE_SMA200
1925,2025-01-21,4479.2255859375,4518.4402734375,4430.645091145833,4425.08107421875,0.001257381917701,-15.953644627604262,-0.9366004352688706,1306100,0.8698026445037144,True,False,False,False,True,0.0169994856899047,0.0254992724487006,-0.014874676380404,0.0382490608226737,0.0488737953787796,-0.014874676380404,0.0577985129701419,0.0779854745865591,-0.014874676380404,0.0796854707071077,0.0854228306220588,-0.014874676380404,272.7245178222656,270.61091926574704,BULL_ABOVE_SMA200
9434,2025-01-22,183.2963104248047,184.79360107421877,182.53697001139324,182.46052876790364,0.000418946738814,-1.0194827300725535,-0.65183078624342,58109500,1.066074728060086,True,False,False,False,True,0.0288065596964897,0.0334361571858368,0.0005144022460603,0.0447530228286234,0.0586420107152887,0.0005144022460603,0.0833333125216908,0.0967077892620409,0.0005144022460603,0.1085390418502982,0.1234567676596867,0.0005144022460603,275.3109436035156,270.6212364959717,BULL_ABOVE_SMA200
7751,2025-01-24,4687.8466796875,4741.71068359375,4687.138203125,4675.65958984375,0.0024549719800353,-17.18626380276237,-5.411533815354942,1855000,0.7343001288488905,True,False,False,False,True,0.013123508573845,0.0290734402552588,-0.0141327833399745,-0.0389661806262244,0.0413891471295531,-0.0405813635159283,0.0379568802723966,0.0565314830705019,-0.0405813635159283,-0.0207954411704968,0.0565314830705019,-0.0528971131047021,276.4125671386719,270.6641889190674,BULL_ABOVE_SMA200
8308,2025-01-24,1106.6683349609375,1108.6928662109376,1102.0729899088542,1091.8621826171875,0.0093517363768305,-12.322932908601617,-12.96906650364231,12089100,1.44767937921186,True,True,False,False,True,0.019349144871174,0.0255056970835105,-0.0175901462497263,0.0004398936798595,0.0351803058717399,-0.0211081860597609,0.0637642875823683,0.115655168268925,-0.0211081860597609,0.220316690358199,0.2576957617445967,-0.0211081860597609,276.4125671386719,270.6641889190674,BULL_ABOVE_SMA200
9432,2025-01-27,145.3797149658203,146.51615112304688,144.7297859700521,144.5245440673828,0.001420117973689,-0.916333139317146,-0.617296305765106,199461600,1.5105760681715257,True,False,False,False,True,-0.007843104326848,0.0117646883275845,-0.0143790521247862,-0.0516339625750648,0.0117646883275845,-0.0516339625750648,-0.0366013284555772,0.0117646883275845,-0.0555555316094208,-0.0196078657752919,0.0117646883275845,-0.0555555316094208,277.27471923828125,270.7052285003662,BULL_ABOVE_SMA200
5802,2025-01-29,660.4777221679688,669.5149926757813,648.6621533203125,639.9736051432292,0.0135764164447669,0.4504779613553182,0.2121220212048786,24010000,1.6855202508132758,True,True,True,False,True,0.0759356552241063,0.137226574404822,-0.0101247500262376,0.0569517414180797,0.137226574404822,-0.0101247500262376,-0.0531549586568744,0.137226574404822,-0.0710540758611548,-0.0876754080645085,0.137226574404822,-0.1155306422412718,279.19061279296875,270.78817420959473,BULL_ABOVE_SMA200
7751,2025-01-29,4709.61572265625,4743.61552734375,4694.358893229167,4680.41228515625,0.0029797819557795,-11.187473179755216,-9.139763411443411,1721700,0.7260344736703389,True,False,False,False,True,-0.0004018540442473,0.0365755813471058,-0.0235128386833646,0.0389870997179659,0.0446141091555103,-0.0450160407279497,0.0174840722827185,0.0516479255559991,-0.0450160407279497,-0.0665192856246046,0.0516479255559991,-0.0673231441515156,279.19061279296875,270.78817420959473,BULL_ABOVE_SMA200
2802,2025-01-29,3060.588134765625,3106.243974609375,3034.186572265625,3017.0288053385416,0.0056869748464858,-18.385874709445943,-13.393716696732984,2171800,1.0406225143985204,True,False,False,False,True,0.0147696636827407,0.0499278067090671,-0.018783138848507,0.0147696636827407,0.0499278067090671,-0.0235992553040028,-0.0359608266289326,0.0499278067090671,-0.0603628487787281,-0.0438624431435153,0.0499278067090671,-0.0603628487787281,279.19061279296875,270.78817420959473,BULL_ABOVE_SMA200
7270,2025-02-04,2460.799560546875,2530.4926171875,2424.960224609375,2419.3210872395834,0.0023308759633164,9.335120641477715,20.18788220213997,3156700,1.1124502662451852,True,False,True,False,True,0.0837457655116582,0.127331578393969,-0.0110391539243595,0.0542444095328755,0.1362771408634715,-0.0110391539243595,0.0681386407075397,0.1362771408634715,-0.0110391539243595,-0.0572298943343551,0.1397031238443342,-0.0866731799508001,275.2151184082031,270.9102307891846,BULL_ABOVE_SMA200
4507,2025-02-06,2125.007080078125,2152.319658203125,2094.060559895833,2086.940289713541,0.0034118226656447,-1.1102518831207815,12.833676395978609,2124400,0.9647198797506006,True,False,False,False,True,-0.0156356326478231,-0.0004531906832875,-0.0482665172046059,0.0231134340200382,0.0265124819735931,-0.0482665172046059,0.0482664981929632,0.0636756111380267,-0.0482665172046059,0.0418633715489689,0.125295150397277,-0.0482665172046059,276.8915100097656,270.94188621520993,BULL_ABOVE_SMA200
9433,2025-02-12,2357.0322265625,2368.750478515625,2356.4468359375,2349.588863932292,0.002918796607561,9.953000766725836,18.995630093769183,11080600,1.3143638669148163,True,False,True,False,True,-0.0046559062579109,0.0182186268567172,-0.0052631936854533,-0.0014170734930918,0.0182186268567172,-0.0297570874839187,-0.034008106559452,0.0182186268567172,-0.0425101297394512,0.0168617348103519,0.0353652074224364,-0.0842898159511184,274.8798828125,271.0450904083252,BULL_ABOVE_SMA200
4507,2025-02-13,2116.821044921875,2142.400068359375,2097.8614615885417,2092.1922119140627,0.0027097174161128,-14.367362424787189,-1.8821489041349504,2253500,1.1030590492693182,True,False,False,False,True,0.0,0.0079617161939515,-0.0177434291727281,0.0204732161320819,0.0677889895308341,-0.0177434291727281,0.0106915415133546,0.0677889895308341,-0.0177434291727281,0.0292799756969004,0.1296468199370373,-0.0177434291727281,278.1368408203125,271.1073513031006,BULL_ABOVE_SMA200
4507,2025-02-18,2122.599609375,2137.623251953125,2101.880660807292,2096.2627734375,0.0026799537925197,-12.052916865744464,-7.579604413166327,1205700,0.5842376490939882,True,False,False,False,True,0.057168667548177,0.0607984503584069,-0.011343088652111,0.0533120593022817,0.064882041149666,-0.011343088652111,0.0412885971377594,0.064882041149666,-0.011343088652111,0.0892952609151329,0.1265714698194537,-0.011343088652111,278.95111083984375,271.3378337860107,BULL_ABOVE_SMA200
7203,2025-02-18,2672.893310546875,2737.237197265625,2659.420830078125,2645.465361328125,0.0052752415336838,-19.851356232843045,-5.058848930196194,18272300,0.6819087234331181,True,False,False,False,True,-0.0281740210305447,-0.0044578768192115,-0.0549215243343038,0.0162268199866444,0.0253209712095463,-0.0549215243343038,0.0313837809073314,0.0438659497634024,-0.0549215243343038,-0.0929167986141247,0.0559914469725639,-0.1916667017461163,278.95111083984375,271.3378337860107,BULL_ABOVE_SMA200
8053,2025-02-18,788.1898193359375,790.4404541015625,787.3601700846355,786.269833984375,0.0013867199950112,0.92545645291068,2.976431939025725,7437600,0.678725846810328,True,False,True,False,True,0.0241984831305539,0.0505141944562013,-0.0308529181124492,0.0408348434863992,0.0505141944562013,-0.0308529181124492,0.1064731089504775,0.1179673621325765,-0.0308529181124492,-0.0022341385917067,0.1179673621325765,-0.1417365277710227,278.95111083984375,271.3378337860107,BULL_ABOVE_SMA200
5803,2025-02-26,1029.60107421875,1071.0000610351562,1007.0033138020832,994.9953727213542,0.0120683386173816,8.884195126999202,19.36822284180916,182801400,1.077655508831962,True,False,True,False,True,-0.0129726247887839,0.0893844006527477,-0.1052049251467567,-0.0965037965534854,0.0893844006527477,-0.1673786196788758,-0.0775194285559818,0.0893844006527477,-0.1673786196788758,-0.224504985006803,0.0893844006527477,-0.4251798951500414,273.4429931640625,271.50771675109866,BULL_ABOVE_SMA200
7182,2025-02-27,1428.541748046875,1471.66052734375,1414.8563037109377,1405.457674153646,0.0066872377092048,-4.408755156880716,5.801297635101644,14933300,2.209517468419982,True,False,False,False,True,-0.0118109509550601,0.0026246448487392,-0.0278870764935333,0.026246785547229,0.026246785547229,-0.0479002575562538,0.0586797958131406,0.0734908221486678,-0.0479002575562538,-0.0239870340079575,0.0734908221486678,-0.2097322759938218,275.3588562011719,271.5297821807861,BULL_ABOVE_SMA200
7182,2025-03-03,1418.230712890625,1469.0733984375,1416.7185302734374,1409.325861002604,0.0052455358092797,-8.538848883734772,0.8850877963928427,12264000,1.520767327806953,True,False,False,False,True,-0.026107005369015,-0.0003303687676468,-0.0380038997723795,0.0343689087742571,0.0429611105723819,-0.0409781581916273,0.0489008315096057,0.0812954772773997,-0.0409781581916273,0.0012702543073568,0.0812954772773997,-0.2039867522147822,274.5924987792969,271.54321266174315,BULL_ABOVE_SMA200
7203,2025-03-03,2664.314208984375,2693.616806640625,2664.174342447917,2660.107171223958,0.0015289501370305,-35.27010767805268,-31.88048989490562,24143500,0.8104743491338934,True,False,False,False,True,0.0121645398056691,0.0325581121303173,-0.0250447173169686,-0.0123435001696595,0.0325581121303173,-0.0293381420052499,-0.0419188766164047,0.0593917433198039,-0.0590373312343225,-0.006043325635197,0.0593917433198039,-0.1890638655495874,274.5924987792969,271.54321266174315,BULL_ABOVE_SMA200
5803,2025-03-05,1016.2444458007812,1050.9716162109376,1012.574004720052,1007.0033138020832,0.0055319489435798,-11.896579983889296,2.822173293968179,173758200,1.0095655232591176,True,False,False,False,True,-0.0846290324488988,0.0125019956313181,-0.1564353722783527,-0.0593044542724512,0.0160281207247756,-0.1564353722783527,-0.2068546053251535,0.0560985551112702,-0.2172309571008736,-0.1035770310523948,0.0560985551112702,-0.4176249622996002,273.2992858886719,271.5730200958252,BULL_ABOVE_SMA200
6954,2025-03-10,4218.99951171875,4278.4003125,4138.405472005208,4129.98228515625,0.0020395213023629,-32.70498067923654,-13.017562981208862,3200400,1.108004853839536,True,False,False,False,True,-0.0055032624806565,0.0199496064981021,-0.0355423138334414,0.0,0.0275166455224802,-0.0355423138334414,-0.2346736205763756,0.0275166455224802,-0.2789697775916228,-0.1393557047725534,0.0275166455224802,-0.2954358883440424,271.8144836425781,271.61547508239744,BULL_ABOVE_SMA200
6178,2025-03-12,1483.7174072265625,1533.152373046875,1483.1698388671875,1478.2734586588542,0.0033122289923106,-5.007416626344138,3.6366070209271135,7273000,1.311205279435639,True,False,False,False,True,0.0212423052877126,0.0318634941964262,-0.0009655768804391,0.042484692848715,0.0440939622109393,-0.0009655768804391,-0.1176963018073878,0.0522917451890494,-0.2213237842922915,-0.0673537693055303,0.0522917451890494,-0.2213237842922915,271.19183349609375,271.59422752380374,BEAR_BELOW_SMA200
7182,2025-03-12,1443.5396728515625,1444.90818359375,1420.8179361979169,1418.1933170572918,0.001850677978141,-13.34185868871282,-11.27534738228664,36619900,2.391292068522263,True,False,False,False,True,0.0256492824771465,0.0318181132359518,-0.0048701421377181,0.0581168100026747,0.0623375889318047,-0.0048701421377181,-0.0472572057769847,0.0623375889318047,-0.2179429099813195,0.0106480271366642,0.0623375889318047,-0.2179429099813195,271.19183349609375,271.59422752380374,BEAR_BELOW_SMA200
8309,2025-03-12,888.7622680664062,906.4056665039062,888.3572485351563,886.0902058919271,0.0025584783898464,-3.108540207671126,1.5723525270610694,10232000,1.1738737374432682,True,False,False,False,True,0.0461049944026985,0.0527292224822455,-0.0034445877758771,0.0736619441387864,0.0773714912480141,-0.0034445877758771,-0.0938991027080281,0.0773714912480141,-0.2350885607150462,-0.0251977803631374,0.0773714912480141,-0.2350885607150462,271.19183349609375,271.59422752380374,BEAR_BELOW_SMA200
8411,2025-03-12,3886.541015625,4053.766630859375,3843.6360611979167,3810.042757161458,0.0088170412191084,-12.471977493901704,25.50116868779037,9478500,0.9480846509511104,True,False,False,False,True,0.0690164726125666,0.0744391985515746,0.0081340226482875,0.0882426030537075,0.1099334743099631,0.0081340226482875,-0.1401880689016432,0.1099334743099631,-0.3258663360665725,-0.0509221150313908,0.1099334743099631,-0.3258663360665725,271.19183349609375,271.59422752380374,BEAR_BELOW_SMA200
6954,2025-03-14,4182.23681640625,4253.208203125,4148.595813802083,4135.2967708333335,0.0032159827228239,-39.71290914348265,-28.556689920651,8521300,2.7716321837585016,True,False,False,False,True,-0.0004626850842494,0.0365487216640516,-0.0057830642194176,-0.0501399788750343,0.0365487216640516,-0.0538832695986795,-0.2045506473213009,0.0365487216640516,-0.2892426293532263,-0.0763429805255462,0.0365487216640516,-0.2892426293532263,273.586669921875,271.57584510803224,BULL_ABOVE_SMA200
7269,2025-03-17,1760.214599609375,1798.7458349609376,1738.8791927083332,1730.245760091146,0.0049897146499768,-22.145531216078325,-15.102083290058792,5320000,0.8054967583297752,True,False,False,False,True,0.0406592296998586,0.0508241582104631,0.0052197525781172,0.0143682126605046,0.0585164418526109,-0.0211846518738862,-0.0861798023506489,0.0585164418526109,-0.1872833129811335,-0.0170183411862594,0.0715861441765162,-0.1872833129811335,276.4125671386719,271.59895164489745,BULL_ABOVE_SMA200
8604,2025-03-18,891.7723999023438,910.3016284179688,881.3177189127604,880.9686946614584,0.0003961823540574,-11.866260740840175,-7.942945621243506,11077900,1.006081681528408,True,False,False,False,True,0.0361995945601605,0.0429416858398521,-0.0032153041293503,-0.0127703488358166,0.0507764933268242,-0.0333801028434426,-0.1723887242579957,0.0507764933268242,-0.2786578525533062,-0.0783567004104293,0.0507764933268242,-0.2786578525533062,280.1485290527344,271.6313431549072,BULL_ABOVE_SMA200
9202,2025-03-19,2754.216796875,2764.735517578125,2751.2406380208336,2750.88298828125,0.0001300127054137,-4.338599269769929,1.1415721981085185,1376700,0.8134073063083822,True,False,False,False,True,0.0095652334240323,0.0156522076936382,-0.0006956669399417,-0.0335877018123488,0.0156522076936382,-0.0499254326894644,-0.0481496235530887,0.0156522076936382,-0.1087057060128414,0.0118738383402154,0.0353149311202978,-0.1087057060128414,281.2022399902344,271.6767537689209,BULL_ABOVE_SMA200
4519,2025-03-24,6628.55712890625,6922.85306640625,6599.601315104167,6569.126783854167,0.0046390535991633,-75.85049468966827,-26.93770654349959,1460200,0.558185762478617,True,False,False,False,True,-0.0176275488875555,0.03785582359961,-0.0252854014995514,-0.0764341227458575,0.03785582359961,-0.0916053394404267,0.2165871287416803,0.2222221522596048,-0.0995520903177474,0.0859701288039256,0.2505417897816551,-0.0995520903177474,281.0106506347656,271.7429694366455,BULL_ABOVE_SMA200
7936,2025-03-24,3315.9833984375,3316.6947265625,3233.081100260417,3212.846370442708,0.0062980695260945,-42.04227611729448,-45.89660659178579,8099300,1.3265395535399147,True,True,False,False,True,-0.0628724893368324,0.0125148886983363,-0.0861144434963641,-0.2029201603149046,0.0125148886983363,-0.2368891703052227,-0.1716328230307339,0.0125148886983363,-0.2368891703052227,0.0071513829649068,0.0864123635370617,-0.2368891703052227,281.0106506347656,271.7429694366455,BULL_ABOVE_SMA200
4307,2025-03-27,4877.5927734375,4956.37779296875,4794.846979166667,4769.86275390625,0.0052379337833055,-48.666578695116186,-34.037413690539324,1648700,1.1396753857213957,True,False,False,False,True,-0.0052461080895477,0.1095643473642553,-0.0417674647423903,0.0605328095734341,0.1095643473642553,-0.0558917062869306,0.0788943380473725,0.1095643473642553,-0.0558917062869306,0.1886602778370076,0.2185231189730616,-0.0558917062869306,282.7349548339844,271.88004081726075,BULL_ABOVE_SMA200
6301,2025-04-01,4202.63818359375,4263.60984375,4192.563971354167,4163.537568359375,0.0069715722551364,0.2271515704651392,8.081234103562736,2075800,0.6667844466215891,True,False,True,False,True,-0.1026939923222984,0.0142758352907974,-0.1789086015158182,-0.0571033843022943,0.0142758352907974,-0.1789086015158182,-0.0557218348825949,0.0142758352907974,-0.1789086015158182,0.0181901876878629,0.0331568302692824,-0.1789086015158182,270.3296813964844,271.8473560333252,BEAR_BELOW_SMA200
9104,2025-04-01,5040.548828125,5155.4251171875,5017.238424479167,5000.2684114583335,0.0033938204161092,-6.5022204059359865,13.295254809174352,3716600,0.7047417328045463,True,False,False,False,True,-0.0705115661620738,-0.0030656655149392,-0.1691894347477059,-0.0500095708203898,-0.0030656655149392,-0.1691894347477059,-0.0919715153786034,0.0272084207755447,-0.1691894347477059,-0.0180110634033914,0.0272084207755447,-0.1691894347477059,270.3296813964844,271.8473560333252,BEAR_BELOW_SMA200
7270,2025-04-02,2604.50634765625,2646.43443359375,2561.5211360677085,2543.182255859375,0.0072109972323382,-1.092581824465924,17.80693103707407,4024600,0.9615635023503905,True,False,False,False,True,-0.1481208669844127,-0.0420043318245452,-0.1989682093042252,-0.1077744421711992,-0.0420043318245452,-0.1989682093042252,-0.0420043648056656,-0.009027271412512,-0.1989682093042252,-0.0318716864868938,0.0549006005416095,-0.1989682093042252,269.7549133300781,271.82730964660647,BEAR_BELOW_SMA200
8267,2025-04-03,1233.0106201171875,1253.7001904296876,1220.5556624348958,1218.8045068359374,0.001436781361684,-1.9734870400868656,3.670222613832346,8862600,1.358449614541876,True,False,False,False,True,0.0707609667053863,0.0707609667053863,-0.0275033011719657,0.0691589190306571,0.1025367810372568,-0.0275033011719657,0.1348464377605667,0.1463283734404612,-0.0275033011719657,0.1781041010222632,0.1925233181007266,-0.0275033011719657,261.51666259765625,271.7667768096924,BEAR_BELOW_SMA200
1925,2025-04-08,4707.46826171875,4778.51533203125,4652.0371875,4640.041477864584,0.0025852591388766,-1.781887400742562,23.506445438311975,2300800,1.300452739327278,True,False,False,False,True,0.031217848550368,0.048469849999926,-0.0246457167733396,0.0546313386879537,0.0622304550109109,-0.0246457167733396,0.0704456380865055,0.0852330548104909,-0.0246457167733396,-0.0020538549584867,0.0852330548104909,-0.0246457167733396,247.05181884765625,271.2990044403076,BEAR_BELOW_SMA200
7011,2025-04-08,2298.26416015625,2518.999912109375,2279.074978841146,2275.3285009765623,0.0016465656994035,-5.3506271210198975,62.9665705738356,76686400,1.0031964078414424,True,False,False,False,True,0.1076990000732975,0.1135381006203453,-0.0687715879919729,0.0936418131465981,0.1740917457698034,-0.0687715879919729,0.1814446832219884,0.282655759873625,-0.0687715879919729,0.5008650168000008,0.5069203799801738,-0.0687715879919729,247.05181884765625,271.2990044403076,BEAR_BELOW_SMA200
8267,2025-04-08,1244.204833984375,1254.8591162109376,1221.010603841146,1220.3306298828124,0.0005572046965656,-2.056883326361003,0.8841829367790066,9093000,1.2739121206580968,True,False,False,False,True,0.0330776688722698,0.0926171663675017,-0.0116432050140461,0.1119343723037842,0.1172268424514475,-0.0116432050140461,0.1643292349708012,0.1743848705199948,-0.0116432050140461,0.1595659407687555,0.1817940871093324,-0.0116432050140461,247.05181884765625,271.2990044403076,BEAR_BELOW_SMA200
8830,2025-04-08,2555.408203125,2715.55263671875,2553.77451171875,2532.786826171875,0.0082864003121005,-6.240814705340199,41.90596711149104,4726400,1.0275274034845143,True,False,False,False,True,0.0251450470012664,0.0462282620575693,-0.0448742648734683,0.0350097143848562,0.0541585550528562,-0.0448742648734683,0.0655705691590062,0.0736944242660253,-0.0448742648734683,0.0640232228064101,0.1516441027521051,-0.0448742648734683,247.05181884765625,271.2990044403076,BEAR_BELOW_SMA200
9021,2025-04-08,2769.3740234375,2869.6438671875,2740.961171875,2733.481474609375,0.0027363263058859,-7.246004464616817,13.68879698102932,2653400,1.1693494188288438,True,False,False,False,True,0.0457332909237795,0.0695636742290131,-0.0077098314335372,0.0968984840112574,0.0986507180112752,-0.0077098314335372,0.1032065818969272,0.1627824080248734,-0.0077098314335372,0.1053092224205958,0.1627824080248734,-0.0077098314335372,247.05181884765625,271.2990044403076,BEAR_BELOW_SMA200
9434,2025-04-08,195.2764129638672,200.75756774902345,193.1874635823568,192.60648213704428,0.0030164168872526,-0.3606652417671796,0.9619185110467728,88062000,1.163687895053223,True,False,False,False,True,0.0571428236545268,0.0620689317327558,-0.015763560276978,0.059605856863397,0.0768473237438012,-0.015763560276978,0.109359580891313,0.1374383833392412,-0.015763560276978,0.0837438323565251,0.1374383833392412,-0.015763560276978,247.05181884765625,271.2990044403076,BEAR_BELOW_SMA200
5108,2025-04-10,2702.203857421875,2809.2112890625,2675.2713248697914,2667.8937825520834,0.0027653058626084,-49.72033045802527,-13.490190839776725,4417400,0.9253153579642812,True,False,False,False,True,0.0208772371582186,0.0261404333986285,-0.0503508237389809,0.0403509071507117,0.0591228375158257,-0.0503508237389809,0.0817544670885408,0.0959649944700156,-0.0503508237389809,0.0471931050926224,0.0991228956429588,-0.0503508237389809,258.7865295410156,271.0676736450195,BEAR_BELOW_SMA200
8630,2025-04-10,4283.6552734375,4355.472744140625,4161.65482421875,4157.318235677083,0.0010431216221196,-44.07906354838451,5.604537019907957,4072900,1.1899513402254622,True,False,False,False,True,0.0090742814882971,0.0104354428392254,-0.0555807240646146,0.0458256458563539,0.0678310878624419,-0.0555807240646146,0.0830307926910587,0.0952812457294578,-0.0555807240646146,-0.0249546160539824,0.0952812457294578,-0.0603448780750743,258.7865295410156,271.0676736450195,BEAR_BELOW_SMA200
8830,2025-04-10,2655.746337890625,2714.040244140625,2561.290514322917,2543.013209635417,0.0071872629753741,-20.69245031002993,19.032964821508635,5881200,1.2105942434403505,True,False,False,False,True,0.0067001675041875,0.0111669458403127,-0.0530430415860704,-0.0027917977462086,0.0160059454675902,-0.0530430415860704,0.0228922083295757,0.0344314267025969,-0.0530430415860704,0.0530429620984198,0.1081332374502035,-0.0530430415860704,258.7865295410156,271.0676736450195,BEAR_BELOW_SMA200
4507,2025-04-14,2178.801513671875,2204.324248046875,2168.0365787760416,2162.51177734375,0.0025548075576622,-2.4539389704641508,7.230872205977054,2073300,0.7068702758543096,True,False,False,False,True,0.0791301706305127,0.0836134700514954,0.0091907131431221,0.0777852018926599,0.0907868297831797,0.0091907131431221,-0.0188297864353689,0.1071508892406298,-0.0307105537534733,0.10199508738487,0.1443622560453457,-0.0307105537534733,252.89523315429688,270.89682090759277,BEAR_BELOW_SMA200
6971,2025-04-14,1598.494384765625,1630.992158203125,1595.2869563802085,1590.6122932942708,0.0029389079322754,-22.036351305593143,-12.738138064660705,3866300,0.648309930478934,True,False,False,False,True,-0.0024442403610697,0.0131378210396309,-0.0149709937047188,0.0351359838275551,0.0366636343349746,-0.0149709937047188,0.0760769907840217,0.169569199523349,-0.0149709937047188,0.0430797077266769,0.169569199523349,-0.0149709937047188,252.89523315429688,270.89682090759277,BEAR_BELOW_SMA200
8630,2025-04-15,4182.5888671875,4325.105439453125,4169.756647135417,4159.332109375,0.0025063008882892,-50.4583763633409,-21.970162196770143,2487300,0.7184222611830153,True,False,False,False,True,0.0508829034798508,0.0564590581466186,0.0023235149639868,0.079228647590656,0.0936337316218931,0.0023235149639868,0.1017658069597016,0.1217471841360062,0.0023235149639868,0.0058085847417599,0.1217471841360062,-0.0376394271443408,255.52957153320312,270.81856575012205,BEAR_BELOW_SMA200
5108,2025-04-15,2725.907470703125,2788.4280078125,2684.520732421875,2671.318505859375,0.0049422135673982,-44.67390914306816,-30.85820173299023,3786600,0.8144574477924301,True,False,False,False,True,0.0050435648177298,0.0259130443049198,-0.0052173740486437,0.0419130957052091,0.0499130464911363,-0.0052173740486437,0.0704348116582807,0.0864348359162463,-0.0052173740486437,0.0349564638424506,0.0895652769978299,-0.0052173740486437,255.52957153320312,270.81856575012205,BEAR_BELOW_SMA200
4502,2025-04-16,4025.4580078125,4161.65556640625,4013.73466796875,4008.546015625,0.0012943976004078,-54.7583780079508,-20.138149560114197,4058000,0.5827805439189335,True,False,False,False,True,0.0338901410917673,0.0420046989858393,-0.012649147408573,0.0434366819187159,0.0441526723225944,-0.012649147408573,-0.0217183409593579,0.0665871604203895,-0.0453460386034294,0.0348448800832785,0.0665871604203895,-0.0453460386034294,253.6136932373047,270.7326100158691,BEAR_BELOW_SMA200
9022,2025-04-16,2872.219482421875,2913.53802734375,2867.399638671875,2865.194537760417,0.0007696164718999,-17.278231806066287,-14.036770260572489,1614700,0.5267321371193328,True,False,False,False,True,0.0480304023651951,0.0556323373642173,0.0067380908044765,0.1116102351365464,0.116102287687611,-0.0062197456983315,0.0507947946600189,0.123013190434714,-0.0062197456983315,0.0684173917862647,0.123013190434714,-0.0062197456983315,253.6136932373047,270.7326100158691,BEAR_BELOW_SMA200
6971,2025-04-17,1601.4246826171875,1623.8498095703126,1600.634680989583,1592.2019140625,0.0052962924190733,-15.567658564468276,-14.918394570118238,2966400,0.5093039306918113,True,False,False,False,True,0.0137236657026356,0.0317170036425222,-0.0088441119491067,0.0393413427115794,0.0487954453007986,-0.0088441119491067,0.0738029972243801,0.1674291137923012,-0.0088441119491067,0.0405611885352024,0.1674291137923012,-0.0088441119491067,257.25384521484375,270.6662641906738,BEAR_BELOW_SMA200
4502,2025-04-18,4119.60986328125,4151.256884765625,4018.817177734375,4008.84224609375,0.0024882325190882,-42.36794994959973,-29.8913340568968,6087500,0.8620622511613943,True,False,False,False,True,-0.0030317788597102,0.0181901439496661,-0.0226213724321761,0.0065298393580341,0.0422107841358789,-0.0226213724321761,-0.0342817751557699,0.0422107841358789,-0.0671642312913382,0.0104943000210619,0.0422107841358789,-0.0671642312913382,260.0318603515625,270.60582290649415,BEAR_BELOW_SMA200
8058,2025-04-22,2466.2412109375,2517.140498046875,2440.035498046875,2439.99845703125,1.5180753708543548e-05,-26.33545162457904,-20.24760996678333,14688100,0.9469558747870848,True,False,False,False,True,0.0725726618545508,0.0858216235699371,0.0120625231031612,0.0915562531702509,0.1010480466760792,0.0120625231031612,0.1576032962294355,0.1706546041393359,0.0120625231031612,0.1127151167464088,0.1738185468749433,0.0120625231031612,257.5891418457031,270.4038540649414,BEAR_BELOW_SMA200
9022,2025-04-25,2888.09912109375,2900.193251953125,2873.1918912760416,2869.969303385417,0.0011228649333716,5.636798756806456,1.74801783593802,2349800,0.8438979191656552,True,True,True,False,True,0.0824742634061823,0.1168385257365374,-0.0061855356130426,0.0563574386875558,0.1168385257365374,-0.0061855356130426,0.0800686985435077,0.1168385257365374,-0.0061855356130426,0.0797250705726473,0.1168385257365374,-0.0061855356130426,267.2642822265625,270.1857182312012,BEAR_BELOW_SMA200
7832,2025-05-09,4718.21728515625,4748.88603515625,4623.09021484375,4532.972731119792,0.0198804380854273,-6.693016248755157,2.901868422540228,6245300,2.3054575255083205,True,False,False,False,True,-0.0218749860937321,0.0172917653784647,-0.0533331815538027,-0.0114582472007135,0.0172917653784647,-0.0533331815538027,-0.0345832709383893,0.0172917653784647,-0.0681249362952937,-0.0204165226020446,0.0860417353717002,-0.0681249362952937,277.9452819824219,269.74629440307615,BULL_ABOVE_SMA200
1925,2025-05-16,4844.75732421875,4918.08126953125,4787.890546875,4759.523717447917,0.0059600143020808,7.739236723997237,36.47514606928588,1792100,1.3979647954069434,True,False,True,False,True,-0.0185591444037394,0.0101776667908026,-0.0237477974892104,-0.0279385446353243,0.0101776667908026,-0.0303332762026362,-0.0337257483650325,0.0101776667908026,-0.0393135517844593,-0.0149670486873546,0.0101776667908026,-0.0393135517844593,278.759521484375,269.5276452636719,BULL_ABOVE_SMA200
4507,2025-05-20,2228.619384765625,2273.924404296875,2211.901302083333,2211.855973307292,2.049354776656465e-05,-19.561934407148783,-2.2054501634580057,2451900,0.9514791797231984,True,False,False,False,True,0.0468989995535922,0.0556651624135762,0.0046021356367609,0.0512820119571557,0.0661845739092052,0.0046021356367609,0.0942363003475408,0.1187815347494947,0.0046021356367609,0.0911680821171232,0.1466140929054045,0.0046021356367609,278.18475341796875,269.4926806640625,BULL_ABOVE_SMA200
2503,2025-05-21,1969.6722412109373,2034.9942236328125,1964.8914908854167,1956.881202799479,0.0040933951813111,-6.412381353721003,6.630990777387784,2528600,0.9909782804649596,True,False,False,False,True,0.0038731856449933,0.0191237307850062,-0.0108932334078575,0.0036310495672444,0.0191237307850062,-0.0108932334078575,-0.0048414200813049,0.0191237307850062,-0.0205761093770274,-0.022005936579188,0.0191237307850062,-0.0303901519489074,277.9452819824219,269.47280349731443,BULL_ABOVE_SMA200
2503,2025-05-26,1976.3475341796875,2027.5561083984376,1968.2672574869791,1963.022421875,0.0026718164568744,-12.729910029266648,-2.3437367799368785,2394800,0.905165163916612,True,False,False,False,True,-0.0026538829970329,0.0156815479923837,-0.0098914985670518,-0.0031363959482005,0.0156815479923837,-0.0120627338976245,-0.0115802490624135,0.0156815479923837,-0.0238842023603877,-0.0287498535382955,0.0156815479923837,-0.033665097113758,279.9090576171875,269.55231246948244,BULL_ABOVE_SMA200
2502,2025-05-28,1813.9356689453125,1864.720244140625,1811.2810074869792,1798.2172347005207,0.0072648468351679,-19.86054597088082,-10.807741029710876,3641000,0.8126107547616178,True,False,False,False,True,0.0036851871305332,0.0144775009706465,-0.0128980309908576,0.0031587991220047,0.0144775009706465,-0.0128980309908576,0.0244802053007446,0.0552778416400527,-0.0128980309908576,0.0467822463631817,0.0552778416400527,-0.0220604309201697,282.1123046875,269.6334977722168,BULL_ABOVE_SMA200
2502,2025-05-30,1820.14306640625,1855.4189892578124,1818.0229850260416,1802.6800553385417,0.0085111773673107,-17.5994537863985,-13.478962887858811,5858300,1.3649140914687918,True,False,False,False,True,-0.0060336222282492,0.0110177371861783,-0.0162644335386594,-0.012854200753128,0.0110177371861783,-0.0162644335386594,0.0097061743676247,0.0516789327874021,-0.0162644335386594,0.0283207020610556,0.0516789327874021,-0.0253955861121416,284.7466125488281,269.75347915649417,BULL_ABOVE_SMA200
8801,2025-06-06,1338.0374755859375,1370.0171630859377,1330.0405501302084,1326.8063248697918,0.0024376016301657,-8.649994945640401,-5.532783467783658,4693200,0.5431828137939176,True,False,False,False,True,-0.0190267436886261,0.0069520419549651,-0.0237833711960495,0.016465346002624,0.0321989949119789,-0.0296378066390953,0.0084155908799425,0.0402487756134066,-0.0296378066390953,0.0307354037690936,0.0402487756134066,-0.0417123974498121,281.8249206542969,270.75955215454104,BULL_ABOVE_SMA200
4519,2025-06-06,7297.06298828125,7376.82431640625,7062.632760416666,7033.938717447917,0.0040793706231152,-25.87293569716985,-4.076635666548873,2301200,1.0520661175916592,True,False,False,False,True,-0.0212626347621531,0.020868904444578,-0.0303189413467597,-0.0564377858305978,0.020868904444578,-0.0570940572221694,-0.0491640171208116,0.020868904444578,-0.0690481600343499,-0.0254098111096575,0.020868904444578,-0.1006759812051384,281.8249206542969,270.75955215454104,BULL_ABOVE_SMA200
7267,2025-06-06,1336.41796875,1371.8588037109375,1335.6904280598958,1334.815224609375,0.0006556738598608,-0.8563738569878296,5.114870040398345,16167400,0.8626975131960052,True,False,False,False,True,-0.00606278662937,0.0124822245073634,-0.0092724869954755,0.0153352193509352,0.0338801574692391,-0.0092724869954755,0.0292439597747009,0.0427960285451232,-0.0274607184444153,0.1052068627365012,0.1943651447269589,-0.0274607184444153,281.8249206542969,270.75955215454104,BULL_ABOVE_SMA200
5108,2025-06-10,2829.729248046875,2876.662138671875,2823.534560546875,2819.078291015625,0.0015807540874095,-5.521185498535942,8.804069388040038,4565200,1.0139954111221428,True,False,False,False,True,0.0085440139230414,0.018261021566496,-0.0082092261649182,-0.0038533045524676,0.018261021566496,-0.0105545740863481,0.0220829500116948,0.0333597337005817,-0.0194337543334849,0.0718031924397857,0.0868388280210712,-0.0194337543334849,283.0223388671875,271.0869268798828,BULL_ABOVE_SMA200
6971,2025-06-11,1678.590087890625,1699.278203125,1654.9330257161455,1654.6337890625,0.0001808476628628,-1.5846123769183578,5.163031914793729,3026100,0.7514247048160609,True,False,False,False,True,0.0046552216891704,0.0061099787434553,-0.0296770141567576,-0.0046552216891704,0.0101833380058293,-0.0296770141567576,-0.0322955913783787,0.0142565991891197,-0.0453883946815003,0.0957230050738091,0.104451547334089,-0.0779749918450459,283.64501953125,271.22295394897463,BULL_ABOVE_SMA200
7267,2025-06-11,1346.4268798828125,1364.442734375,1336.7606754557291,1336.3220751953124,0.0003282144840364,-3.942696176832442,0.8755822086011669,13509400,0.7351358293146663,True,False,False,False,True,0.0237167437795837,0.0261946197154263,-0.0166372416528971,-0.0141592933191138,0.0261946197154263,-0.0251327446322583,0.0484955070880328,0.0499114361995631,-0.0346902675478217,0.0941592643071409,0.1854866123890266,-0.0346902675478217,283.64501953125,271.22295394897463,BULL_ABOVE_SMA200
8697,2025-06-16,1521.326171875,1524.2644775390625,1519.3445751953125,1518.8245963541667,0.0003423560840363,-3.713443957733944,-3.0034734957239086,2261600,0.8421287806149521,True,False,False,False,True,-0.0304954687201107,0.0114358450995253,-0.0400253297746312,-0.0721092308699621,0.0114358450995253,-0.0752858510997807,-0.0644853636899344,0.0114358450995253,-0.0752858510997807,-0.008259122578856,0.0114358450995253,-0.0851334311563397,282.59124755859375,271.51344833374026,BULL_ABOVE_SMA200
9983,2025-06-16,46214.21875,47329.27171875,46014.77765625,45997.28390625,0.0003803213693152,12.497952266036007,243.4296506591008,746300,0.8828922618273018,True,False,True,False,True,-0.0115138908141771,0.0113006511461402,-0.0232409934098651,0.0558635735078827,0.0690831901390396,-0.0232409934098651,-0.0588486531810082,0.0690831901390396,-0.077398759019987,0.0371002397124802,0.0690831901390396,-0.077398759019987,282.59124755859375,271.51344833374026,BULL_ABOVE_SMA200
5108,2025-06-17,2853.906494140625,2867.996083984375,2826.246243489584,2823.534560546875,0.0009603859575861,-5.370710272319684,-0.9570222819879473,3897200,0.8441362938318615,True,False,False,False,True,-0.0122922929533694,0.0071429771983921,-0.0189367917966215,0.0071560184132888,0.0078336675425829,-0.0277407508946468,0.0154572427236823,0.0362949228150191,-0.0277407508946468,0.1037209909901972,0.1325211166816928,-0.0277407508946468,283.0223388671875,271.6015786743164,BULL_ABOVE_SMA200
9983,2025-06-18,46628.078125,47142.4440625,46034.091145833336,45999.582604166666,0.0007501924955193,-108.22812172261912,118.73213115087503,880600,1.0435998625282945,True,False,False,False,True,-0.0160609369957814,0.0023245948244872,-0.0319104665738529,0.0147928404190473,0.0595942701859624,-0.0319104665738529,-0.0593828926173439,0.0595942701859624,-0.0855875411512731,0.0405747341747211,0.0595942701859624,-0.0855875411512731,285.80035400390625,271.70647262573243,BULL_ABOVE_SMA200
9983,2025-06-24,46125.53515625,46842.1009375,46034.74807291666,46019.63895833334,0.0003283188422449,-296.9503555925694,-105.7775409691608,848900,0.9736878326298404,True,False,False,False,True,0.0138859330646317,0.0711386706662156,-0.0192267294722361,0.0151676763235386,0.0711386706662156,-0.0192267294722361,0.0014954094790735,0.0711386706662156,-0.0756249130717253,0.0431531239856042,0.0711386706662156,-0.0756249130717253,282.7349548339844,272.035044708252,BULL_ABOVE_SMA200
6971,2025-06-25,1670.77587890625,1674.6634423828125,1657.3292985026042,1656.3126025390625,0.0006138309652314,-5.385912087387169,-3.791280652459656,3164200,0.8595695089435488,True,False,False,False,True,-0.0035077090692507,0.0190002713535955,-0.0140309587708966,-0.027769643536098,0.0190002713535955,-0.040923681803462,-0.0181233340025817,0.0190002713535955,-0.0736626862907788,0.1479099577438321,0.1625255931911506,-0.0736626862907788,282.9265441894531,272.1114401245117,BULL_ABOVE_SMA200
9432,2025-06-27,146.0101776123047,149.5879040527344,145.28200113932292,144.89363810221354,0.0026803318778938,-0.8607828713566619,-0.0713525253803321,167870800,1.1910562721563738,True,False,False,False,True,0.0192051916396442,0.0304636605552912,0.0079470426720389,0.0119205682812997,0.0390727567344204,0.0079470426720389,0.0026488874453269,0.0390727567344204,-0.0086093336136682,0.0364237438215355,0.1072846512203153,-0.0086093336136682,289.39263916015625,272.2996746826172,BULL_ABOVE_SMA200
8725,2025-06-30,3094.767578125,3177.281982421875,3082.540380859375,3079.7237109375,0.000914585263565,-31.25045115145349,-19.136319103419897,4263200,1.1238733454423708,True,False,False,False,True,-0.0414860389985364,-0.0018575932331019,-0.0436532217268988,-0.0331268881889227,-0.0018575932331019,-0.0498451739948616,-0.0260062031364683,0.012383931780737,-0.0498451739948616,0.0755417567832803,0.1312693201219974,-0.0498451739948616,290.2547607421875,272.40169494628907,BULL_ABOVE_SMA200
9735,2025-07-02,5172.96337890625,5220.60474609375,5166.02146484375,5163.054576822917,0.0005746381287836,-26.803028475132123,-10.95981192278802,1227300,1.2726509153691807,True,False,False,False,True,0.0018997135138385,0.0085485413043715,-0.0131079047930325,-0.0028495702707578,0.0159574133831368,-0.0134878678636016,0.0288753433591062,0.0497720284002418,-0.0134878678636016,0.0349544077251868,0.1198707329414809,-0.0134878678636016,287.3809509277344,272.6148358154297,BULL_ABOVE_SMA200
8830,2025-07-02,2797.109130859375,2802.684658203125,2731.0711263020835,2721.9069303385418,0.0033668292847919,7.744362566247673,24.655374703832408,3521800,0.9357231675044902,True,False,True,False,True,-0.0196147162610951,-0.0040642744035195,-0.0333981001098427,-0.0303940164226824,-0.0026506468813418,-0.0434705323302314,-0.020675032528265,-0.0026506468813418,-0.0768686713982494,0.0772221494377347,0.1309419699525931,-0.0768686713982494,287.3809509277344,272.6148358154297,BULL_ABOVE_SMA200
4901,2025-07-09,2984.290771484375,3041.82255859375,2970.702981770833,2965.993583984375,0.0015877976985141,-23.674791926625858,-16.141771658223632,3057800,1.1032377708665566,True,False,False,False,True,-0.0167323112440591,-0.0016404672068454,-0.024770330633809,0.0570866078926475,0.0570866078926475,-0.0252624556390763,0.0958005604706611,0.1551837644961671,-0.0252624556390763,0.183398991545491,0.1955380687067682,-0.0252624556390763,281.3938293457031,273.347417678833,BULL_ABOVE_SMA200
8830,2025-07-09,2742.24462890625,2799.20494140625,2731.420436197917,2731.0711263020835,0.0001279021598776,-9.030266525895968,4.832513238166505,2012200,0.5460145173326098,True,False,False,False,True,-0.010994963245958,0.0173034720748328,-0.0243331029798379,-0.010994963245958,0.0173034720748328,-0.0583994436542381,0.0659696904462638,0.0856164094619289,-0.0583994436542381,0.1103100238118257,0.1535688965459667,-0.0583994436542381,281.3938293457031,273.347417678833,BULL_ABOVE_SMA200
9735,2025-07-09,5182.79052734375,5206.41451171875,5169.830677083333,5166.02146484375,0.0007373589648254,-22.872479166185254,-21.02627555100582,815900,0.7861823087300058,True,False,False,False,True,-0.0047402786132553,0.0140310449036813,-0.0153584048082748,0.0316646654459926,0.0350776343814875,-0.0153584048082748,0.0902540945728684,0.0968904238441816,-0.0153584048082748,0.0496776299643266,0.1177473332274918,-0.0153584048082748,281.3938293457031,273.347417678833,BULL_ABOVE_SMA200
2914,2025-07-11,4039.043701171875,4049.78697265625,4028.941409505208,4014.66876953125,0.003555122674697,-18.186413541980528,-15.062725323127571,4644800,1.1552720104961416,True,False,False,False,True,0.0175064281911854,0.0302814449599193,0.0042583938117846,0.0099360955681431,0.0302814449599193,-0.0037852193868703,0.1391057610700921,0.1424178027429852,-0.0037852193868703,0.1178140758996522,0.1559025521906789,-0.0037852193868703,287.7222595214844,273.65070137023923,BULL_ABOVE_SMA200
3382,2025-07-11,2149.480224609375,2154.691552734375,2085.987693684896,2085.295408528646,0.0003319842135645,0.1423337759306377,11.335934546307223,9416100,1.5990266011960306,True,False,True,False,True,-0.1353165412559427,0.0062624472258976,-0.1375531772071689,-0.1040036137006686,0.0062624472258976,-0.1462760583408782,-0.0968463487777693,0.0062624472258976,-0.1462760583408782,-0.1193582069429711,0.0062624472258976,-0.1462760583408782,287.7222595214844,273.65070137023923,BULL_ABOVE_SMA200
9434,2025-07-15,209.3209381103516,211.3333258056641,208.8219860839844,208.45094543457031,0.0017799902449016,-0.3577225526369147,0.1898736955645468,41002100,0.6636929350430051,True,False,False,False,True,0.0041359355774654,0.0119484336551793,-0.0064339412672413,-0.0078126224435428,0.0147057980908751,-0.0174633491401242,0.0877756230346615,0.1056984396628237,-0.0174633491401242,0.053308715658493,0.1392461715250634,-0.0174633491401242,287.86944580078125,273.9822310638428,BULL_ABOVE_SMA200
6702,2025-07-17,3214.5556640625,3326.66625,3170.539114583333,3158.2050813802084,0.0039053933754469,-41.1959547908632,-16.684825787127888,3947300,0.8162906576254924,True,False,False,False,True,0.0082745871820226,0.0119521844604981,-0.035243643615495,0.0468893779971169,0.0511799082348101,-0.035243643615495,0.0925528715361796,0.1069567975625676,-0.035243643615495,0.1363776523108844,0.1688630522197094,-0.035243643615495,289.43927001953125,274.25185600280764,BULL_ABOVE_SMA200
6098,2025-07-18,8056.26318359375,8099.5146484375,8043.467578125,8039.3893424479165,0.0005072817727025,-28.602194566292383,-5.003741085959401,2108100,0.5219723080579985,True,False,False,False,True,0.119495355752121,0.1502969406783396,-0.0157100425161782,0.0612321413603194,0.1502969406783396,-0.0157100425161782,0.1317417476588449,0.1750372524470815,-0.0157100425161782,0.0283275695279543,0.1750372524470815,-0.0157100425161782,288.8505859375,274.37583305358885,BULL_ABOVE_SMA200
9434,2025-07-23,210.18667602539065,210.9139141845703,209.39146219889324,208.8219860839844,0.0027270888740604,-0.4562309168849765,-0.2473002891111622,72881800,1.3565406239262692,True,False,False,False,True,-0.0118993431045139,0.0105263263059407,-0.0215103194222088,0.0274599387838394,0.0411899444739427,-0.0215103194222088,0.1089244601407468,0.1345537303870096,-0.0215103194222088,0.0475972272253217,0.1345537303870096,-0.0215103194222088,298.2696228027344,274.6430963897705,BULL_ABOVE_SMA200
6702,2025-07-24,3201.748779296875,3283.358896484375,3186.735032552084,3166.4408756510416,0.0064091381137407,-47.18790517651769,-34.86904413120988,5960100,1.2241867305314442,True,False,False,False,True,0.0169230484164575,0.0366153555567461,-0.0240000256548644,0.0849230725121761,0.0956923032376231,-0.0240000256548644,0.1055384085372654,0.1270768690431405,-0.0240000256548644,0.1335384722841666,0.1735384641425217,-0.0240000256548644,303.4696960449219,274.789877243042,BULL_ABOVE_SMA200
8830,2025-07-25,2724.94482421875,2741.69095703125,2717.2539778645832,2714.9539453125,0.0008471718483675,-22.31519416347919,-19.80833691930279,1550000,0.5986520672807678,True,False,False,False,True,0.036640650156513,0.0413567755990449,-0.0185016945799912,0.0808997171853573,0.0925086414375326,-0.0185016945799912,0.1436605385681011,0.1608925371666687,-0.0185016945799912,0.1536369088608624,0.2051515544328415,-0.0185016945799912,300.42816162109375,274.9667128753662,BULL_ABOVE_SMA200
6920,2025-07-31,15390.83203125,17731.0321484375,15267.5916015625,14976.885143229169,0.0194103417067839,-419.7463150674503,30.80848829196303,7312500,0.7389054297044529,True,False,False,False,True,-0.0789304103269676,-0.0422036198865871,-0.0956829955514552,0.1214561073163229,0.1262885812059364,-0.1163015090754148,0.0086984870508086,0.1262885812059364,-0.1163015090754148,0.3083118425056719,0.4375000352636171,-0.1163015090754148,299.8394775390625,275.5519901275635,BULL_ABOVE_SMA200
9202,2025-08-07,2805.505859375,2844.43865234375,2783.2026953125,2772.540205078125,0.0038457477423936,-12.1199798896655,-0.378410601363,2292100,1.1359964315805124,True,False,False,False,True,0.0432357306607611,0.0571827405513294,0.0083681917230331,0.0420153346621006,0.0606694844958191,0.0083681917230331,0.0326011247414577,0.0606694844958191,0.0083681917230331,-0.0076708119288313,0.0606694844958191,-0.0317294257455519,304.5489807128906,276.2606424713135,BULL_ABOVE_SMA200
6920,2025-08-13,15658.5859375,16391.831484375,15558.171184895831,15375.026575520831,0.0119118239227367,-623.7984331931439,-583.4173337073122,12534700,1.3904047023092807,True,False,False,False,True,0.0227991806611689,0.107029615652703,-0.006966479503769,0.0034832003608245,0.107029615652703,-0.0189993831751865,0.0231158749268447,0.107029615652703,-0.0576314328583176,0.2808738865807945,0.4129195111209756,-0.0576314328583176,315.04730224609375,276.8718350982666,BULL_ABOVE_SMA200
4307,2025-08-29,5704.30419921875,5889.2512109375,5685.316087239583,5680.762630208334,0.0008015573484863,22.74239111487441,77.62498765732501,991000,0.7332783312923383,True,False,True,False,True,-0.0336438998272189,-0.0006901685233036,-0.0486542370877699,0.0094893050794719,0.0227743292618545,-0.0486542370877699,-0.015299833125257,0.0384747822125455,-0.0486542370877699,-0.0104396222870014,0.0384747822125455,-0.0547017011542141,313.5755615234375,279.73788078308104,BULL_ABOVE_SMA200
4568,2025-09-01,3476.560546875,3567.37052734375,3471.6846549479164,3461.6856803385417,0.0028884698186684,9.16916728979777,38.78619728162255,2768600,0.4617041997972144,True,False,True,False,True,0.0389901904439271,0.0406732199100889,-0.0134642201849759,0.0036465610373939,0.0496493274013074,-0.0286115080183643,-0.0407156127615802,0.0496493274013074,-0.0757363593029133,0.0904055283177125,0.1857663909122975,-0.0757363593029133,312.1038513183594,279.93453804016116,BULL_ABOVE_SMA200
4568,2025-09-04,3526.29541015625,3556.91646484375,3469.8902994791665,3467.19876953125,0.0007762837168636,-4.087076365124631,18.138293575166934,3537800,0.6168938736080741,True,False,False,False,True,-0.0254425006989204,0.0348450754259328,-0.0423119693304089,-0.0201880320743166,0.0348450754259328,-0.0423119693304089,0.0926544060090948,0.0926544060090948,-0.0887721718084411,-0.0573232382326253,0.1690423441504549,-0.0887721718084411,313.8699035644531,280.5063938140869,BULL_ABOVE_SMA200
7011,2025-09-04,3517.974609375,3767.9604296875,3507.6826725260416,3452.5985579427083,0.015954393092302,-2.5668439318947094,48.16241865926416,25220000,0.8464331334605556,True,False,False,False,True,0.0771403889511621,0.0816614399016391,-0.0064990955838896,0.0449278898602767,0.0890081697905733,-0.0064990955838896,0.1627000121585406,0.2049336303476248,-0.0064990955838896,0.2627568908113078,0.3319180111690434,-0.0064990955838896,313.8699035644531,280.5063938140869,BULL_ABOVE_SMA200
9202,2025-09-24,2847.079833984375,2898.944453125,2844.1516861979167,2839.632356770833,0.0015915192036417,-8.03036426728886,3.051946236934117,1683500,0.9812721857276918,True,False,False,False,True,-0.0278303075579684,0.006012704597019,-0.0336712281345773,-0.0310943427420451,0.006012704597019,-0.0458684238124674,-0.0252533970567945,0.006012704597019,-0.0489607087709318,0.0106510757192879,0.0503349902824448,-0.0544579813134864,323.09271240234375,283.48534690856934,BULL_ABOVE_SMA200
9202,2025-09-26,2860.28564453125,2891.705703125,2845.019033203125,2842.22787109375,0.000982033192258,-9.79881103236312,-1.579085805491075,2285000,1.334030025892443,True,False,False,False,True,-0.0383037164564222,-0.0017099971196261,-0.0502736065102217,-0.0444596282092537,-0.0017099971196261,-0.0502736065102217,-0.0282148018091915,-0.0017099971196261,-0.0533516145277112,0.0112859377947425,0.0454856407362049,-0.0588235064094704,324.36822509765625,284.03849464416504,BULL_ABOVE_SMA200
4502,2025-09-30,4241.11328125,4299.00228515625,4225.048225911459,4218.808186848958,0.0014790999699754,-5.258468428153719,9.974684800589964,4511500,0.9711862400034444,True,False,False,False,True,0.010660388219853,0.0143683921206669,-0.0150638342335336,-0.0271147159731975,0.0275781924418989,-0.0312863187804458,-0.0187717884362983,0.0275781924418989,-0.0312863187804458,0.0442640862096754,0.0542293214110154,-0.0493627537199261,322.111572265625,284.5189772796631,BULL_ABOVE_SMA200
6702,2025-10-03,3485.245849609375,3543.46693359375,3417.9268912760417,3416.9588346354167,0.0002833094243959,-14.514745543980553,14.610776954890756,12414700,2.5352058028311677,True,False,False,False,True,0.0945217097156281,0.1376667298806786,0.0519443113088229,0.0794776837935753,0.1376667298806786,0.0479704238717804,0.1129719050738931,0.1907464866586452,0.0479704238717804,0.1663354597404083,0.2228213784268156,0.0479704238717804,321.8172302246094,285.1907483673096,BULL_ABOVE_SMA200
7751,2025-10-03,4204.404296875,4220.650654296875,4108.894765625,4102.215611979167,0.0016281820064085,-6.557761824407862,8.953939224218372,3324700,1.109013339382032,True,False,False,False,True,0.0146855859392238,0.0585130698941318,0.0137677337583652,0.0341899886419327,0.0585130698941318,-0.0091785847205515,0.0098668853113945,0.0674621571965781,-0.0091785847205515,0.050252362779916,0.0674621571965781,-0.0091785847205515,321.8172302246094,285.1907483673096,BULL_ABOVE_SMA200
7936,2025-10-03,3770.326904296875,3934.2660546875,3762.469033203125,3736.2540071614585,0.00701639288748,-35.28181505910243,-8.138919205357997,2638700,0.7946599047142935,True,False,False,False,True,0.0005258605065161,0.0612673379238632,-0.0073626482491199,-0.0210361038431071,0.0612673379238632,-0.0407573725533285,0.0299763152324259,0.0965026683270791,-0.0407573725533285,-0.0289245942193937,0.0965026683270791,-0.0783592549009565,321.8172302246094,285.1907483673096,BULL_ABOVE_SMA200
9432,2025-10-03,152.02334594726562,153.43960205078125,151.08195576985676,150.99965962727865,0.0005450087952598,-0.4495445668466971,-0.0524261816601808,127111200,0.7623154066861225,True,False,False,False,True,-0.0116429766851396,0.0206985170914182,-0.0135834879240058,0.0284604981510592,0.0381629556807863,-0.0258732642187692,0.0051745447807798,0.0523931994001658,-0.0258732642187692,0.0006467930047591,0.0523931994001658,-0.0284605985224132,321.8172302246094,285.1907483673096,BULL_ABOVE_SMA200
4502,2025-10-06,4289.27392578125,4292.81564453125,4227.226038411458,4224.491389973959,0.0006473319945661,-13.100627205229102,-4.377927128697369,5644200,1.1752738963717515,True,False,False,False,True,-0.0311641058677321,0.0160403823345052,-0.0421631888663954,-0.0208524557020356,0.0160403823345052,-0.0421631888663954,-0.0462877911414431,0.0160403823345052,-0.0600366587417235,0.0249771385358621,0.0423922682217279,-0.0600366587417235,332.1192932128906,285.4781427764893,BULL_ABOVE_SMA200
7267,2025-10-06,1547.4962158203125,1562.89947265625,1501.139798177083,1491.60763671875,0.0063905287313372,-16.655184879013404,-7.659944741623123,29066400,1.8703200013898835,True,False,False,False,True,-0.0305223068166516,0.0239144753445232,-0.0443674929575369,-0.0229704153690173,0.0239144753445232,-0.0471994874997822,-0.0176211589269429,0.0258024003875998,-0.0471994874997822,-0.0261170368055315,0.0258024003875998,-0.0613593546594174,332.1192932128906,285.4781427764893,BULL_ABOVE_SMA200
6178,2025-10-15,1413.69775390625,1444.564658203125,1402.323671875,1394.1062353515624,0.0058944120003632,-11.693266169452272,-8.36518606973194,5573200,0.8902292341875372,True,False,False,False,True,0.0115142787176112,0.0118631970614255,-0.0286113076487852,-0.0083740522848952,0.024075405132655,-0.0286113076487852,0.0258199369796008,0.031751548860095,-0.0286113076487852,0.1280530578847514,0.1346825067247792,-0.0286113076487852,327.9003601074219,287.1041449737549,BULL_ABOVE_SMA200
5108,2025-10-16,3172.640380859375,3341.744765625,3159.0318815104165,3131.2755989583334,0.0088642093852475,-16.51265397823363,15.150507366711848,5169400,1.1028265076022794,True,False,False,False,True,0.0339834868972119,0.0371837939543242,-0.0091435039687468,0.0277354563842546,0.0484608794416105,-0.0091435039687468,0.1145991942369202,0.1170374752196643,-0.0091435039687468,0.1219140855404734,0.1353246042322855,-0.0091435039687468,329.17584228515625,287.3837671661377,BULL_ABOVE_SMA200
1925,2025-10-20,5137.01220703125,5164.7094921875,5033.085377604167,5015.83017578125,0.0034401487327528,-32.59920679608149,-20.39926282381206,1589100,1.0924953250467495,True,False,False,False,True,0.0286204181681255,0.0328180900656769,-0.0072505230851973,0.0066780405416002,0.0328180900656769,-0.0122114059215124,-0.0053425655055258,0.0711696119462521,-0.0122114059215124,-0.003243731037799,0.0711696119462521,-0.0354894206023281,333.5910339355469,287.96424903869627,BULL_ABOVE_SMA200
1928,2025-10-20,3171.5576171875,3207.21111328125,3155.3261197916668,3142.4812565104166,0.0040874908178494,-29.568472256869427,-23.92861671237976,2072600,0.9874955034792946,True,False,False,False,True,0.0414899120139793,0.0490610803188207,0.003936951049597,-0.0118110648386923,0.0490610803188207,-0.015142379054682,-0.0039370472722793,0.0490610803188207,-0.01817080409811,0.0333131393997243,0.0590550932590236,-0.01817080409811,333.5910339355469,287.96424903869627,BULL_ABOVE_SMA200
5108,2025-10-20,3241.779052734375,3327.104794921875,3168.334169921875,3144.8869401041666,0.0074556670126053,-25.568488800287923,0.4478028291292499,4295400,0.8843184485207831,True,False,False,False,True,0.0208799647726705,0.0260999499833416,-0.0049217711323399,0.0292319205574618,0.0371364694329212,-0.0050708513542093,0.0599552187560978,0.093661406942235,-0.0050708513542093,0.0680089441990696,0.1111110986210928,-0.0050708513542093,333.5910339355469,287.96424903869627,BULL_ABOVE_SMA200
6178,2025-10-20,1409.7515869140625,1432.8543896484375,1406.50404296875,1399.435691731771,0.0050508581985873,-13.28150001887775,-10.771138520581008,5073400,0.792346099724973,True,False,False,False,True,0.019944088872456,0.0269419899967953,-0.0013995119117218,0.0055983863097832,0.0269419899967953,-0.0080475208113307,-0.0094471361890985,0.0346396207332131,-0.017494748783705,0.131910429629001,0.1392582253081999,-0.017494748783705,333.5910339355469,287.96424903869627,BULL_ABOVE_SMA200
7267,2025-10-20,1524.1231689453125,1535.3969580078126,1522.1958056640624,1510.7167643229166,0.0075984073336807,-14.270139520467865,-12.785922370305745,11377600,0.6542462088986478,True,False,False,False,True,0.0345047425369526,0.0415334961922377,-0.0111821584906977,0.0159743807614793,0.0415334961922377,-0.0111821584906977,-0.0469649197152211,0.0415334961922377,-0.0469649197152211,0.0115015541482652,0.0415334961922377,-0.0469649197152211,333.5910339355469,287.96424903869627,BULL_ABOVE_SMA200
4503,2025-10-30,1576.08740234375,1595.7327197265624,1559.5434619140624,1542.5943359375,0.0109874161869403,-3.874895338090482,0.1611640955693443,8304300,1.2856187435945865,True,False,False,False,True,0.0953124966114975,0.1024999965892619,-0.0028125123497259,0.1831249785072124,0.185312478467474,-0.0028125123497259,0.231562518685171,0.2459374725537884,-0.0028125123497259,0.3125000193628717,0.3396874688276516,-0.0028125123497259,339.28167724609375,290.3560668182373,BULL_ABOVE_SMA200
4188,2025-11-04,818.95263671875,826.8286108398438,809.2147444661458,804.6330126953125,0.0056941881560212,-1.848078972897952,0.1883333316819493,11187600,1.8840909205733312,True,False,False,False,True,0.0126035570871951,0.0319290132554817,-0.0268874485088487,-0.0032408635744374,0.0385308299036497,-0.0268874485088487,0.0291682193397984,0.0578562527761794,-0.0268874485088487,0.1155924404444272,0.1161926085158384,-0.0268874485088487,340.75341796875,291.0049646759033,BULL_ABOVE_SMA200
4188,2025-11-06,812.2681274414062,823.8795556640625,810.8594392903645,806.8296761067709,0.0049945649037583,-3.8892176241523657,-1.2007957216213914,4918900,0.7769086493850073,True,False,False,False,True,0.0407842502529078,0.0407842502529078,-0.0019363306916637,0.0137964552834752,0.0470773538072351,-0.0027834873446414,0.028198026164468,0.0665618140273054,-0.0027834873446414,0.1624107570963198,0.1700350919012363,-0.0027834873446414,340.65533447265625,291.6763149261475,BULL_ABOVE_SMA200
6301,2025-11-06,5131.47119140625,5286.87337890625,5036.5151171875,5008.7820833333335,0.0055368816995349,1.2909017553174635,63.9697424660092,3712500,1.0011258452266183,True,False,True,False,True,0.0113286833992862,0.013824857455253,-0.0215053760370376,-0.0372504116134609,0.013824857455253,-0.0524193641224067,-0.0168971096233004,0.013824857455253,-0.0524193641224067,-0.0101766509950802,0.013824857455253,-0.0564516912357361,340.65533447265625,291.6763149261475,BULL_ABOVE_SMA200
8630,2025-11-06,4574.4326171875,4594.0696875,4540.663287760417,4510.653649088542,0.0066530576290066,-8.754842383838877,0.0853527632157629,1943500,0.6722726863926612,True,False,False,False,True,0.0079895922884902,0.0181385877549766,-0.0131721560276218,0.0699633172573699,0.0792485690519344,-0.0332541990775375,0.0807601010968956,0.1137983244355738,-0.0332541990775375,0.2008205636841489,0.2133448583072121,-0.0332541990775375,340.65533447265625,291.6763149261475,BULL_ABOVE_SMA200
9022,2025-11-06,3974.875732421875,4151.682900390625,3952.26796875,3915.130751953125,0.0094855623348846,-72.84465944389285,-30.79997370911044,4108700,1.3084677644076514,True,False,False,False,True,0.0228070096776684,0.0388470929394448,-0.0115288087167121,0.0187969589998606,0.0388470929394448,-0.0115288087167121,0.0644109783551973,0.0947368330537554,-0.0115288087167121,0.0997493964010152,0.1365914445242979,-0.0115288087167121,340.65533447265625,291.6763149261475,BULL_ABOVE_SMA200
7751,2025-11-07,4241.06494140625,4289.379853515625,4213.1255924479165,4189.071031901041,0.0057422183495319,-7.923643673508195,9.11823742760606,2407300,0.7332879464251718,True,False,False,False,True,0.0302547831199808,0.0327570579299432,0.001137464242533,0.0200181885146633,0.0327570579299432,-0.004094577633106,0.0409462632895145,0.0564149053714835,-0.004094577633106,0.0765170249355808,0.1012725852260099,-0.004094577633106,338.98736572265625,292.0176874542236,BULL_ABOVE_SMA200
9022,2025-11-12,4012.731689453125,4121.876318359375,3990.2734602864575,3942.594420572917,0.0120933158797027,-48.07964755618468,-42.9542611790566,2470800,0.7396431105243779,True,False,False,False,True,0.0153922308686784,0.0268123025655218,-0.007447890232633,0.0739821110163945,0.0819265001871119,-0.007447890232633,0.0913605127332441,0.1119661911071747,-0.007447890232633,0.084905594370068,0.1258688843792756,-0.007447890232633,345.5610656738281,293.09992042541506,BULL_ABOVE_SMA200
8802,2025-11-12,3268.873779296875,3311.888369140625,3196.21416015625,3154.969661458333,0.0130728669761128,-1.165044191265224,6.057090961166008,5562700,1.5721102825740136,True,False,False,False,True,0.0073036640357861,0.028910539432519,-0.0143030913096772,0.1144248167586268,0.1174680303489017,-0.0143030913096772,0.1378575455772281,0.165550802662334,-0.0143030913096772,0.265063830413329,0.26841136520634,-0.0143030913096772,345.5610656738281,293.09992042541506,BULL_ABOVE_SMA200
8630,2025-11-12,4609.99267578125,4612.75857421875,4558.9835546875,4534.946334635417,0.0053004420071083,-5.328075720686684,-4.265854589392425,1922900,0.72643131032659,True,False,False,False,True,-0.0394257549173759,0.0102849813865046,-0.0407113773734311,0.0531390655807246,0.095993130279214,-0.0407113773734311,0.0818513197119241,0.1163488563476182,-0.0407113773734311,0.229483654997503,0.2466252814215339,-0.0407113773734311,345.5610656738281,293.09992042541506,BULL_ABOVE_SMA200
9022,2025-11-18,4052.580078125,4081.98810546875,4025.213037109375,3981.643424479167,0.0109426204170726,-26.905228158790123,-35.871048339542654,3566500,1.0553351906127986,True,True,False,False,True,0.0518682398028647,0.0577679448169496,-0.0029498872611681,0.0619469367749423,0.0717797787821177,-0.0029498872611681,0.0818584177421695,0.114798391006305,-0.0029498872611681,0.0543264056800234,0.114798391006305,-0.0029498872611681,334.6702880859375,294.45683494567874,BULL_ABOVE_SMA200
4188,2025-11-20,823.4745483398438,826.3528271484375,818.0167496744791,815.5164111328126,0.003065957358471,-0.0839994773871239,0.4749386940871706,4957500,0.818809072553173,True,False,False,False,True,0.0520472906260813,0.0520472906260813,-0.0145636594109077,0.0142055841741584,0.0520472906260813,-0.0145636594109077,0.0693566102746652,0.0968126690929964,-0.0145636594109077,0.2164259390902938,0.2313477489417448,-0.0145636594109077,339.37982177734375,295.05259223937986,BULL_ABOVE_SMA200
6146,2025-11-20,47002.84765625,50192.7190625,45832.11380208333,45626.46494791667,0.0045072274260435,-1061.9968868438082,-422.3059354951636,3290000,1.1293965795417875,True,False,False,False,True,-0.0748889133961215,-0.0547916348284981,-0.0954093622485805,-0.0247514092605259,-0.0169240309896933,-0.1036597978197003,-0.0539453685028558,0.0841971996780621,-0.1036597978197003,0.4506029347124829,0.4506029347124829,-0.1036597978197003,339.37982177734375,295.05259223937986,BULL_ABOVE_SMA200
7011,2025-11-20,4108.2978515625,4347.0978515625,3987.682835286458,3951.819309895833,0.0090751936205226,-20.338513734331173,50.08808911051753,26811400,0.7829144915716253,True,False,False,False,True,-0.0419902721649709,-0.0310678900945774,-0.0723300418599254,-0.0089805502725642,-0.0070388026365566,-0.0723300418599254,-0.0577669241723769,0.0524271994937244,-0.0868931393551307,0.1400485916341665,0.1949029338073769,-0.0868931393551307,339.37982177734375,295.05259223937986,BULL_ABOVE_SMA200
7751,2025-11-20,4293.16162109375,4298.29427734375,4251.136969401042,4232.086259765625,0.0045014936998168,3.0220603956058767,5.58977386028104,3012200,0.9315371816995404,True,False,True,False,True,0.0350562048224629,0.0382023369026556,-0.0112359382528761,0.0179774680277671,0.0435955163524841,-0.0112359382528761,0.0458426856391234,0.0858427229053715,-0.0112359382528761,0.0677962034235268,0.139790131037534,-0.0112359382528761,339.37982177734375,295.05259223937986,BULL_ABOVE_SMA200
9984,2025-11-20,4788.31689453125,5763.50568359375,4731.264749348959,4604.063473307292,0.0276280456990078,-176.0525438456507,8.075253984492981,89803200,0.9535175687315144,True,False,False,False,True,-0.1227842059015509,-0.0706465536357855,-0.208550580960712,0.005474445297509,0.005474445297509,-0.208550580960712,-0.107664294797936,0.0291970107842249,-0.208550580960712,-0.0980188289918302,0.0291970107842249,-0.2221063683667031,339.37982177734375,295.05259223937986,BULL_ABOVE_SMA200
1925,2025-11-21,5172.2978515625,5197.585859375,5163.745442708333,5143.384498697917,0.0039586665192095,-4.584867216742168,12.225926895832314,4749300,2.3709631522981764,True,False,False,False,True,-0.0259617180090827,0.0233086702752318,-0.0259617180090827,-0.0240667634236098,0.0233086702752318,-0.042069354401186,-0.0295622544455863,0.0233086702752318,-0.042069354401186,0.0117490394006682,0.0435853828311907,-0.042069354401186,339.18359375,295.352557144165,BULL_ABOVE_SMA200
6301,2025-11-26,5087.13232421875,5201.58537109375,5069.727408854166,5049.033203125,0.004098647185833,-62.327844965448094,-47.94652485944124,2671600,0.6808593058119992,True,False,False,False,True,-0.0182064562981412,0.0040673642698842,-0.0213054335477176,-0.026341257962919,0.0149138350466244,-0.0323455425510842,-0.0381561666532449,0.0149138350466244,-0.0482278314104044,0.100329252526792,0.117373648714246,-0.0482278314104044,345.3648376464844,295.97278663635257,BULL_ABOVE_SMA200
6762,2025-12-12,2317.329833984375,2435.915380859375,2261.871866861979,2232.2831201171875,0.0132549256311351,-22.836404956238766,2.0905730528161497,12791700,1.6858823808507104,True,False,False,False,True,-0.0609103684734469,-0.0290659644065897,-0.0805727395403002,-0.0483009356619299,-0.0279973822290041,-0.0805727395403002,-0.126308987468424,-0.0228680782149848,-0.1427654962661078,-0.0544988228239099,0.0025647239502148,-0.1908527067980627,352.5272216796875,300.1995044708252,BULL_ABOVE_SMA200
5401,2025-12-22,601.0724487304688,604.6823828125,598.4305582682292,595.8450919596354,0.0043391585220424,-2.720484240679866,-1.1800469884263936,18813300,0.7542408079745472,True,False,False,False,True,0.0497228312309205,0.0531463321379006,-0.0079883234826573,0.0311378861696485,0.0740136123983132,-0.0079883234826573,0.0953700005818456,0.1181936939917118,-0.0079883234826573,0.082328024727124,0.1408541652776622,-0.0079883234826573,350.4668273925781,302.45008796691894,BULL_ABOVE_SMA200
8058,2026-01-05,3618.130859375,3629.5805859375,3579.20154296875,3567.573987630208,0.003259233131214,-26.79088465186578,-20.89821349230683,10572000,1.2882824423992616,True,False,False,False,True,0.0892417096405202,0.0892417096405202,0.0060224535595405,0.1196277509699144,0.14563375286776,0.0060224535595405,0.1522036909380544,0.1593211288008222,0.0060224535595405,0.3999452356647808,0.5272379166829257,0.0060224535595405,358.1197814941406,305.2426033782959,BULL_ABOVE_SMA200
9022,2026-01-19,4233.89013671875,4365.70857421875,4232.296184895833,4223.469466145833,0.0020899212888247,-6.845474132569507,16.89707879874204,1777000,0.9144121544260482,True,False,False,False,True,0.0117647235205784,0.013411782372821,-0.0167059030322797,0.018352885656764,0.0204705326001353,-0.0228235353039508,0.0858822971772483,0.125411716213444,-0.0228235353039508,0.0319999741667835,0.1364705299990778,-0.0228235504386571,376.7616271972656,309.3706429290771,BULL_ABOVE_SMA200
9022,2026-01-23,4244.8486328125,4332.35546875,4233.1462890625,4231.727220052083,0.0003353403791466,-23.248474355304097,-4.463119335757328,2248800,1.1504078453640685,True,False,False,False,True,0.010795483956312,0.0107955597417834,-0.0253462128827226,0.0955174297890941,0.1065477536770962,-0.0253462128827226,0.0865993362819133,0.1335366190540825,-0.0253462128827226,0.0030509176448936,0.1335366190540825,-0.0373152836151285,374.1125183105469,311.2371941375732,BULL_ABOVE_SMA200
4063,2026-01-29,4865.63427734375,5190.04970703125,4860.1752734375,4844.353040364584,0.0032661189102201,78.07135559467042,158.44917790279274,16997000,2.070314189088371,True,False,True,False,True,0.0552159552521727,0.0817033223467436,0.009372443440881,0.1204156342428297,0.1697229021420259,0.009372443440881,0.2883048854173868,0.2883048854173868,0.009372443440881,0.2863687739837521,0.3732681380889919,0.009372443440881,364.88970947265625,313.2756703186035,BULL_ABOVE_SMA200
7751,2026-01-29,4466.47607421875,4573.4803515625,4433.5912890625,4419.059996744792,0.0032883220251396,-20.29759329754688,9.228801984528442,6441100,1.7072194568576624,True,False,False,False,True,0.0711776086236188,0.0889719864535028,0.0131810847020317,0.0597539635279884,0.1056678671765805,0.0131810847020317,0.0404217924265002,0.1056678671765805,0.0131810847020317,-0.0428382318231643,0.1056678671765805,-0.0742530143467168,364.88970947265625,313.2756703186035,BULL_ABOVE_SMA200
5108,2026-01-30,3424.6015625,3448.062822265625,3411.801783854167,3409.316884765625,0.0007288554195843,-10.233950700230253,-6.244474772885763,4178000,1.1438474395530835,True,False,False,False,True,0.0731707212746008,0.0731707212746008,0.0005738836974968,0.024103297258577,0.1073170703616837,0.0005738836974968,0.0261118994226061,0.1073170703616837,0.0005738836974968,-0.0338594362026604,0.1073170703616837,-0.0832137777626471,367.34259033203125,313.9472930145264,BULL_ABOVE_SMA200
6702,2026-01-30,4237.10107421875,4285.892705078125,4087.5347591145833,4060.7713444010415,0.0065907219204655,-26.427597701472223,17.653140284515477,16859000,2.8062296667363,True,False,False,False,True,-0.0863879953669126,0.0429605799955421,-0.1022647181665676,-0.1109035200239513,0.0429605799955421,-0.1288815738469965,-0.2010272906637712,0.0429605799955421,-0.2332476713236339,-0.2214016276191193,0.0429605799955421,-0.2768640760912342,367.34259033203125,313.9472930145264,BULL_ABOVE_SMA200
8801,2026-01-30,1748.7962646484375,1787.6012451171875,1722.7547819010415,1714.456861979167,0.0048399700837593,-10.064914737915842,3.5516201868560326,10385200,1.1320715638583438,True,False,False,False,True,0.0718529256207831,0.0718529256207831,-0.0056576847593439,0.1513437081686839,0.2209335521836632,-0.0056576847593439,0.1357850150693078,0.2209335521836632,-0.0056576847593439,-0.0204690880075922,0.2209335521836632,-0.0730767026621758,367.34259033203125,313.9472930145264,BULL_ABOVE_SMA200
1925,2026-02-02,5166.4169921875,5192.8810546875,5159.359635416667,5158.88916015625,9.119700885418248e-05,-1.4376487468944106,17.138409928086997,1595800,0.9177277066583854,True,False,False,False,True,0.0574842861925093,0.0700056286554993,-0.0049326923681983,0.0383228259581345,0.1013090362192137,-0.0049326923681983,0.0195408258450997,0.1013090362192137,-0.0049326923681983,-0.0304692773397,0.1013090362192137,-0.0635676509821259,364.301025390625,314.5335390472412,BULL_ABOVE_SMA200
9432,2026-02-02,153.59666442871094,154.9379376220703,153.37115865071615,153.35149230957032,0.0001282435589615,-0.4613653461566684,-0.0173336821112188,201792800,1.0110304957818532,True,False,False,False,True,-0.0236875989148143,0.0076824623392965,-0.0249679364269437,-0.0198462941646481,0.0076824623392965,-0.0249679364269437,-0.0320102768586597,0.0076824623392965,-0.0384123254213506,0.0221576137994106,0.0319234508739274,-0.0390524372674784,364.301025390625,314.5335390472412,BULL_ABOVE_SMA200
9433,2026-02-02,2624.3740234375,2640.29662109375,2578.773857421875,2562.42427734375,0.0063805124790159,-16.088399713562467,-9.684127798259205,7736200,1.0954648277229264,True,False,False,False,True,-0.0459920873988179,0.0613853505381989,-0.0568800171372808,0.00244040710601,0.0613853505381989,-0.0568800171372808,-0.0052562757711195,0.0613853505381989,-0.0568800171372808,0.0330082434092355,0.0613853505381989,-0.0568800171372808,364.301025390625,314.5335390472412,BULL_ABOVE_SMA200
6098,2026-02-03,8328.0009765625,8805.36345703125,8287.505013020833,8271.695384114584,0.00191129244636,-133.8229501614387,-42.51813281738405,6265400,1.4236681940109774,True,False,False,False,True,-0.1179291131563521,-0.0328379908219348,-0.1857622400092089,-0.2417306167669242,-0.0328379908219348,-0.276126614344674,-0.170062335590598,-0.0328379908219348,-0.276126614344674,-0.1664266107152393,-0.0328379908219348,-0.276126614344674,375.87860107421875,315.21934326171873,BULL_ABOVE_SMA200
6920,2026-02-06,30071.052734375,33882.375859375,29729.142734375,29059.323333333334,0.0230500687630716,-212.5751586784536,867.1465152836711,5418000,1.05962699877961,True,False,False,False,True,0.0172242447396235,0.055316274090601,0.0043060336872988,0.0573037335596895,0.062272266142207,-0.006790342808296,0.1517058653856209,0.1603179205183886,-0.0457105042487154,0.3229545726303569,0.3282543405727918,-0.0457105042487154,381.17681884765625,317.0780313873291,BULL_ABOVE_SMA200
9020,2026-02-06,3935.738525390625,3944.0492578125,3881.441513671875,3865.9149055989583,0.0040162829374308,-52.366671183510334,-47.41528718062404,3512600,1.2149658781575243,True,False,False,False,True,-0.047511333970399,0.0072900784843161,-0.058572168308035,-0.0377074069283847,0.0072900784843161,-0.058572168308035,-0.0563097268526315,0.0072900784843161,-0.0844645759620463,-0.0832724336935205,0.0072900784843161,-0.1063348323247578,381.17681884765625,317.0780313873291,BULL_ABOVE_SMA200
7936,2026-02-09,3881.5,3916.26318359375,3822.2809700520834,3814.641731770833,0.002002609633724,-30.59550956647809,-17.911050361149307,3781700,1.3535995647520769,True,False,False,False,True,0.1851756479051269,0.228007217107877,0.0066683503954811,0.1977430248051654,0.2731469612253259,0.0066683503954811,0.15055139363004,0.2731469612253259,0.0066683503954811,0.1305462661422773,0.2731469612253259,0.0066683503954811,389.8109130859375,317.7494380950928,BULL_ABOVE_SMA200
9101,2026-02-10,4962.28662109375,5037.07875,4945.343600260417,4942.820462239583,0.0005104652374303,-1.5250337308370945,7.214476476881036,2626300,0.7982517062732803,True,False,False,False,True,0.0152143664080328,0.0165974922478258,-0.0077060210142301,0.063030988718324,0.063030988718324,-0.0077060210142301,0.1339656351328866,0.1440426984220781,-0.0077060210142301,0.241967760145543,0.2885188801509983,-0.0077060210142301,397.0714416503906,318.4667268371582,BULL_ABOVE_SMA200
9433,2026-02-12,2622.4033203125,2630.54205078125,2607.32814453125,2588.502151692708,0.0072729291827056,-6.074030514198967,-2.38196346906486,15817200,1.5670578234746593,True,False,False,False,True,-0.007702373739499,0.0358820685797629,-0.0105203336777623,0.0035694721824901,0.0358820685797629,-0.027428113747311,-0.0110839740651187,0.0390757201829181,-0.0306218286808535,-0.0009164571650304,0.0600962782752729,-0.0306218286808535,400.014892578125,319.18053207397463,BULL_ABOVE_SMA200
7267,2026-02-17,1529.4794921875,1559.2412646484374,1528.5575227864583,1527.5252083333332,0.0006758084563798,5.611530536718647,9.698023017299253,13335400,0.7955944421624366,True,False,True,False,True,-0.0140083048831333,0.0168735806004196,-0.020375690622691,-0.0764088196364801,0.0168735806004196,-0.0805476287866786,-0.1435848656641895,0.0168735806004196,-0.1518624769952912,-0.1490569133826292,0.0168735806004196,-0.1989812494828526,387.7505187988281,321.16727432250974,BULL_ABOVE_SMA200
6920,2026-02-18,31047.19140625,33736.751953125,30625.126927083333,29996.630260416667,0.0209522423422348,-665.931796393801,-287.6480433839368,1850000,0.4051211695519688,True,False,False,False,True,0.0744305449327957,0.0744305449327957,-0.0380173334554875,0.0763554120799725,0.1238369654758795,-0.0380173334554875,0.1257619292002685,0.2191208681249148,-0.0757138262490237,0.2816810749663976,0.441770937273211,-0.0757138262490237,392.16571044921875,321.81596939086916,BULL_ABOVE_SMA200
6920,2026-02-24,31794.236328125,33192.903203125,30888.82755208333,30386.158125,0.0165427108295657,-579.6423330516045,-455.75055922543777,3028400,0.7229211897978451,True,False,False,False,True,0.0720550581316668,0.0848997438342136,-0.0090852071616728,0.0892857263523527,0.097431025436631,-0.0974310735303853,0.0466791193790099,0.1904761148971441,-0.0974310735303853,0.4035087309763852,0.4260651212956483,-0.0974310735303853,393.539306640625,323.73098068237306,BULL_ABOVE_SMA200
8306,2026-03-05,2683.624267578125,2829.609541015625,2618.844475911458,2588.060481770833,0.0118946192940443,-10.281129488345414,27.18792617785128,56480400,1.0893589116131723,True,False,False,False,True,-0.0296160205601737,0.0102377025012232,-0.0595977978691507,-0.0179159170769983,0.0102377025012232,-0.0595977978691507,0.0290188657789098,0.0597608742622559,-0.0782449301510682,0.0668408519735719,0.1054080989799515,-0.0782449301510682,381.17681884765625,327.856460723877,BULL_ABOVE_SMA200
8308,2026-03-05,1774.2666015625,1897.875,1692.4496126302083,1673.4553206380208,0.0113503430644001,-8.608670259522796,30.311414063081497,20626600,1.801558347184241,True,False,False,False,True,-0.0352250654842531,0.025160716030691,-0.0679340480363466,-0.0117416884947511,0.025160716030691,-0.0679340480363466,0.0274667845263971,0.0762193225744132,-0.0760413661291227,0.1328624448151718,0.1480800000440323,-0.0760413661291227,381.17681884765625,327.856460723877,BULL_ABOVE_SMA200
8316,2026-03-05,5310.80126953125,5652.14234375,5161.615546875,5068.97857421875,0.0182752740616047,-0.8660425404486887,89.4725648092182,23577800,1.4555181353307522,True,False,False,False,True,-0.0441394817331755,0.0142804443105515,-0.0675074248811914,-0.0437685910779742,0.0142804443105515,-0.0752967234552237,0.011711741281978,0.0461698184557359,-0.0847552043187948,0.0712131204454071,0.0804396001258123,-0.0847552043187948,381.17681884765625,327.856460723877,BULL_ABOVE_SMA200
8411,2026-03-05,6436.01123046875,6946.62115234375,6160.775279947917,6058.642727864583,0.0168573320248133,-52.57324477876864,83.25176666766582,16092900,1.1735134195043035,True,False,False,False,True,-0.0496159950826006,0.0087557304429497,-0.0791090849939313,-0.0552995758803745,0.0087557304429497,-0.0860215313226637,0.0049702786999208,0.0430373347112813,-0.1038402872755124,0.0761323670803419,0.0967973403436519,-0.1038402872755124,381.17681884765625,327.856460723877,BULL_ABOVE_SMA200
8411,2026-03-10,6377.681640625,6911.42576171875,6205.369290364583,6128.03169921875,0.0126202988074772,-115.54677600952618,-6.171728357030954,13181500,0.9597210572913026,True,False,False,False,True,-0.0497597058590243,0.0159665318273412,-0.0776623826212958,-0.0046504641276815,0.0159665318273412,-0.0956441069982244,0.0891104936557019,0.0897376808101249,-0.0956441069982244,0.0928736165822403,0.1068285307681542,-0.0956441069982244,377.4484558105469,329.293497467041,BULL_ABOVE_SMA200
8316,2026-03-10,5275.34326171875,5642.29291015625,5201.643548177083,5132.671419270833,0.0134378617433585,-63.448407932366536,22.437562188669133,13398200,0.7995572006367478,True,False,False,False,True,-0.0429424440408249,0.0210978895713005,-0.0690813675291174,-0.008401778505416,0.0210978895713005,-0.0786034231918466,0.0655230799462009,0.0814462143912251,-0.0786034231918466,0.0973693488362492,0.0985067155823224,-0.0786034231918466,377.4484558105469,329.293497467041,BULL_ABOVE_SMA200
8306,2026-03-10,2670.3779296875,2822.348544921875,2629.8994986979164,2609.3201497395835,0.0078868623922545,-30.422174642250862,1.6530106348052938,52005900,1.0044463921626532,True,False,False,False,True,-0.0227815877829207,0.0152489594504392,-0.0479514671205654,-0.0011023171974647,0.0152489594504392,-0.0736725889210595,0.0803714215603992,0.0981591659361769,-0.0736725889210595,0.0807459003893629,0.1108914461209442,-0.0736725889210595,377.4484558105469,329.293497467041,BULL_ABOVE_SMA200
7203,2026-03-10,3422.04638671875,3617.535458984375,3384.8402734375,3364.660738932292,0.0059974945680889,-21.407720719365443,24.04138992611889,22222100,0.7859637730406301,True,False,False,False,True,-0.0270659959810802,0.0276417700106239,-0.0417506956570066,-0.0388713407761682,0.0276417700106239,-0.0814858058894335,-0.0111180219141421,0.0276417700106239,-0.0814858058894335,-0.1692105603729037,0.0276417700106239,-0.1823605866772368,377.4484558105469,329.293497467041,BULL_ABOVE_SMA200
6954,2026-03-10,6093.10302734375,6465.561484375,6066.510904947917,6001.391048177084,0.0108507937989832,-54.018510738419536,32.370502181025074,5370400,0.931685800656642,True,False,False,False,True,-0.01966522888047,0.0346172296529041,-0.0378677502079417,-0.0388429059976319,0.0346172296529041,-0.1015764745868625,-0.0277531869369144,0.0346172296529041,-0.1380418193438005,0.2719299124306067,0.2886701512780805,-0.1380418193438005,377.4484558105469,329.293497467041,BULL_ABOVE_SMA200
8053,2026-03-10,1423.7310791015625,1553.041015625,1415.854383138021,1399.2589876302084,0.011860131437082,-20.488914883773305,8.164975974388991,15718000,0.8947427742604624,True,False,False,False,True,-0.0088357359748028,0.0221760183932813,-0.0476437589559718,0.0103949986303077,0.0474705904569652,-0.0644490063995454,0.0979952765984992,0.1141500127966541,-0.0644490063995454,0.304319353042324,0.3267955077528004,-0.0644490063995454,377.4484558105469,329.293497467041,BULL_ABOVE_SMA200
2914,2026-03-11,5658.361328125,5781.695390625,5622.153678385416,5609.89529296875,0.0021851362238489,-26.59085003045948,6.425914833493928,2657500,0.6093757882330281,True,False,False,False,True,0.0305804359629571,0.0324809195833415,-0.0259157270147741,0.0336903766239189,0.0336903766239189,-0.0259157270147741,0.0425016594289218,0.0668623982654739,-0.0259157270147741,0.0677262734455819,0.0736004956619491,-0.0259157270147741,380.9805603027344,329.80460266113283,BULL_ABOVE_SMA200
2914,2026-03-16,5675.9580078125,5765.19349609375,5627.793854166666,5616.913463541667,0.0019370764202835,-33.13907143617416,-14.125522535238842,3408600,0.8212662814847654,True,False,False,False,True,0.002411315132822,0.0292800086533528,-0.0248019635213964,0.0368583669366111,0.0463313559432001,-0.0248019635213964,0.0153289272994079,0.0635548974229596,-0.0248019635213964,0.0924904953923493,0.1016189828991747,-0.0275576724136863,371.85589599609375,331.2371649169922,BULL_ABOVE_SMA200
8591,2026-03-17,4741.35986328125,5126.59068359375,4708.514065755208,4654.139095052084,0.0116831425947134,-66.62970734309147,1.2092803311698557,2206600,0.5449229264726946,True,False,False,False,True,0.0006244911977533,0.0220650008121716,-0.0551623050177454,0.0039313904146163,0.0220650008121716,-0.0551623050177454,0.061509808394278,0.073953495796476,-0.0551623050177454,0.2473214796033698,0.2781143331749105,-0.0551623050177454,373.7200622558594,331.72513916015623,BULL_ABOVE_SMA200
8766,2026-03-17,5854.970703125,6112.8886328125,5832.3149609375,5817.382024739583,0.0025669512736847,-45.43543010979738,6.881243098925401,2894800,0.497325082377842,True,False,False,False,True,0.3218370808724557,0.3218370808724557,-0.0262450124022467,0.279254906604798,0.3240241369839662,-0.0262450124022467,0.1675549454673428,0.3240241369839662,-0.0262450124022467,0.3576498334581492,0.3598701690770896,-0.0262450124022467,373.7200622558594,331.72513916015623,BULL_ABOVE_SMA200
8309,2026-03-18,1256.8973388671875,1299.112236328125,1226.5306754557291,1216.0047021484374,0.0086561945761347,-18.93913426424456,-10.984663583408867,10668000,1.0673379383209138,True,False,False,False,True,-0.0068186257023379,0.0064289877641667,-0.0633157731235629,0.0151982668290389,0.0482160787987921,-0.0633157731235629,0.0872009652209104,0.0953559669724759,-0.0633157731235629,0.1224067044898642,0.1550267114961263,-0.0633157731235629,383.3353576660156,332.24993423461916,BULL_ABOVE_SMA200
8306,2026-03-18,2679.699462890625,2769.539541015625,2652.905732421875,2633.274879557292,0.0074549197339717,-47.23676300457055,-34.69042800373385,37616500,0.7994433554327092,True,False,False,False,True,-0.0111680441659836,0.0032955226755064,-0.0768948874806235,0.0299662474174449,0.0613130462518889,-0.0768948874806235,0.0995636043534426,0.1070271278854531,-0.0768948874806235,0.1307238150995864,0.1829684798236597,-0.0768948874806235,383.3353576660156,332.24993423461916,BULL_ABOVE_SMA200
8801,2026-03-18,1860.6004638671875,1984.6932861328123,1854.1297021484372,1846.715662434896,0.004014716431097,-24.52770031044588,1.0913940409062022,6113600,0.7117257918525698,True,False,False,False,True,-0.0784365530097384,-0.0215368093167419,-0.1082158691057919,-0.0927660006643468,-0.0215368093167419,-0.1287758809697311,-0.054606276758641,-0.0188651269032968,-0.1287758809697311,-0.1895089626788122,-0.0188651269032968,-0.1994519893302989,383.3353576660156,332.24993423461916,BULL_ABOVE_SMA200
8053,2026-03-18,1477.9967041015625,1526.5791552734374,1435.028214518229,1418.8932535807292,0.0113715114909325,-34.138941024046744,-24.340719926919807,16480000,1.0091966721004886,True,False,False,False,True,-0.0175234058783345,-0.0100133928436013,-0.0987983789294121,0.0150563907461247,0.0630943869087474,-0.0987983789294121,0.0307871430106454,0.0744272944541548,-0.0987983789294121,0.1858957432962973,0.3151247188887049,-0.0987983789294121,383.3353576660156,332.24993423461916,BULL_ABOVE_SMA200
6178,2026-03-18,1819.6549072265625,1906.5879638671877,1767.164939778646,1744.3695182291667,0.0130680003928413,-31.264526006893675,-13.792089389649457,4755100,0.9037339296014628,True,False,False,False,True,-0.0016264593439166,0.0157224063221446,-0.0571970379670709,0.0073338591402352,0.0392080347158674,-0.0571970379670709,0.0370098157106513,0.0578928962602034,-0.0571970379670709,0.1595605252514438,0.1757723904149117,-0.0571970379670709,383.3353576660156,332.24993423461916,BULL_ABOVE_SMA200
8113,2026-03-18,946.9839477539062,982.0048681640624,927.1310758463542,926.659512532552,0.0005088852026278,-17.58756014849257,-9.605532176894643,9955700,1.3090863666696253,True,False,False,False,True,-0.0327731474275372,-0.0045924168250923,-0.0585533957682434,-0.0039661922665792,0.0183697063768053,-0.0585533957682434,0.009393579340764,0.0279721019704228,-0.0585533957682434,-0.0100197964794299,0.0300595266307288,-0.066381364192295,383.3353576660156,332.24993423461916,BULL_ABOVE_SMA200
8725,2026-03-24,3932.3623046875,4061.499833984375,3859.159479166666,3820.1920638020833,0.0102003812148125,-30.229992232162655,-8.543101999768432,4892200,1.157237881669458,True,False,False,False,True,0.0253378726557644,0.0588381790207597,0.0072825678545342,0.0398329765102729,0.0741634856393722,0.0072825678545342,0.0207604714385511,0.0795037870594543,0.0072825678545342,0.0721290850983884,0.1535051067377348,-0.0117899372171873,367.2444763183594,333.5205117797852,BULL_ABOVE_SMA200
6301,2026-03-24,6165.056640625,7037.4853515625,6023.093658854166,5941.300162760416,0.0137669354944267,-150.11460482141138,12.101983672570276,3404900,0.8545159545700378,True,False,False,False,True,-0.0246642730941049,0.0460284231706906,-0.0423445648341253,0.0392443043881705,0.0799576367436303,-0.0423445648341253,0.1339717390319494,0.1751716849215383,-0.0423445648341253,0.0356758051378913,0.1926897721501823,-0.0423445648341253,367.2444763183594,333.5205117797852,BULL_ABOVE_SMA200
8308,2026-03-24,1755.4178466796875,1809.3253564453123,1723.7981298828124,1712.5483772786458,0.0065690130296016,-30.543413586053248,-24.92996293736345,8429500,0.8656543831615614,True,False,False,False,True,-0.0187521431105137,0.0500140936132387,-0.0364117562098311,0.0618554457137894,0.0877752004240777,-0.0364117562098311,0.0900538601788283,0.1447416942928432,-0.0364117562098311,0.2099683297725798,0.2296217701573037,-0.0364117562098311,367.2444763183594,333.5205117797852,BULL_ABOVE_SMA200
8830,2026-03-24,4485.8564453125,4904.33716796875,4378.934544270834,4318.128255208333,0.0140816310838287,-40.54609485351375,41.85359498490691,2980900,1.004789849967472,True,False,False,False,True,-0.0209227482993967,0.0323796768428779,-0.0467818013953142,0.0414956557252319,0.0577690253459386,-0.0467818013953142,0.0524188764295419,0.1277668070021294,-0.0467818013953142,-0.1375114101025423,0.1277668070021294,-0.1914587450095428,367.2444763183594,333.5205117797852,BULL_ABOVE_SMA200
8035,2026-03-24,38767.48046875,41148.02078125,38278.32229166666,37757.85591145833,0.0137843203128062,-716.9226552116525,-416.1695788619453,2266000,0.7022252110007019,True,False,False,False,True,-0.0396590247846863,0.0590340102594117,-0.0579733436781291,-0.008447298219805,0.0590340102594117,-0.0579733436781291,0.1808866463969127,0.1984271208300692,-0.0579733436781291,0.3459734645913259,0.3895667025207883,-0.0579733436781291,367.2444763183594,333.5205117797852,BULL_ABOVE_SMA200
6178,2026-03-24,1780.1937255859375,1873.3813623046876,1777.7273909505209,1757.9178645833333,0.0112687439875827,-34.992576424904655,-23.873812492260427,3849100,0.6942677054859071,True,False,False,False,True,0.0049468067927067,0.0382377122668042,-0.0248252338780665,0.0437066333263551,0.065333493058898,-0.0248252338780665,0.0229223785184566,0.081342986627144,-0.0248252338780665,0.1748721332626865,0.2102615400977567,-0.0248252338780665,367.2444763183594,333.5205117797852,BULL_ABOVE_SMA200
7182,2026-03-24,2505.71044921875,2734.70400390625,2451.520494791667,2402.747591145833,0.0202988045126182,-62.98312115937779,-29.2372997511538,5995900,0.6971721384623702,True,False,False,False,True,0.0047050730801421,0.0387897922590425,-0.0214352177984077,0.063770157813354,0.0982913053094542,-0.0214352177984077,0.0376298669348043,0.1240325077776445,-0.0214352177984077,0.2343804532420574,0.2802756204334045,-0.0214352177984077,367.2444763183594,333.5205117797852,BULL_ABOVE_SMA200
2914,2026-03-24,5689.64453125,5716.6262109375,5638.119153645834,5627.793854166666,0.0018346975292142,-12.18964130737004,-12.659647632066394,4582700,1.0870104070922406,True,True,False,False,True,0.0343641889150314,0.0438143905075121,0.0077319177492278,0.0457044356214586,0.0592783183710634,0.0077319177492278,-0.010824730235646,0.0609965005054198,-0.010824730235646,0.0475944338295519,0.1123710660293759,-0.029896896707054,367.2444763183594,333.5205117797852,BULL_ABOVE_SMA200
8001,2026-03-24,2007.85205078125,2099.8204052734377,2006.9035481770836,1993.7994986979168,0.006572400829534,-22.67562882524044,-8.482220970494867,13254600,0.8027214015435972,True,False,False,False,True,-0.0166108109251739,0.0315348538079327,-0.0298089945212655,0.018252315555068,0.0461428167392616,-0.0298089945212655,-0.0220893022292119,0.0668116702954051,-0.0298089945212655,-0.0283148605292551,0.0668116702954051,-0.0532170937294279,367.2444763183594,333.5205117797852,BULL_ABOVE_SMA200
6971,2026-03-24,2383.7607421875,2569.912607421875,2367.53603515625,2346.182236328125,0.0091015090377397,-35.26824628175882,0.5657964712928276,2746100,0.4741129266170357,True,False,False,False,True,-0.0024166612384989,0.0248911213812761,-0.0296844985048982,0.0498117347563735,0.0613481274460041,-0.0296844985048982,0.1488149592928387,0.1704194765116014,-0.0296844985048982,0.3029831161451735,0.3180853029388715,-0.0296844985048982,367.2444763183594,333.5205117797852,BULL_ABOVE_SMA200
9021,2026-03-25,3160.63037109375,3221.068916015625,3147.435615234375,3143.422119140625,0.0012767919616367,-25.010650053483005,-12.991456484577578,2135500,1.0563833155249516,True,False,False,False,True,0.0026480884898141,0.0074696619216194,-0.0261436363611083,0.0096087252669601,0.0209988581750173,-0.0261436363611083,-0.0525624168561855,0.0209988581750173,-0.0525624168561855,-0.1678875125502648,0.0209988581750173,-0.1678875125502648,376.3691711425781,333.97287689208986,BULL_ABOVE_SMA200
8411,2026-03-25,6348.0224609375,6454.6765625,6324.33498046875,6274.112356770834,0.0080047376970731,-169.0109738646588,-164.4230359012943,10547400,0.8638431824128951,True,False,False,False,True,0.0411116281752976,0.0444197450147108,-0.057816818260485,0.0941990269792127,0.0948291444724342,-0.057816818260485,0.0417417456685191,0.1119998461627214,-0.057816818260485,0.1592586581543371,0.1858811222429475,-0.057816818260485,376.3691711425781,333.97287689208986,BULL_ABOVE_SMA200
8309,2026-03-25,1251.0205078125,1272.25533203125,1232.9461653645833,1224.2877018229167,0.0070722457873051,-18.30787480467643,-16.26450775619492,8268000,0.8405035702086824,True,False,False,False,True,0.0343555456677946,0.0359542404833554,-0.0373858841804932,0.0711255264256915,0.0755219371684834,-0.0373858841804932,0.0305586454808379,0.1005015436616199,-0.0373858841804932,0.1312764188611641,0.1604525992451475,-0.0373858841804932,376.3691711425781,333.97287689208986,BULL_ABOVE_SMA200
8306,2026-03-25,2667.434326171875,2713.61025390625,2664.1504622395832,2648.2809375,0.0059923871802529,-46.90720481002427,-43.837072135631686,39608800,0.8177542911464835,True,False,False,False,True,0.0526969576903719,0.0547588641245944,-0.0357775729417249,0.0815636477694883,0.0993710215195924,-0.0357775729417249,0.047448468585078,0.1121173522038776,-0.0357775729417249,0.1475446536646112,0.1884078902701136,-0.0357775729417249,376.3691711425781,333.97287689208986,BULL_ABOVE_SMA200
8113,2026-03-25,928.7974853515624,970.3892163085936,928.014463704427,926.449256998698,0.0016894683587957,-17.26436224054862,-14.834216844170568,6046100,0.751108910854189,True,False,False,False,True,0.0024475242777717,0.0058528791764949,-0.026604245559172,0.0354368264051101,0.048100468248317,-0.026604245559172,0.0407576370708882,0.0502287660491098,-0.026604245559172,-0.0335213897653333,0.0502287660491098,-0.0481005005099204,376.3691711425781,333.97287689208986,BULL_ABOVE_SMA200
7011,2026-03-25,4534.08544921875,4779.42642578125,4493.999407552084,4443.4367578125,0.0113791761862445,-37.231019980499696,2.4444925558823662,23369500,0.8380421167309705,True,False,False,False,True,0.012332046100032,0.0233120289200585,-0.072800888495744,0.0696754735479641,0.0859962952062216,-0.072800888495744,-0.0057531887104695,0.0859962952062216,-0.072800888495744,-0.1301443159436761,0.0859962952062216,-0.1495528606183609,376.3691711425781,333.97287689208986,BULL_ABOVE_SMA200
6920,2026-03-25,33278.36328125,33499.88875,32533.482369791665,32105.549453125,0.0133289392007278,291.40651784943475,605.306421480788,3641600,0.7882831204028002,True,False,True,False,True,0.0580665388699794,0.0616582781815606,-0.0149655234532489,0.1954505208843819,0.2002395064462621,-0.0149655234532489,0.3409159550341278,0.3624663900257479,-0.0149655234532489,0.2475307423965529,0.3983837861476189,-0.0149655234532489,376.3691711425781,333.97287689208986,BULL_ABOVE_SMA200
8750,2026-03-25,1419.447265625,1457.8604638671875,1360.8746842447918,1347.8940852864582,0.0096302811178037,-15.35418709151827,-3.8808544007387686,13432500,1.2661234565806607,True,False,False,False,True,0.0560448678168905,0.0620331142321297,-0.0365968267247511,0.0803501032669791,0.0863383496822183,-0.0365968267247511,0.0123658939645576,0.0863383496822183,-0.0365968267247511,0.1775710450673333,0.1944790349456557,-0.0365968267247511,376.3691711425781,333.97287689208986,BULL_ABOVE_SMA200
6857,2026-03-25,23393.158203125,25085.255703125,23173.391223958333,22928.59111979167,0.0106766308879464,-546.2078544740798,-287.32585417483256,10638400,1.145481933872925,True,False,False,False,True,-0.0381803173119945,-0.0017075896419059,-0.1570184825507792,0.0780929954396221,0.0780929954396221,-0.1570184825507792,0.1926564065331268,0.241816079203847,-0.1570184825507792,0.1146421433817663,0.3850203430707279,-0.1570184825507792,376.3691711425781,333.97287689208986,BULL_ABOVE_SMA200
6326,2026-03-25,2511.0458984375,2799.91025390625,2509.8998111979167,2486.331090494792,0.0094793170520321,-66.8447347297988,-21.389855297759425,4941700,1.0939838305483978,True,False,False,False,True,0.0353057253673321,0.0431952311063172,-0.0562130133818953,0.0487179497151453,0.0506903363047921,-0.0562130133818953,0.0181458991152763,0.0998027790657418,-0.0562130133818953,0.0648915086506456,0.1735700429456421,-0.0562130133818953,376.3691711425781,333.97287689208986,BULL_ABOVE_SMA200
6273,2026-03-25,64709.98828125,68720.16390625,62563.77046875,61921.2009375,0.0103772136444604,-1113.262655752631,-306.8266422847691,205400,0.635067866308011,True,False,False,False,True,-0.0152988480997277,0.0188563908577179,-0.0877760672210753,0.0324526672702008,0.0324526672702008,-0.0877760672210753,0.0931851771096243,0.1304282683851996,-0.0877760672210753,0.0347707019968963,0.3413694285144952,-0.0877760672210753,376.3691711425781,333.97287689208986,BULL_ABOVE_SMA200
3407,2026-03-25,1535.668212890625,1672.897255859375,1524.329365234375,1506.936629231771,0.0115417832875102,-35.11946276967592,-10.655662120659938,3888900,0.6042262744973133,True,False,False,False,True,0.0357054907102385,0.0396125846707928,-0.0557856261994051,0.074450839152401,0.0796602977664733,-0.0557856261994051,-0.0014119019150261,0.085846529870684,-0.0557856261994051,0.1398946629916835,0.1675699118789424,-0.0557856261994051,376.3691711425781,333.97287689208986,BULL_ABOVE_SMA200
2503,2026-03-25,2435.70751953125,2558.790400390625,2425.137496744792,2420.859348958333,0.0017672021252699,-18.47886928508433,8.664937870030569,3402500,0.8553551137791989,True,False,False,False,True,0.0542840097355246,0.0542840097355246,-0.0141786878179497,0.0727162342339489,0.0834514986626497,-0.0141786878179497,0.0200526067947803,0.0866923220014432,-0.0141786878179497,0.1152521215020099,0.1233542858679865,-0.0141786878179497,376.3691711425781,333.97287689208986,BULL_ABOVE_SMA200
6861,2026-03-25,58010.0,60740.36765625,57960.10375,57623.016197916666,0.0058498769124744,-436.1370408050716,151.9399415041636,520900,0.580490223938396,True,False,False,False,True,-0.0003447681434235,0.0112049646612653,-0.0632649543182209,0.0432684019996552,0.0508533011549732,-0.0632649543182209,0.0998103775211169,0.113601103258059,-0.0632649543182209,0.3294259610411998,0.4509567315980003,-0.0632649543182209,376.3691711425781,333.97287689208986,BULL_ABOVE_SMA200
1928,2026-03-25,3452.416015625,3569.131123046875,3450.536539713541,3441.632529296875,0.0025871473322243,-33.95639298838978,-17.359380854294468,1949600,0.7017291273737708,True,False,False,False,True,0.0173294912926127,0.0198863093383074,-0.0213068327728084,0.030113578183756,0.0374999414029444,-0.0213068327728084,-0.0164772942634715,0.0499999975487757,-0.0213068327728084,-0.0497159484667949,0.0499999975487757,-0.0653409331831778,376.3691711425781,333.97287689208986,BULL_ABOVE_SMA200
8053,2026-03-26,1452.09716796875,1483.186435546875,1449.5746744791666,1435.028214518229,0.0101367065913899,-29.62191208494346,-31.18816198534938,9054400,0.5376964756129137,True,True,False,False,True,0.0331608883299512,0.0820556879109719,-0.0301957533806674,0.0727587893990877,0.0935907286571986,-0.0301957533806674,-0.0093638141225564,0.0935907286571986,-0.0301957533806674,0.2378648203786617,0.3385812209240744,-0.0358771913601522,375.3880310058594,334.426083984375,BULL_ABOVE_SMA200
8113,2026-03-27,934.0359497070312,958.9514819335938,929.1739339192708,927.2924178059895,0.0020290429180183,-14.538219002931442,-15.06574028831328,6909900,0.8680997009975125,True,True,False,False,True,0.0167195911716764,0.0324867743261698,-0.0249735388244164,0.0080422812285891,0.0422222823545181,-0.0249735388244164,0.0074073832053267,0.0443386437708808,-0.0249735388244164,0.0091004881644383,0.0443386437708808,-0.0534391511257038,375.48614501953125,334.89151641845706,BULL_ABOVE_SMA200
7011,2026-03-27,4564.0,4752.14412109375,4511.828623046875,4470.559505208334,0.0092313093675324,-52.512450303768674,-16.78705676743537,22423400,0.851489776741867,True,False,False,False,True,0.0523663453111304,0.0683610867659947,-0.0788781770376862,0.03965819456617,0.0788781770376862,-0.0788781770376862,0.0381244522348815,0.0788781770376862,-0.0788781770376862,-0.1665205959684487,0.0788781770376862,-0.1748466257668711,375.48614501953125,334.89151641845706,BULL_ABOVE_SMA200
7936,2026-03-31,4137.34619140625,4458.0206640625,4126.807874348959,4088.88208984375,0.0092753431553851,-40.2062170356694,6.360380769405705,3895100,1.0996909933526162,True,False,False,False,True,0.0081810065399665,0.1116458652451932,0.0057748466198235,0.0996150843504024,0.1152551238433512,0.0057748466198235,0.0957652197465328,0.1453321142374291,0.0057748466198235,0.1436478296197991,0.2389317126146164,0.0057748466198235,36.43991470336914,332.432934627533,BEAR_BELOW_SMA200
8802,2026-03-31,4321.0,4777.013515625,4307.49923828125,4255.172975260417,0.0122970942250897,-88.71911524157622,-20.337912871417466,5381300,1.2284502438044451,True,False,False,False,True,0.0321684795186298,0.0610969682943762,0.0205970840083313,0.0835454755843554,0.11085396898866,0.0205970840083313,0.0404998842860448,0.1117796806294839,0.0175885211756536,-0.0914140245313585,0.1117796806294839,-0.0960425827354779,36.43991470336914,332.432934627533,BEAR_BELOW_SMA200
6981,2026-04-01,3671.0,3710.163837890625,3423.8744759114584,3405.7767838541668,0.0053138221339366,1.6584794820287243,24.738621987691392,6385000,0.7390204535629524,True,False,True,False,True,0.089621356578589,0.0997003541269407,-0.0572051212203759,0.2312721329338054,0.2326341596295287,-0.0572051212203759,0.4045219286298012,0.4342141105965678,-0.0572051212203759,1.7867066194497414,2.0305093979842006,-0.0572051212203759,381.8636169433594,332.9412706565857,BULL_ABOVE_SMA200
9983,2026-04-01,63385.203125,64033.489375,61547.24421875,61183.61072916666,0.0059433152971795,-637.4724060340959,-423.8922289419865,1146500,1.07956177230804,True,False,False,False,True,0.0642374390907971,0.0844981577511738,-0.020888944099086,0.1671116558404182,0.1870582161741354,-0.020888944099086,0.1558033186471705,0.1889429906621831,-0.020888944099086,0.251452737022368,0.3020260305126965,-0.020888944099086,381.8636169433594,332.9412706565857,BULL_ABOVE_SMA200
9021,2026-04-01,3169.0,3195.81728515625,3155.5839290364584,3147.435615234375,0.0025888738637396,-22.3340979345071,-20.22675417177432,1797200,0.7473992610012871,True,False,False,False,True,0.0069422530766802,0.0183023035657936,-0.0041022404544019,-0.0328179236352161,0.0183023035657936,-0.0441779741243294,-0.106500473335437,0.0183023035657936,-0.1096560429157462,-0.2158409592931524,0.0183023035657936,-0.2178920795203534,381.8636169433594,332.9412706565857,BULL_ABOVE_SMA200
8830,2026-04-01,4586.0,4798.203515625,4444.45609375,4391.9805696614585,0.0119480319314313,-86.56118892983068,-46.67174912757865,2168200,0.7432316625874965,True,False,False,False,True,0.0804622764936764,0.0804622764936764,-0.01569995638901,0.0494984736153509,0.1031399912778019,-0.01569995638901,0.0560401221107718,0.1031399912778019,-0.01569995638901,-0.1982119494112516,0.1031399912778019,-0.2378979502834713,381.8636169433594,332.9412706565857,BULL_ABOVE_SMA200
8113,2026-04-01,931.0707397460938,942.6626879882812,930.8909513346354,928.014463704427,0.0030996150843662,-11.367084104705668,-13.7793502851644,4504200,0.5633485733368103,True,True,False,False,True,0.0329087571452741,0.0455414800923736,0.0021231869538527,0.0352441741911964,0.0455414800923736,0.0021231869538527,-0.0317409830685869,0.0476645815508025,-0.0504246093321545,-0.0126327274486496,0.0476645815508025,-0.0504246093321545,381.8636169433594,332.9412706565857,BULL_ABOVE_SMA200
8035,2026-04-01,39280.0,40225.39421875,38817.00041666667,38393.64390625,0.0110267343066061,-606.1916800053004,-544.7420923764603,2541800,0.7882234736659307,True,False,False,False,True,0.079684317718941,0.079684317718941,-0.0336048879837067,0.1074338085539714,0.1346741344195519,-0.0336048879837067,0.130091649694501,0.214613034623218,-0.0336048879837067,0.3673625254582484,0.3935845213849287,-0.0336048879837067,381.8636169433594,332.9412706565857,BULL_ABOVE_SMA200
7011,2026-04-01,4590.0,4693.9373828125,4524.18923828125,4493.999407552084,0.006717809236564,-81.56274276335989,-48.08526495261438,22456000,0.8607480527664314,True,False,False,False,True,0.056644880174292,0.0727668845315903,0.0176470588235293,-0.006318082788671,0.0727668845315903,-0.0106753812636165,0.0054466230936818,0.0727668845315903,-0.0496732026143791,-0.2339869281045751,0.0727668845315903,-0.2559912854030501,381.8636169433594,332.9412706565857,BULL_ABOVE_SMA200
6971,2026-04-01,2487.5,2522.1648046875,2391.914775390625,2372.0388606770834,0.0083792534106579,-33.74220134981306,-27.63538753013257,4525200,0.8116361053591622,True,False,False,False,True,0.0470351758793969,0.0645226130653267,-0.029145728643216,0.0472361809045225,0.0645226130653267,-0.029145728643216,0.0896482412060302,0.1216080402010051,-0.029145728643216,0.4247236180904523,0.4456281407035176,-0.029145728643216,381.8636169433594,332.9412706565857,BULL_ABOVE_SMA200
6146,2026-04-01,63680.0,69469.761875,62745.17692708333,61441.98140625,0.021210180580224,-1518.5824664571555,-685.394401622892,2855500,1.2672580981586925,True,False,False,False,True,0.0592022613065326,0.0720791457286431,-0.0185301507537688,0.108354271356784,0.1455716080402009,-0.0185301507537688,0.1622173366834169,0.2272298994974875,-0.0185301507537688,0.0081658291457287,0.2272298994974875,-0.0632851758793969,381.8636169433594,332.9412706565857,BULL_ABOVE_SMA200
6326,2026-04-01,2599.7001953125,2701.4693359375,2529.4646484375,2509.8998111979167,0.0077950670191273,-67.82694178004931,-54.26831746517649,4193800,0.9432207554447508,True,False,False,False,True,0.0129548441771192,0.0148599689545823,-0.0474376089634427,0.0481996684563612,0.0622975920233859,-0.0474376089634427,-0.0272433194482687,0.0622975920233859,-0.0563916657002459,0.1169745948019096,0.1468850521418208,-0.0563916657002459,381.8636169433594,332.9412706565857,BULL_ABOVE_SMA200
6503,2026-04-01,5337.0,5457.97111328125,5144.585924479166,5091.328424479167,0.0104604330264646,-62.39433202396594,-25.3209799532402,8731700,1.3186024930779296,True,False,False,False,True,0.0528386734120291,0.0582724376990819,-0.0339141839985009,0.088813940415964,0.123852351508338,-0.0339141839985009,0.1675098369870713,0.2160389732059209,-0.0339141839985009,0.1244144650552745,0.2527637249391044,-0.0339141839985009,381.8636169433594,332.9412706565857,BULL_ABOVE_SMA200
1928,2026-04-01,3512.24462890625,3526.564404296875,3465.0168684895834,3450.536539713541,0.0041965441053535,-22.609456040021087,-23.8064665094532,1892200,0.70888162516039,True,True,False,False,True,0.0125663189758709,0.0198268607004632,-0.007539759441574,-0.0184305687260125,0.0321139871947013,-0.0357441850230452,-0.0477520260105653,0.0321139871947013,-0.060039087534586,-0.0960625056564805,0.0321139871947013,-0.1117005963834614,381.8636169433594,332.9412706565857,BULL_ABOVE_SMA200
3407,2026-04-01,1590.5,1630.3612255859375,1540.348055013021,1524.329365234375,0.0105086801737122,-32.24794525700963,-27.30270390723943,6510600,1.0737141561359749,True,False,False,False,True,0.0374096196164728,0.0424394844388558,-0.0386670858220685,-0.0314366551398931,0.0484124489154353,-0.0386670858220685,-0.0348946872052813,0.0484124489154353,-0.0644451430367808,0.095567431625275,0.1332914177931468,-0.0644451430367808,381.8636169433594,332.9412706565857,BULL_ABOVE_SMA200
4519,2026-04-01,8920.0966796875,9174.18095703125,8737.45416015625,8701.882805989584,0.0040877767443825,-195.10396853553172,-167.6308796049237,2175900,0.9150818817235956,True,False,False,False,True,-0.012999964200395,0.0382222291176561,-0.0355555347862567,-0.0381110332959316,0.0382222291176561,-0.0638888657938064,-0.0982221828584704,0.0382222291176561,-0.1775555392890361,-0.1535555083823078,0.0382222291176561,-0.1775555392890361,381.8636169433594,332.9412706565857,BULL_ABOVE_SMA200
6273,2026-04-01,63720.0,66638.64203125,62978.22348958333,62563.77046875,0.0066244891848445,-1539.6758834770444,-1085.117286803052,258900,0.8675255918374185,True,False,False,False,True,0.0484934086629,0.0484934086629,-0.0422159447583176,0.1293157564344005,0.1479912115505335,-0.0422159447583176,0.1939736346516007,0.2346202134337727,-0.0422159447583176,-0.0006277463904582,0.362209667294413,-0.0422159447583176,381.8636169433594,332.9412706565857,BULL_ABOVE_SMA200
6301,2026-04-01,6492.0,6739.68572265625,6121.006438802084,6040.395618489583,0.0133452881903548,-179.23090673485513,-129.83209554731846,4128600,0.986460833423929,True,False,False,False,True,0.0437461491065926,0.0565311152187306,-0.0246457178065311,0.1095194085027726,0.115988909426987,-0.0246457178065311,0.0100123228589033,0.1326247689463955,-0.0246457178065311,0.0080098582871226,0.1326247689463955,-0.0566851509550215,381.8636169433594,332.9412706565857,BULL_ABOVE_SMA200
4519,2026-04-06,8786.2958984375,9005.37306640625,8771.297174479167,8718.40275390625,0.0060669852111634,-127.43938122834334,-152.64694806517983,1704600,0.6896719142583174,True,True,False,False,True,-0.0315849422379288,0.0242526382442567,-0.0398195723155797,-0.0023688567745825,0.0242526382442567,-0.0630569690001814,-0.1088550984993387,0.0242526382442567,-0.1650310679247799,-0.1478849953546488,0.0242526382442567,-0.1701071960833704,379.50885009765625,334.3737349510193,BULL_ABOVE_SMA200
6861,2026-04-06,58330.0,59050.5334375,58286.69442708333,58104.649010416666,0.0031330611193267,-687.7890016554084,-633.2983991173986,454500,0.6612832824094282,True,False,False,False,True,0.0889765129435968,0.0930910337733583,-0.0113149322818446,0.0977198697068404,0.1033773358477627,-0.0113149322818446,0.4429967426710097,0.4429967426710097,-0.0113149322818446,0.3384193382478999,0.4429967426710097,-0.0113149322818446,379.50885009765625,334.3737349510193,BULL_ABOVE_SMA200
9021,2026-04-07,3167.0,3176.206103515625,3165.2057942708334,3153.4000032552085,0.0037438292013185,-13.100444121009332,-16.906558338245112,975100,0.427188294050644,True,True,False,False,True,-0.0419955794126933,0.0189453741711398,-0.0435743605936217,-0.0388380170508367,0.0189453741711398,-0.0476791916640353,-0.1201452478686454,0.0189453741711398,-0.1316703504894222,-0.195768866435112,0.0189453741711398,-0.2254499526365645,380.489990234375,334.8579598045349,BULL_ABOVE_SMA200
4519,2026-04-08,8804.1357421875,8910.42357421875,8782.7035546875,8737.45416015625,0.0051787847697777,-111.21905900436468,-140.02272713611262,2898900,1.216226421427133,True,True,False,False,True,-0.0254418117373149,0.0077676632628223,-0.051559168943884,-0.0138466973584746,0.0077676632628223,-0.064955499164317,-0.1225936962553665,0.0146346429227308,-0.1667229677001264,-0.1696498837826461,0.0146346429227308,-0.1755037620423128,392.85247802734375,335.4071105003357,BULL_ABOVE_SMA200
9432,2026-04-15,154.0,154.84786926269533,153.38833638509115,153.37535847981772,8.461532153569706e-05,0.1702622597292133,0.7029314349017491,168195500,0.8268286835429112,True,False,True,False,True,-0.0162337662337662,0.0032467532467532,-0.0162337662337662,-0.0097402597402597,0.0032467532467532,-0.0220778824447037,0.0084415782581677,0.0084415782581677,-0.0383116486784699,-0.0525974422306209,0.0188311291979503,-0.0629869931704038,392.0675964355469,338.07171514511106,BULL_ABOVE_SMA200
2914,2026-04-23,5734.6142578125,5798.43193359375,5721.957376302084,5713.26890625,0.0015207528640177,-33.32495853389628,-4.326341624153697,6374600,1.695954197051648,True,False,False,False,True,0.0034094285916204,0.0069894117301703,-0.0289806295812278,0.0535287611467165,0.059324874072119,-0.0289806295812278,0.0424479905044834,0.1036480690802386,-0.0289806295812278,0.0143197363189035,0.1036480690802386,-0.0289806295812278,386.1806945800781,341.3005167198181,BULL_ABOVE_SMA200
8058,2026-04-24,4950.0,5259.11486328125,4823.8043424479165,4736.437945963542,0.0184455908598633,-102.00047038564117,-38.08985753453114,10913900,1.0289317829135798,True,False,False,False,True,0.0905050505050504,0.1,-0.0428282828282828,0.1882828282828283,0.1997979797979798,-0.0428282828282828,0.0177777777777776,0.2145454545454546,-0.0428282828282828,-0.1111111111111111,0.2145454545454546,-0.1141414141414141,386.27880859375,341.78063695907593,BULL_ABOVE_SMA200
8015,2026-04-27,6205.0,6219.2108203125,6194.10255859375,6136.837337239584,0.0093313898034528,-16.49749032354157,-0.4376742528335446,2062800,0.9683984198036256,True,False,False,False,True,0.0867042707493956,0.1394037066881546,-0.0457695406929895,0.1904915390813859,0.218211120064464,-0.0457695406929895,0.1168412570507655,0.218211120064464,-0.0457695406929895,-0.0398066075745366,0.218211120064464,-0.0626913779210314,388.43731689453125,342.28160818099974,BULL_ABOVE_SMA200
8308,2026-04-27,1838.0,1852.8719384765625,1827.4519140625,1805.936455078125,0.0119137408871035,11.12872385698256,21.525522729545564,5059300,0.6021270163929744,True,False,True,False,True,0.0554951033732318,0.1082698585418933,0.0070729053318825,0.1109902067464636,0.1452665941240478,0.0070729053318825,0.1096300326441783,0.1743743199129488,0.0070729053318825,0.1436343852013057,0.2391186071817193,0.0070729053318825,388.43731689453125,342.28160818099974,BULL_ABOVE_SMA200
8058,2026-04-28,4913.0,5224.1994921875,4853.646129557292,4773.36212890625,0.0168191724162016,-107.56779828787784,-63.560631580664975,8775500,0.875310954578189,True,False,False,False,True,0.0690006106248728,0.10828414410747,-0.0144514553226134,0.1194789334418888,0.2236922450641156,-0.0144514553226134,0.0016283329940973,0.2236922450641156,-0.0144514553226134,-0.1015672705068186,0.2236922450641156,-0.1119478933441888,392.46002197265625,342.8070035362244,BULL_ABOVE_SMA200
8725,2026-04-28,4019.0,4064.819990234375,4017.704485677084,3998.328333333333,0.0048460633365736,-19.91537418764574,-6.4611827598661264,2895400,0.9807750609300664,True,False,False,False,True,0.0012440905697934,0.0062204528489673,-0.0194078128887783,0.0997760636974371,0.1174421497885045,-0.0194078128887783,0.0694202537944761,0.1286389649166459,-0.0194078128887783,0.0599651654640458,0.1798954963921373,-0.0194078128887783,392.46002197265625,342.8070035362244,BULL_ABOVE_SMA200
8750,2026-04-28,1444.0,1454.3658984375,1425.141455078125,1417.76109375,0.0052056452674997,-4.769825141210731,2.9620106973558205,16390000,2.2038856426733577,True,False,False,False,True,0.0155817174515235,0.0193905817174515,-0.024584487534626,0.1184210526315789,0.1565096952908586,-0.024584487534626,0.1319252077562327,0.1741689750692521,-0.024584487534626,0.2042936288088643,0.2880886426592797,-0.024584487534626,392.46002197265625,342.8070035362244,BULL_ABOVE_SMA200
8630,2026-04-30,5797.0,5949.1517578125,5783.8366796875,5760.053639322917,0.0041289616128259,-34.2147437993799,-7.646842255860823,3008100,1.4676021018017535,True,False,False,False,True,0.0165602898050716,0.0257029498016214,-0.0313955494221148,0.1100569259962049,0.1100569259962049,-0.0313955494221148,0.0177678109366914,0.1100569259962049,-0.0472658271519751,0.0760738312920477,0.1279972399516991,-0.0472658271519751,386.6712646484375,343.30153921127317,BULL_ABOVE_SMA200
2914,2026-04-30,5733.63623046875,5796.242109375,5730.234407552083,5719.011529947917,0.0019623806571114,-32.50050830013424,-22.309269509527287,4136000,1.122293646938792,True,False,False,False,True,0.0329070834824003,0.0509804268891249,-0.0163682531647682,0.1002557635362935,0.1038363262256258,-0.0163682531647682,0.0455243425008689,0.1038363262256258,-0.0163682531647682,0.0485492553664312,0.1038363262256258,-0.0163682531647682,386.6712646484375,343.30153921127317,BULL_ABOVE_SMA200
2503,2026-05-07,2512.67138671875,2532.60296875,2503.3435611979166,2494.1934212239585,0.0036685767415214,-17.869541709236728,-10.611711285405171,4633500,1.242656632798787,True,False,False,False,True,-0.0086393166199989,0.0068721140148404,-0.0312193131217166,0.0881601865233461,0.0889456120879439,-0.0312193131217166,0.0318083090958307,0.0889456120879439,-0.0312193131217166,0.1049992508673323,0.1453945053110688,-0.0312193131217166,399.5243225097656,344.36451345443726,BULL_ABOVE_SMA200
8630,2026-05-07,5857.0,5929.0,5788.287975260417,5773.834049479166,0.0025033497079041,-36.62472301822436,-19.04087408449568,3500500,1.7195728208755796,True,False,False,False,True,0.0240737578965339,0.0464401570770018,-0.0319276079904388,-0.0493426668943145,0.098685333788629,-0.0503670821239542,-0.0141710773433498,0.098685333788629,-0.0570257811166126,0.1073928632405667,0.1164418644357179,-0.0570257811166126,399.5243225097656,344.36451345443726,BULL_ABOVE_SMA200
8630,2026-05-11,5821.0,5913.12,5791.610032552083,5780.218938802083,0.0019707028177655,-35.84300908017303,-25.60677281008692,1806200,0.8129627545853494,True,False,False,False,True,0.0537708297543377,0.0584092080398557,-0.0054973372272805,-0.0422607799347191,0.1054801580484452,-0.05119395292905,0.0293763958082804,0.1054801580484452,-0.05119395292905,0.1630304071465385,0.1630304071465385,-0.05119395292905,399.42620849609375,345.51117010116576,BULL_ABOVE_SMA200
5020,2026-05-12,1371.0,1372.22,1361.4590348307293,1353.5580908203126,0.0058371665494079,-20.432749890580222,-20.88086124354172,11062800,1.264903301122289,True,True,False,False,True,-0.0080233406272793,0.0193289569657184,-0.0765864332603938,-0.0609044493070751,0.0193289569657184,-0.0809628008752735,-0.1075857038657913,0.0193289569657184,-0.1101385849744711,-0.0893508388037928,0.0193289569657184,-0.1396790663749088,402.56585693359375,346.09397314071657,BULL_ABOVE_SMA200
8031,2026-05-12,5868.0,5958.6,5720.912376302083,5674.249140625,0.0082236846709806,-88.1649598548538,-74.19558887649616,6855800,0.9033025657782484,True,False,False,False,True,0.0011929107021131,0.0608384458077708,-0.0047716428084526,-0.0829925017041581,0.0608384458077708,-0.0906612133605998,-0.1596796182685753,0.0608384458077708,-0.1688820722563053,-0.2029652351738241,0.0608384458077708,-0.2489775051124744,402.56585693359375,346.09397314071657,BULL_ABOVE_SMA200
7741,2026-05-13,27680.0,28603.8,27599.921588541667,27451.7809375,0.0053963949143751,-188.27988305677357,43.96517155277001,814400,0.6594705772796838,True,False,False,False,True,-0.0426300578034681,0.0283598265895954,-0.0527456647398844,-0.0175216763005779,0.0283598265895954,-0.0653901734104046,-0.0711705202312138,0.0283598265895954,-0.0932080924855491,-0.1361994219653178,0.0433526011560694,-0.1361994219653178,407.8641052246094,346.69468236923217,BULL_ABOVE_SMA200
8002,2026-05-13,5740.0,5871.08,5628.823626302084,5598.111822916667,0.0054861003775761,-51.43799188484263,2.864732998946449,4925800,0.882397725664557,True,False,False,False,True,-0.0637630662020906,0.0588850174216026,-0.0789198606271777,-0.0905923344947735,0.0588850174216026,-0.0912891986062718,-0.1646341463414634,0.0588850174216026,-0.1729965156794425,-0.1357142857142856,0.0588850174216026,-0.2038327526132404,407.8641052246094,346.69468236923217,BULL_ABOVE_SMA200
8697,2026-05-13,1848.5,1886.32,1840.3437776692708,1833.728193359375,0.0036077235076896,-8.231381724247512,-2.567016514626049,3644100,1.0634802047522602,True,False,False,False,True,-0.0078441979983771,-0.0018934271030565,-0.0673519069515823,0.040032458750338,0.0989991885312415,-0.0673519069515823,0.1219908033540708,0.1617527725182581,-0.0673519069515823,0.1647281579659183,0.2263997836083311,-0.0673519069515823,407.8641052246094,346.69468236923217,BULL_ABOVE_SMA200
9101,2026-05-18,5558.0,5779.48,5517.084967447917,5489.7708984375,0.0049754478858472,-104.82406270999854,-75.4705215696364,3399800,1.0832925747077726,True,False,False,False,True,-0.0426412378553436,0.0246491543720763,-0.0433609211946743,-0.0509175962576465,0.0246491543720763,-0.0662108672184238,-0.0061173083843109,0.0536164087801367,-0.0662108672184238,-0.0430010795250089,0.0536164087801367,-0.0892407340770061,398.2488098144531,348.39967611312863,BULL_ABOVE_SMA200
6857,2026-05-21,26745.0,27879.4,25770.26625,25588.284869791667,0.0071119022292569,101.930202147214,607.5981135844712,9851300,0.9531868038300476,True,False,True,False,True,-0.0151430173864273,0.0661805945036455,-0.0310338381005795,0.0532809871003925,0.0661805945036455,-0.0549635445877734,0.1329220415030847,0.1695644045616002,-0.0970274817722939,0.1082445316881659,0.3438025799214805,-0.0970274817722939,401.0941467285156,350.04580068588257,BULL_ABOVE_SMA200
6920,2026-05-21,37910.04296875,41782.7253125,36501.9471875,36476.0496875,0.0007099864218267,-556.4700285800573,523.7749245998785,3426700,0.8635553774699921,True,False,False,False,True,0.0538623969097897,0.1571203358230299,-0.0049920557848222,0.1232265402956898,0.1571203358230299,-0.0055175753003543,0.4831844422822078,0.5063058295135336,-0.0073567567533455,0.2231587296860546,0.5391487451989405,-0.0073567567533455,401.0941467285156,350.04580068588257,BULL_ABOVE_SMA200
7936,2026-05-21,4499.712890625,4526.98966796875,4383.901481119791,4351.142509765625,0.0075288205984158,3.883218333790865,27.131067621837676,3992200,0.9459012800540216,True,False,True,False,True,0.0303096595138665,0.0679202762451007,-0.0059735017310648,-0.0345132697268445,0.0944689187454026,-0.0396017653263592,-0.027212456697541,0.0944689187454026,-0.0508850503811545,0.1058483332052868,0.1256273729270054,-0.0911505073282774,401.0941467285156,350.04580068588257,BULL_ABOVE_SMA200
5803,2026-05-22,4850.0,5945.2,4769.95541015625,4654.557470703125,0.0247924620502522,-114.62308208147806,190.35327909713703,105386700,1.6169629465458026,True,False,False,False,True,-0.0162886597938144,0.1655670103092783,-0.0375257731958762,-0.0212371134020618,0.1655670103092783,-0.1028865979381443,0.0641237113402062,0.1655670103092783,-0.1983505154639175,-0.0779381443298968,0.457319587628866,-0.1983505154639175,404.62628173828125,350.5775839805603,BULL_ABOVE_SMA200
4689,2026-05-26,401.0,419.43199951171874,398.8615677897136,397.5910636393229,0.0031955047952063,-1.2941052961703008,2.0549409413769992,9962700,0.5307147845514358,True,False,False,False,True,0.0586034912718205,0.0730673012293485,-0.0022443738066941,0.0024937655860348,0.0730673012293485,-0.0089775713304629,0.0139651025025326,0.0730673012293485,-0.010473845902821,0.1037406635997895,0.1466333860173785,-0.010473845902821,409.53204345703125,351.6563585472107,BULL_ABOVE_SMA200
6857,2026-06-02,26320.0,27645.4,25904.802890625,25808.611510416667,0.0037271040392663,-185.86330218821968,35.32264101661546,8218300,0.9302802058359424,True,False,False,False,True,0.0003799392097263,0.0803571428571428,-0.0554711246200607,0.1527355623100303,0.1884498480243162,-0.0824468085106383,0.2287234042553192,0.365501519756839,-0.0824468085106383,-0.0425531914893616,0.365501519756839,-0.0830167173252279,407.9621887207031,354.39769186019896,BULL_ABOVE_SMA200
5803,2026-06-03,5001.0,5682.48,4929.192018229167,4853.269020182292,0.0156436821719854,-238.91077028114432,-133.32812238438046,82340200,1.101279408311857,True,False,False,False,True,-0.1613677264547091,-0.026994601079784,-0.1765646870625874,-0.0543891221755649,-0.026994601079784,-0.2225554889022195,0.1649670065986803,0.4133173365326934,-0.2225554889022195,-0.2561487702459508,0.4133173365326934,-0.2671465706858628,415.8114013671875,354.99128774642946,BULL_ABOVE_SMA200
2802,2026-06-11,5084.0,5195.36,4802.693346354166,4778.415677083333,0.0050806942952379,-25.21635259898449,37.35634883245071,9098500,1.9488816180526176,True,False,False,False,True,0.1382769472856018,0.1492918961447678,-0.0206530291109362,0.1294256490952006,0.2128245476003147,-0.0206530291109362,0.1252950432730133,0.2470495672698662,-0.0206530291109362,0.0220298977183319,0.2470495672698662,-0.0714004720692368,398.6412658691406,357.91413381576535,BULL_ABOVE_SMA200
5802,2026-06-12,2742.5,2974.4,2649.2066341145837,2607.639391276042,0.015940564089347,24.162704242769,101.625945770427,32723200,1.1781547120139868,True,False,True,False,True,0.2292616226071102,0.304010938924339,0.0246125797629899,0.0879671832269826,0.3076572470373746,0.0246125797629899,-0.0585232452142205,0.3076572470373746,-0.1653600729261622,-0.2120328167730173,0.3076572470373746,-0.2805834092980857,404.4300842285156,358.3777272605896,BULL_ABOVE_SMA200
6503,2026-06-15,5858.0,6117.68,5819.546809895834,5816.7930729166665,0.0004734115421758,-125.0933227267933,-51.737152892822095,6107400,0.7698969462040276,True,False,False,False,True,0.0554796858996244,0.0674291567087743,-0.0116080573574598,0.0003414134516899,0.0831341754865142,-0.0228747012632297,-0.0360191191532945,0.0831341754865142,-0.0443837487196995,0.0058040286787299,0.0831341754865142,-0.1379310344827586,416.4981994628906,358.87615148544313,BULL_ABOVE_SMA200
9433,2026-06-23,2664.0,2702.72,2655.167057291667,2650.8351334635418,0.0016341732359888,7.946438364484038,17.690800540418778,10227200,1.0934001170675385,True,False,True,False,True,0.0304054054054054,0.0349099099099099,-0.0153903903903903,0.0431681681681681,0.0431681681681681,-0.0153903903903903,0.0793918918918918,0.0972222222222223,-0.0153903903903903,0.0739489489489488,0.1715465465465464,-0.0153903903903903,414.83026123046875,361.9844351768494,BULL_ABOVE_SMA200
4689,2026-06-25,409.7000122070313,409.81199951171874,407.6291613769531,405.2317626953125,0.0059161173983373,-1.1421889164025174,-1.0244814070163943,15918100,0.8936158626766147,True,False,False,False,True,0.0641932804719536,0.0720039031511987,-0.0034171939769311,0.0900658842983825,0.0981205284151642,-0.0034171939769311,0.062484683483488,0.1222845352531276,-0.0034171939769311,0.3026604742626657,0.3273125984633205,-0.0034171939769311,417.871826171875,363.00434072494505,BULL_ABOVE_SMA200
2914,2026-06-26,5936.0,5944.6420703125,5863.344700520834,5850.218776041666,0.0022436638665415,-24.469705895976404,-8.818431151592002,8185500,1.68465095793878,True,False,False,False,True,0.0203840970350404,0.045653638814016,0.0008423180592991,0.0304919137466306,0.0576145552560647,0.0008423180592991,0.1002358490566037,0.1076482479784366,0.0008423180592991,0.1768867924528301,0.2159703504043126,0.0008423180592991,412.4754943847656,363.4919722557068,BULL_ABOVE_SMA200
4063,2026-06-29,6942.0,7280.16,6905.127799479166,6837.16482421875,0.0099402277124687,-30.34376640224036,25.995732389882647,5772100,0.7763082153827946,True,False,False,False,True,0.0681359838663209,0.0688562373955632,-0.0220397579948141,0.0573321809276865,0.1027081532699509,-0.0220397579948141,-0.1541342552578507,0.107749927974647,-0.1578795736099106,-0.1404494382022472,0.107749927974647,-0.188130221838087,413.7510070800781,363.99284948349,BULL_ABOVE_SMA200
4307,2026-06-29,4630.0,4633.24,4527.085520833333,4514.346826171875,0.0028218245411728,-72.77927425675898,-56.54344659582239,3756500,1.4598043749441376,True,False,False,False,True,0.0987041036717062,0.1051835853131748,-0.0259179265658747,0.0879049676025918,0.1308855291576673,-0.0259179265658747,0.1615550755939525,0.1712742980561554,-0.0259179265658747,0.0870410367170626,0.2138228941684665,-0.0311015118790496,413.7510070800781,363.99284948349,BULL_ABOVE_SMA200
4543,2026-07-02,2214.5,2249.48,2170.7820914713543,2158.8941796875,0.0055064819275092,-6.985417442673679,0.6402376646094894,5058400,1.0670615621364437,True,False,False,False,True,0.0058703996387445,0.0677353804470535,0.0002257846014901,-0.0033867690223526,0.0677353804470535,-0.0207721833370964,0.0494468277263491,0.1101828855272071,-0.036802890042899,0.1361481146985774,0.2142695868141793,-0.036802890042899,418.3623962402344,365.5651424217224,BULL_ABOVE_SMA200
6920,2026-07-09,43020.0,47486.804375,42276.71861979167,41714.474661458335,0.0134783900048203,93.36166462698748,1408.240756174817,2680700,0.7187585883299259,True,False,True,False,True,0.0778707577870758,0.1841004184100418,0.00883310088331,0.003486750348675,0.1841004184100418,-0.0736866573686657,-0.1292422129242213,0.1841004184100418,-0.2282659228265923,,,,411.20001220703125,368.1396800804138,BULL_ABOVE_SMA200
4063,2026-07-09,7010.0,7140.52,6984.901803385416,6942.500826822917,0.0061074499838271,-40.14938418170914,-22.31061021009075,6080200,0.8241768668754151,True,False,False,False,True,0.0500713266761769,0.0970042796005705,0.0293865905848786,-0.0439372325249642,0.0970042796005705,-0.0580599144079886,-0.1275320970042796,0.0970042796005705,-0.1960057061340941,,,,411.20001220703125,368.1396800804138,BULL_ABOVE_SMA200
6146,2026-07-10,72560.0,78237.2,71861.58421875,71577.48385416667,0.0039691303645452,-527.4588199637074,1125.765836305642,1346000,0.7051107432474907,True,False,False,False,True,-0.1072216097023153,0.0326626240352811,-0.1419514884233738,-0.1365766262403528,0.0326626240352811,-0.1810915104740904,-0.1320286659316427,0.0326626240352811,-0.3191841234840132,,,,422.1000061035156,368.64599966049195,BULL_ABOVE_SMA200
6954,2026-07-10,7156.0,7238.28,6990.646204427083,6912.909348958333,0.0112451721185182,-102.90056669606564,-61.63861946699176,6055500,1.06009850836936,True,False,False,False,True,-0.0725265511458915,0.00684740078256,-0.106484069312465,-0.0518446059250978,0.00684740078256,-0.106484069312465,-0.0906931246506428,0.0117384013415315,-0.1883733929569592,,,,422.1000061035156,368.64599966049195,BULL_ABOVE_SMA200
6146,2026-07-15,73550.0,78517.6,72079.52,71728.88708333333,0.0048883083360726,-1032.1939126272482,92.19864026469082,1136100,0.7150162217613907,True,False,False,False,True,-0.0562882392929979,-0.019986403806934,-0.1535010197144799,-0.2947654656696125,-0.019986403806934,-0.328348062542488,-0.1098572399728076,-0.019986403806934,-0.328348062542488,,,,425.6000061035156,370.1392978477478,BULL_ABOVE_SMA200
4543,2026-07-16,2207.0,2226.7,2193.2066666666665,2184.79806640625,0.0038486853268995,-5.400887979074469,0.1747335563608723,3874900,0.8832939165123237,True,False,False,False,True,-0.0192569098323516,0.0403262347077479,-0.0335296782963299,0.0530131400090621,0.1139555958314453,-0.0335296782963299,0.1871318531943815,0.2183960126869053,-0.0335296782963299,,,,419.70001220703125,370.6257683372498,BULL_ABOVE_SMA200
2802,2026-07-21,5252.0,5706.04,5213.52,5149.8979296875,0.0123540449114027,-17.03849116237143,83.2930703999324,3521400,0.800634796487702,True,False,False,False,True,-0.0693069306930692,0.0338918507235339,-0.0784463061690784,-0.0569306930693069,0.0338918507235339,-0.1011043412033511,0.0053313023610053,0.0955826351865956,-0.1011043412033511,,,,418.29998779296875,371.5425205039978,BULL_ABOVE_SMA200
6273,2026-07-21,70460.0,72510.0,70400.4,69750.85286458333,0.0093123898667979,541.3483713724418,1010.3989026615284,253400,0.8673775008985264,True,False,True,False,True,-0.0747942094805563,0.0417258018734032,-0.0747942094805563,0.0452739142776044,0.0486801021856373,-0.1081464660800454,0.0063866023275618,0.1720124893556627,-0.1081464660800454,,,,418.29998779296875,371.5425205039978,BULL_ABOVE_SMA200
6723,2026-07-21,4035.0,4631.56,3892.026666666666,3768.4,0.0328061423061953,-82.93721610747343,40.70299511954344,16862500,1.0279802664366349,True,False,False,False,True,-0.1420074349442379,0.1053283767038413,-0.1496902106567533,-0.0376703841387856,0.1053283767038413,-0.2406443618339528,-0.1420074349442379,0.1053283767038413,-0.2406443618339528,,,,418.29998779296875,371.5425205039978,BULL_ABOVE_SMA200
6857,2026-07-21,29630.0,30476.4,27957.866666666665,27445.35921875,0.0186737380200341,26.868641079337976,257.71281872928387,10348200,1.1980709439257369,True,False,True,False,True,-0.1390482618967262,0.0658116773540331,-0.1478231522105973,0.0462369220384746,0.1117111036112048,-0.1854539318258521,0.1819102261221734,0.3071211609854876,-0.1854539318258521,,,,418.29998779296875,371.5425205039978,BULL_ABOVE_SMA200
6920,2026-07-23,45130.0,47901.326875,43587.72026041667,42977.78005208333,0.0141919896186859,-622.4311348240735,-167.22890068308126,3640900,1.0783139220636906,True,False,False,False,True,-0.2550409926877908,0.0081985375581652,-0.2643474407267893,-0.0398847773099934,0.0385552847329935,-0.2643474407267893,-0.2218036782627963,0.0385552847329935,-0.2643474407267893,,,,422.1000061035156,372.5142723655701,BULL_ABOVE_SMA200
6861,2026-07-27,74170.0,76352.0,74025.6,73005.2,0.013977086563697,-1179.735252439481,-713.014727652587,675900,1.161340206185567,True,False,False,False,True,0.0868275583119859,0.1260617500337064,-0.0568963192665498,0.1460159093973305,0.1853849265201563,-0.0568963192665498,0.1089389240932992,0.1853849265201563,-0.0568963192665498,,,,424.29998779296875,373.4898921775818,BULL_ABOVE_SMA200
9983,2026-07-28,79592.3828125,81457.5996875,77466.068125,76563.324375,0.0117908118197487,-885.3497570149193,-298.04323971969,1589300,1.340372686522478,True,False,False,False,True,-0.0156348386431843,0.0216384887175042,-0.0430269286843481,-0.0237648369499868,0.0216384887175042,-0.0430269286843481,-0.097936213077865,0.0216384887175042,-0.099186994812366,,,,412.8999938964844,373.9438342857361,BULL_ABOVE_SMA200
6367,2026-08-04,23765.0,24595.4,23741.2,23530.0,0.0089757756056099,-227.4668537458383,-71.70595812885597,1615400,1.2931786706373032,True,False,False,False,True,-0.0923627182831895,-0.0578581948243215,-0.1079318325268251,-0.1287607826635809,-0.0578581948243215,-0.1323374710709025,-0.1260256679991583,-0.0578581948243215,-0.1367557332211235,,,,412.3999938964844,376.18011938095094,BULL_ABOVE_SMA200
2802,2026-08-05,5333.0,5415.4,5267.666666666667,5244.6,0.0043981746304135,-146.46412825967946,-135.83945098082478,6316000,1.6261292922115205,True,False,False,False,True,0.0568160510031876,0.0695668479279953,-0.0628164260266266,0.0030001875117193,0.0789424339021189,-0.0628164260266266,-0.0286892930808175,0.0789424339021189,-0.0628164260266266,,,,421.29998779296875,376.62160757064817,BULL_ABOVE_SMA200
6902,2026-08-05,1919.0,1980.0,1918.98,1915.52,0.0018062980287336,13.483864382844786,29.64060266661411,8751600,1.0202562531731454,True,False,True,False,True,-0.0091193329859301,0.017196456487754,-0.0151120375195413,0.0140698280354352,0.0192808754559665,-0.0184992183428869,0.0093798853569566,0.0338718082334548,-0.0184992183428869,,,,421.29998779296875,376.62160757064817,BULL_ABOVE_SMA200
7269,2026-08-05,1926.0,2045.94,1923.7733333333333,1913.06,0.0056001031506243,0.6215820455295216,21.92795680592884,17663300,2.2480571811117023,True,False,True,False,True,0.0386812045690549,0.0623052959501557,0.0101246105919003,0.0835929387331255,0.0950155763239875,0.0101246105919003,0.0947559709241951,0.1879543094496365,0.0101246105919003,,,,421.29998779296875,376.62160757064817,BULL_ABOVE_SMA200
7270,2026-08-06,2515.0,2578.56,2493.133333333333,2489.6066666666666,0.0014165557611509,24.709862386516303,43.09366875399599,8242000,1.8924221603048264,True,False,True,False,True,0.027037773359841,0.0506958250497018,-0.0053677932405566,0.0558648111332007,0.0636182902584492,-0.0053677932405566,0.0487077534791251,0.093041749502982,-0.0053677932405566,,,,423.70001220703125,377.0647939109802,BULL_ABOVE_SMA200
9983,2026-08-06,78537.125,80229.915625,78018.38625,77780.521875,0.0030581483547031,-785.3135848256061,-679.3994253920805,1115300,0.8424765926267246,True,False,False,False,True,-0.0224363437991904,0.0150842412030387,-0.0289010412144189,-0.0681962511360073,0.0150842412030387,-0.0780834355206341,-0.1201613249784735,0.0150842412030387,-0.1372233195447376,,,,423.70001220703125,377.0647939109802,BULL_ABOVE_SMA200
9735,2026-08-12,6549.0,6740.44,6413.52,6373.413333333333,0.0062928080400666,7.602675474643547,63.16424931582716,1644600,1.213337415663606,True,False,True,False,True,-0.0282485875706214,-0.0009161704076958,-0.0453504351809436,-0.0184761032218658,-0.0009161704076958,-0.0453504351809436,,,,,,,431.8999938964844,378.59234548568725,BULL_ABOVE_SMA200
6902,2026-08-14,1955.0,1976.36,1919.253333333333,1919.08,9.032105661743728e-05,-6.311293334863649,5.798647016936795,8367600,0.9395310765769028,True,False,False,False,True,-0.0033248081841432,0.0005115089514067,-0.0365728900255754,-0.0202046035805626,0.0028132992327365,-0.0365728900255754,,,,,,,437.79998779296875,379.68179479599,BULL_ABOVE_SMA200
6902,2026-08-20,1946.0,1974.7,1922.006666666667,1918.4333333333332,0.0018626309662397,-11.407358743883378,-4.0354355934202255,6918500,0.7544488875463863,True,False,False,False,True,-0.0218396711202466,0.0074511819116136,-0.0218396711202466,-0.0046248715313463,0.0195272353545734,-0.0251798561151078,,,,,,,422.79998779296875,381.52781316757205,BULL_ABOVE_SMA200
7182,2026-08-21,3151.0,3230.12,3147.1866666666665,3107.693333333333,0.0127082466309416,-9.317679832502565,-3.00774710804665,5220800,0.7443956098795533,True,False,False,False,True,0.0583941605839415,0.0688670263408441,-0.0079339892097747,0.071723262456363,0.0964773087908601,-0.0079339892097747,,,,,,,424.1000061035156,381.968093624115,BULL_ABOVE_SMA200
7182,2026-08-25,3187.0,3227.68,3157.806666666667,3128.4866666666667,0.0093719434103389,-11.79418901425288,-6.26710715404311,3248000,0.4765576340556771,True,False,False,False,True,0.0709130844053969,0.0737370567932225,0.0050203953561342,,,,,,,,,,426.70001220703125,382.8234464073181,BULL_ABOVE_SMA200
8591,2026-08-25,6279.0,6370.76,6263.04,6205.906666666667,0.009206283046474,-54.3478652739368,-32.14510011671239,2168000,0.6202552831130635,True,False,False,False,True,0.0130594043637521,0.0230928491798056,-0.021978021978022,,,,,,,,,,426.70001220703125,382.8234464073181,BULL_ABOVE_SMA200
8766,2026-08-26,7629.0,7758.36,7511.72,7495.813333333333,0.0021220734774611,-95.80861475880192,-64.59772914326281,8363400,1.821250315758299,True,False,False,False,True,0.0191375016384847,0.0347358762616332,-0.0061607025822519,,,,,,,,,,428.20001220703125,383.27784948349,BULL_ABOVE_SMA200
6902,2026-08-31,1935.0,1960.24,1924.6266666666668,1923.06,0.0008146738357965,-10.9329320260224,-9.57682984230345,9751200,1.2150929618638604,True,False,False,False,True,,,,,,,,,,,,,433.5,384.6390859031677,BULL_ABOVE_SMA200
6902,2026-09-03,1937.0,1940.1,1927.2666666666669,1923.9666666666667,0.0017152064311578,-5.979523585374864,-7.928984434301654,6119800,0.8707684711751277,True,True,False,False,True,,,,,,,,,,,,,427.20001220703125,385.9971623802185,BULL_ABOVE_SMA200
