code,Date,Open,High,Low,Close,Adj Close,Volume,SMA25,SMA75,SMA75_5,MACD,Signal,BB+2,BB-2,Fresh75CrossUp,FreshMACDBull
2802,2026-04-09,4770.0,4811.0,4690.0,4713.0,4689.462890625,2940100,4459.62197265625,4018.4528450520834,3929.991708984375,90.19441105983242,72.06851577854586,4740.026777362198,4179.217167950303,False,False
2802,2026-04-10,4722.0,4724.0,4652.0,4652.0,4628.767578125,3006800,4466.8580078125,4036.2123404947915,3946.2308040364583,87.80648191847649,75.21610900653198,4754.908249239891,4178.807766385108,False,False
2802,2026-04-13,4601.0,4655.0,4565.0,4607.0,4583.99267578125,3500300,4471.35291015625,4053.0845149739584,3964.4261360677083,81.36316651342804,76.4455205079112,4763.044153492026,4179.661666820473,False,False
2802,2026-04-14,4600.0,4692.0,4596.0,4617.0,4593.9423828125,2515800,4483.094765625,4070.31369140625,3981.0073600260416,76.18147817847876,76.39271204202471,4769.905858042698,4196.283673207302,False,False
2802,2026-04-15,4651.0,4683.0,4636.0,4667.0,4643.69287109375,2250300,4495.71814453125,4088.4041569010415,3999.9764518229167,75.22228577691203,76.15862678900218,4781.911366583028,4209.524922479472,False,False
2802,2026-04-16,4637.0,4712.0,4623.0,4690.0,4666.578125,2181900,4505.4959375,4106.469847005208,4018.4528450520834,75.43915203285633,76.01473183777301,4797.60667677261,4213.38519822739,False,False
2802,2026-04-17,4651.0,4682.0,4574.0,4574.0,4551.1572265625,1922800,4513.42814453125,4123.102164713541,4036.2123404947915,65.54199093884927,73.92018365798826,4799.2297748825185,4227.626514179981,False,False
2802,2026-04-20,4599.0,4640.0,4582.0,4607.0,4583.99267578125,2451100,4522.39666015625,4139.222141927084,4053.0845149739584,59.66023969530943,71.0681948654525,4802.361444331838,4242.431875980661,False,False
2802,2026-04-21,4607.0,4730.0,4600.0,4721.0,4697.42333984375,3564700,4533.01236328125,4157.329599609375,4070.31369140625,63.42074124230476,69.53870414082296,4818.537217974242,4247.487508588259,False,False
2802,2026-04-22,4652.0,4715.0,4621.0,4658.0,4634.73779296875,2492000,4540.64556640625,4174.7332161458335,4088.4041569010415,60.643703202289544,67.75970395311627,4826.4369718668995,4254.8541609456,False,False
2802,2026-04-23,4607.0,4672.0,4565.0,4590.0,4567.0771484375,3034700,4542.1280859375,4191.854925130208,4106.469847005208,52.37943448237911,64.68365005896885,4828.067996155194,4256.188175719806,False,False
2802,2026-04-24,4727.0,4877.0,4699.0,4758.0,4734.23828125,4191800,4557.10642578125,4211.113072916667,4123.102164713541,58.64245466142529,63.475410979460136,4842.499308475679,4271.713543086822,False,False
2802,2026-04-27,4755.0,4823.0,4726.0,4786.0,4762.0986328125,3147200,4582.26513671875,4230.254423828125,4139.222141927084,65.10356740883799,63.80104226533571,4820.760206676047,4343.770066761453,False,True
2802,2026-04-28,4794.0,4813.0,4750.0,4767.0,4743.193359375,2409700,4602.03568359375,4249.447223307292,4157.329599609375,67.91565880386133,64.62396557304083,4806.197530376197,4397.873836811303,False,False
2802,2026-04-30,4913.0,5090.0,4906.0,5090.0,5064.58056640625,7469200,4627.21890625,4273.321080729167,4174.7332161458335,94.98262260810952,70.69569698005458,4889.731337787607,4364.706474712393,False,False
2802,2026-05-01,4904.0,4936.0,4792.0,4882.0,4857.619140625,3912900,4642.8172265625,4294.541022135417,4191.854925130208,98.59676686412331,76.27591095686833,4911.814698511991,4373.819754613009,False,False
2802,2026-05-07,4952.0,5070.0,4739.0,4958.0,4933.23974609375,10744000,4660.80693359375,4316.201790364584,4211.113072916667,106.33716445977007,82.28816165744868,4944.53055634144,4377.083310846059,False,False
2802,2026-05-08,4818.0,5030.0,4712.0,5030.0,5004.8798828125,10223100,4684.01046875,4337.920400390625,4230.254423828125,116.90464169364168,89.21145766468729,4981.289367670604,4386.731569829395,False,False
2802,2026-05-11,5179.0,5652.0,5088.0,5499.0,5471.53759765625,12969600,4727.87033203125,4365.570791015625,4249.447223307292,161.0780140245961,103.58476893666906,5133.626281147319,4322.114382915181,False,False
2802,2026-05-12,5502.0,5739.0,5425.0,5439.0,5411.83740234375,7590600,4760.38712890625,4392.28001953125,4273.321080729167,189.08872589401017,120.68556032813729,5242.670925422746,4278.103332389754,False,False
2802,2026-05-13,5371.0,5590.0,5338.0,5483.0,5455.61767578125,4630900,4793.18251953125,4416.814925130208,4294.541022135417,212.37202651156713,139.02285356482327,5343.7682113598075,4242.596827702693,False,False
2802,2026-05-14,5587.0,5716.0,5521.0,5542.0,5514.3232421875,5720800,4830.1967578125,4441.222014973959,4316.201790364584,232.87679979691438,157.7936428112415,5441.914667875416,4218.478847749585,False,False
2802,2026-05-15,5542.0,5580.0,5252.0,5269.0,5242.6865234375,4499600,4854.55451171875,4462.799069010417,4337.920400390625,224.61890045014206,171.15869433902162,5481.351270528248,4227.757752909252,False,False
2802,2026-05-18,5280.0,5311.0,5103.0,5193.0,5167.06591796875,4332700,4878.23564453125,4483.394244791667,4365.570791015625,209.55686376840913,178.83832822489913,5505.735748479649,4250.73554058285,False,False
2802,2026-05-19,5200.0,5330.0,5165.0,5178.0,5152.14111328125,4920400,4894.2353515625,4505.202444661459,4392.28001953125,194.17742766071842,181.906148112063,5528.421927800427,4260.048775324573,False,False
2802,2026-05-20,5278.0,5295.0,5006.0,5068.0,5042.6904296875,4275700,4908.364453125,4526.250709635417,4416.814925130208,171.18405506560885,179.76172950277217,5539.404254841629,4277.324651408371,False,False
2802,2026-05-21,5099.0,5328.0,5021.0,5176.0,5150.15087890625,5087100,4929.21978515625,4549.167265625,4441.222014973959,159.79083254198395,175.76755011061454,5556.369889966252,4302.069680346247,False,False
2802,2026-05-22,5243.0,5332.0,5183.0,5300.0,5273.53173828125,3827500,4956.80134765625,4574.850598958334,4462.799069010417,158.88588820675704,172.39121772984305,5581.439897416194,4332.162797896306,False,False
2802,2026-05-25,5270.0,5505.0,5195.0,5475.0,5447.65771484375,5159900,4990.9499609375,4601.720716145834,4483.394244791667,170.25661213477724,171.96429661082988,5625.76689664782,4356.133025227179,False,False
2802,2026-05-26,5675.0,5675.0,5335.0,5344.0,5317.31201171875,5128700,5017.8947265625,4626.166673177083,4505.202444661459,166.8271048532015,170.9368582593042,5648.637473302596,4387.151979822404,False,False
2802,2026-05-27,5345.0,5425.0,5261.0,5289.0,5262.58642578125,3869800,5041.73505859375,4650.1732779947915,4526.250709635417,157.8734315537813,168.32417291819962,5662.537019400175,4420.933097787325,False,False
2802,2026-05-28,5189.0,5275.0,5110.0,5142.0,5116.32080078125,4114000,5064.3416015625,4671.503873697917,4549.167265625,137.39140482000494,162.13761929856068,5652.333335506319,4476.349867618681,False,False
2802,2026-05-29,5140.0,5204.0,5101.0,5152.0,5126.2705078125,9185600,5086.03271484375,4692.808772786459,4574.850598958334,120.57222768555039,153.82454097595863,5640.603068751673,4531.462360935827,False,False
2802,2026-06-01,5165.0,5435.0,5156.0,5380.0,5353.13232421875,4772200,5112.26107421875,4716.478671875,4601.720716145834,124.11800613756714,147.88323400828034,5652.676250624821,4571.845897812679,False,False
2802,2026-06-02,5302.0,5351.0,5144.0,5262.0,5235.72119140625,4996400,5136.30041015625,4732.196002604167,4626.166673177083,116.11545722304982,141.52967865123424,5641.959614388478,4630.641205924022,False,False
2802,2026-06-03,5269.0,5298.0,5147.0,5227.0,5200.89599609375,3504900,5161.6531640625,4743.463665364583,4650.1732779947915,105.74432261013044,134.37260744301346,5611.036493958913,4712.269834166087,False,False
2802,2026-06-04,5130.0,5194.0,5095.0,5118.0,5092.4404296875,3057000,5175.98125,4754.552115885416,4671.503873697917,87.76200019312728,125.05048599303623,5591.506590130136,4760.455909869864,False,False
2802,2026-06-05,5050.0,5070.0,4936.0,4942.0,4917.3193359375,4289000,5182.190078125,4762.63259765625,4692.808772786459,58.70337543401456,111.7810638812319,5576.91055707151,4787.469599178489,False,False
2802,2026-06-08,4802.0,4907.0,4674.0,4806.0,4781.99853515625,5597000,5183.74228515625,4767.8530859375,4716.478671875,24.47284058396599,94.31941922177872,5571.794141783121,4795.690428529379,False,False
2802,2026-06-09,4840.0,4855.0,4689.0,4757.0,4733.2431640625,3886400,5170.4887890625,4770.945501302083,4732.196002604167,-6.514164648867336,74.1527024476495,5594.84902949421,4746.128548630789,False,False
2802,2026-06-10,4772.0,4865.0,4674.0,4729.0,4705.38330078125,3146800,5164.39935546875,4772.491966145833,4743.463665364583,-32.93993659276657,52.73417463956629,5610.362359073128,4718.436351864373,False,False
2802,2026-06-11,4848.0,5203.0,4845.0,5084.0,5058.6103515625,9098500,5169.4141796875,4778.70853515625,4754.552115885416,-25.090848605091196,37.1691699906348,5607.618988504827,4731.209370870173,True,False
2802,2026-06-12,5200.0,5257.0,5095.0,5158.0,5132.24072265625,7566800,5174.50861328125,4786.249947916666,4762.63259765625,-12.781694811198577,27.17899703026813,5607.878310451675,4741.138916110825,False,False
2802,2026-06-15,5500.0,5501.0,5052.0,5060.0,5034.72998046875,5178500,5157.03630859375,4792.649576822917,4767.8530859375,-10.770745263293065,19.58904857155589,5576.08053595209,4737.992081235409,False,False
2802,2026-06-16,4996.0,5175.0,4979.0,5146.0,5120.30078125,3452600,5145.37484375,4798.936484375,4770.945501302083,-2.246310708870624,15.221976715470587,5551.431797499132,4739.317890000868,False,False
2802,2026-06-17,5187.0,5350.0,5084.0,5340.0,5313.33203125,7021300,5139.68341796875,4804.616796875,4772.491966145833,19.856480588286104,16.14887749003369,5531.941140262797,4747.425695674704,False,True
2802,2026-06-18,5385.0,5843.0,5379.0,5787.0,5758.099609375,11123900,5149.43447265625,4817.124700520833,4778.70853515625,72.42723235997983,27.404548464022916,5587.862531171761,4711.00641414074,False,False
2802,2026-06-19,5840.0,5933.0,5726.0,5790.0,5761.08447265625,9507900,5170.170390625,4828.379147135417,4786.249947916666,113.02787047864422,44.52921286694718,5669.135733831989,4671.205047418012,False,False
2802,2026-06-22,5747.0,6166.0,5719.0,6160.0,6129.23681640625,7787100,5208.6572265625,4844.977779947917,4792.649576822917,172.91769847214255,70.20690998798625,5833.324554801622,4583.989898323378,False,False
2802,2026-06-23,6000.0,6035.0,5652.0,5652.0,5623.77392578125,6481900,5227.5225390625,4857.753326822916,4798.936484375,177.54753028645428,91.67503404767986,5872.383857,4582.661221125,False,False
2802,2026-06-24,5529.0,5617.0,5400.0,5480.0,5452.6328125,5228800,5243.920234375,4870.635553385417,4804.616796875,165.4992751751006,106.43988227316402,5889.994887936041,4597.84558081396,False,False
2802,2026-06-25,5672.0,5859.0,5621.0,5742.0,5713.32421875,4071800,5266.44716796875,4887.5083203125,4817.124700520833,174.96962309156152,120.14583043684353,5936.693534903332,4596.200801034169,False,False
2802,2026-06-26,5771.0,5890.0,5657.0,5721.0,5692.42919921875,4592800,5283.20306640625,4903.785774739584,4828.379147135417,178.72861636160542,131.8623876217959,5973.951089804821,4592.45504300768,False,False
2802,2026-06-29,5706.0,5839.0,5667.0,5816.0,5786.95458984375,3094100,5296.77494140625,4923.606555989583,4844.977779947917,187.17739021150737,142.9253881397382,6012.785619553325,4580.764263259175,False,False
2802,2026-06-30,5860.0,5942.0,5778.0,5873.0,5843.669921875,3929700,5317.8292578125,4943.81404296875,4857.753326822916,196.18802424213936,153.57791536021844,6065.282085760913,4570.376429864087,False,False
2802,2026-07-01,6048.0,6311.0,6003.0,6175.0,6144.16162109375,6849800,5353.092265625,4966.774420572917,4870.635553385417,224.98272463980356,167.85887721613545,6167.018279330525,4539.166251919476,False,False
2802,2026-07-02,6075.0,6209.0,6015.0,6042.0,6011.826171875,5376600,5388.91248046875,4988.894075520833,4887.5083203125,234.42209538816041,181.17152085054045,6236.144648088356,4541.680312849144,False,False
2802,2026-07-03,6110.0,6189.0,5947.0,6167.0,6136.20166015625,3851300,5429.3097265625,5012.579700520833,4903.785774739584,249.06782828309133,194.75078233705062,6317.897508295931,4540.721944829069,False,False
2802,2026-07-06,6200.0,6340.0,6046.0,6091.0,6060.58154296875,3818600,5457.6076953125,5034.2937109375,4923.606555989583,251.67165150737492,206.13495617111548,6379.1375772122665,4536.077813412734,False,False
2802,2026-07-07,6048.0,6145.0,5810.0,5831.0,5801.8798828125,4052300,5480.25404296875,5052.4000065104165,4943.81404296875,230.20646146826948,210.9492572305463,6406.6730895890005,4553.834996348499,False,False
2802,2026-07-08,5741.0,5919.0,5683.0,5702.0,5673.52392578125,4481500,5499.15916015625,5067.646803385417,4966.774420572917,200.52634778307674,208.8646753410524,6421.283126224289,4577.035194088212,False,False
2802,2026-07-09,5777.0,5905.0,5715.0,5721.0,5692.42919921875,3484700,5523.1587109375,5085.415462239584,4988.894075520833,176.49560989615293,202.3908622520725,6432.838876826511,4613.478545048488,False,False
2802,2026-07-10,5773.0,5783.0,5633.0,5731.0,5702.37939453125,3796900,5554.56111328125,5106.338776041666,5012.579700520833,156.4505104951886,193.20279190069573,6432.04966223241,4677.07256433009,False,False
2802,2026-07-13,5735.0,5763.0,5575.0,5615.0,5586.95849609375,3241400,5586.75951171875,5124.17916015625,5034.2937109375,129.75538361913095,180.51331024438278,6405.606671217814,4767.912352219686,False,False
2802,2026-07-14,5597.0,5672.0,5515.0,5656.0,5627.75390625,2829000,5622.53994140625,5140.082545572916,5052.4000065104165,110.61603905782886,166.53385600707202,6363.552880275634,4881.527002536866,False,False
2802,2026-07-15,5698.0,5700.0,5536.0,5606.0,5578.00341796875,2345400,5657.44474609375,5154.887109375,5067.646803385417,90.39154452089315,151.30539370983627,6297.722768336533,5017.166723850967,False,False
2802,2026-07-16,5555.0,5584.0,5348.0,5361.0,5334.22705078125,3680000,5668.4694140625,5166.23017578125,5085.415462239584,54.06949193687342,131.8582133552437,6275.765470356436,5061.173357768564,False,False
2802,2026-07-17,5215.0,5289.0,5114.0,5194.0,5168.06103515625,4971500,5669.9022265625,5176.140436197917,5106.338776041666,11.740458131024752,107.8346623103999,6272.280066439017,5067.524386685983,False,False
2802,2026-07-21,5262.0,5295.0,5215.0,5252.0,5225.771484375,3521400,5677.54388671875,5187.483509114583,5124.17916015625,-16.953426629680507,82.87704452238383,6251.682211102555,5103.405562334946,True,False
2802,2026-07-22,5430.0,5430.0,5248.0,5253.0,5226.76611328125,3917200,5681.8025,5195.85482421875,5140.082545572916,-39.16184541401253,58.46926653510456,6240.72216146055,5122.88283853945,False,False
2802,2026-07-23,5258.0,5319.0,5085.0,5102.0,5076.5205078125,3647900,5672.3300390625,5201.7319921875,5154.887109375,-68.10071930905451,33.15526936627275,6263.0309841255885,5081.629093999411,False,False
2802,2026-07-24,5051.0,5096.0,4978.0,5096.0,5070.55029296875,3313400,5644.82806640625,5208.153098958333,5166.23017578125,-90.4738060883301,8.429454275352182,6279.388830618171,5010.26730219433,False,False
2802,2026-07-27,5139.0,5171.0,5025.0,5069.0,5043.68505859375,3261500,5616.13208984375,5213.6189973958335,5176.140436197917,-109.11463287592869,-15.079363154903994,6290.691727985067,4941.572451702433,False,False
2802,2026-07-28,4969.0,5013.0,4840.0,4888.0,4863.58935546875,5081400,5565.50619140625,5217.466354166667,5187.483509114583,-136.84240644454985,-39.43197181283317,6267.835057466374,4863.177325346126,False,False
2802,2026-07-29,4874.0,4984.0,4760.0,4847.0,4822.7939453125,5208900,5533.4669921875,5218.408294270834,5195.85482421875,-160.26132265528486,-63.597841981323505,6292.990534426667,4773.943449948333,False,False
2802,2026-07-30,4747.0,4900.0,4721.0,4839.0,4814.833984375,3380100,5507.9550390625,5220.079908854167,5201.7319921875,-177.41811916121242,-86.3618974173013,6317.8046855132625,4698.105392611737,False,False
2802,2026-07-31,5025.0,5105.0,4927.0,4965.0,4940.20458984375,6792600,5477.03025390625,5224.23240234375,5208.153098958333,-178.83712089728215,-104.85694211329746,6311.810064472004,4642.2504433404965,False,False
2802,2026-08-03,4920.0,4930.0,4791.0,4896.0,4871.54931640625,3457300,5444.19505859375,5228.066490885417,5213.6189973958335,-183.38761847585738,-120.56307738580946,6306.620942672387,4581.769174515113,False,False
2802,2026-08-04,4893.0,4965.0,4836.0,4953.0,4928.2646484375,3217000,5409.8474609375,5232.52412109375,5217.466354166667,-180.33863575030136,-132.51818905870786,6283.261103129788,4536.433818745211,False,False
2802,2026-08-05,5198.0,5350.0,5127.0,5333.0,5306.36669921875,6316000,5388.35533203125,5241.359772135416,5218.408294270834,-145.7327035155322,-135.16109195007272,6244.27866879514,4532.43199526736,True,False
2802,2026-08-06,5350.0,5368.0,5154.0,5196.0,5170.05078125,5499400,5349.3908984375,5248.072740885416,5220.079908854167,-127.8332263773591,-133.69551883553,6151.112824621862,4547.668972253138,False,True
2802,2026-08-07,5096.0,5273.0,4998.0,5196.0,5170.05078125,5371200,5315.7198828125,5256.324654947916,5224.23240234375,-112.35263059813678,-129.42694118805136,6072.7917945448435,4558.647971080157,False,False
2802,2026-08-10,5106.0,5318.0,5085.0,5272.0,5245.67138671875,3388800,5280.098671875,5265.147037760416,5228.066490885417,-92.91117386080441,-122.12378772260197,5959.184106879862,4601.013236870138,False,False
2802,2026-08-12,5457.0,5531.0,5391.0,5456.0,5428.75244140625,4908600,5254.8255078125,5274.8980924479165,5232.52412109375,-62.01569001619009,-110.1021681813196,5858.7072890651225,4650.943726559878,True,False
2802,2026-08-13,5530.0,5704.0,5516.0,5636.0,5607.853515625,4051800,5247.064453125,5287.87296875,5241.359772135416,-22.815829915167342,-92.64490052808915,5827.141961277434,4666.986944972566,False,False
2802,2026-08-14,5703.0,5733.0,5529.0,5566.0,5538.203125,3880200,5241.65162109375,5300.821315104166,5248.072740885416,2.6001641302509597,-73.59588759642112,5808.0752854765215,4675.227956710978,False,False
2802,2026-08-17,5530.0,5754.0,5524.0,5721.0,5692.42919921875,3490200,5241.65162109375,5313.597194010416,5256.324654947916,34.78628317325274,-51.91945344248635,5808.0752854765215,4675.227956710978,False,False
2802,2026-08-18,5621.0,5663.0,5443.0,5535.0,5507.35791015625,3822900,5233.85076171875,5323.533984375,5265.147037760416,44.84338149343057,-32.56688645530297,5779.675929769622,4688.025593667878,False,False
2802,2026-08-19,5259.0,5388.0,5255.0,5280.0,5253.63134765625,3489100,5220.51767578125,5330.33982421875,5274.8980924479165,31.97154320874506,-19.659200522493364,5747.1361536910445,4693.899197871455,False,False
2802,2026-08-20,5352.0,5373.0,5286.0,5349.0,5322.287109375,2575800,5208.29900390625,5333.775911458333,5287.87296875,26.999234453764075,-10.327513527241877,5710.147930117802,4706.450077694697,False,False
2802,2026-08-21,5267.0,5441.0,5260.0,5396.0,5369.05224609375,2867000,5199.94095703125,5340.59501953125,5300.821315104166,26.526419589632496,-2.9567269038670014,5683.509522102295,4716.372391960205,True,False
2802,2026-08-24,5368.0,5453.0,5345.0,5370.0,5343.18212890625,1728600,5200.29916015625,5346.06091796875,5313.597194010416,23.789972161584956,2.39261290922339,5684.278176666503,4716.320143645997,False,False
2802,2026-08-25,5380.0,5497.0,5313.0,5497.0,5469.5478515625,2109900,5212.3586328125,5352.2564908854165,5323.533984375,31.455377583282825,8.205165844035278,5707.421108343134,4717.296157281867,True,False
2802,2026-08-26,5496.0,5577.0,5406.0,5416.0,5388.9521484375,2121700,5218.885859375,5351.1553515625,5330.33982421875,30.67328440132769,12.69878955549376,5718.763138674558,4719.008580075442,False,False
2802,2026-08-27,5552.0,5609.0,5426.0,5441.0,5413.82763671875,2265700,5226.3683203125,5351.181888020833,5333.775911458333,31.695349669795178,16.498101578354046,5732.059705623317,4720.676935001683,False,False
2802,2026-08-28,5411.0,5509.0,5401.0,5431.0,5403.87744140625,2355900,5239.46259765625,5350.492018229167,5340.59501953125,31.341164716517596,19.466714205986758,5745.907813021766,4733.0173822907345,False,False
2802,2026-08-31,5331.0,5458.0,5304.0,5402.0,5375.0224609375,2995400,5251.641484375,5348.634674479166,5346.06091796875,28.40468330870317,21.25430802653004,5755.8920893494205,4747.390879400579,False,False
2802,2026-09-01,5368.0,5425.0,5313.0,5336.0,5309.35205078125,2183700,5262.2681640625,5349.523548177083,5352.2564908854165,20.541655944717604,21.111777610167554,5759.692036473687,4764.844291651312,False,False
2802,2026-09-02,5236.0,5290.0,5143.0,5225.0,5198.90625,2999300,5275.68083984375,5349.9480859375,5351.1553515625,5.336580244575089,17.95673813704906,5746.766925092718,4804.594754594781,False,False
2802,2026-09-03,5222.0,5232.0,5143.0,5180.0,5154.130859375,2319800,5288.93431640625,5349.974615885417,5351.181888020833,-10.208870114447564,12.323616486749737,5725.702376723662,4852.166256088838,False,False
2802,2026-09-04,5193.0,5233.0,5121.0,5174.0,5148.16064453125,3479300,5302.2673828125,5351.380885416666,5350.492018229167,-22.74827006857413,5.309239175684964,5698.830911357455,4905.703854267545,False,False
2802,2026-09-07,5206.0,5281.0,5155.0,5219.0,5192.93603515625,3554800,5312.376640625,5351.9513541666665,5348.634674479166,-28.741520694245082,-1.5009127983010453,5683.580175363595,4941.173105886404,False,False
2802,2026-09-08,5200.0,5232.0,5068.0,5068.0,5042.6904296875,2100600,5319.22228515625,5348.873470052084,5349.523548177083,-45.094953151247864,-10.21972086889041,5662.950259608358,4975.494310704143,False,False
2802,2026-09-09,5048.0,5158.0,5039.0,5084.0,5058.6103515625,3209700,5324.43611328125,5343.686171875,5349.9480859375,-56.12360358022397,-19.400497411157126,5647.625682113108,5001.246544449392,False,False
2802,2026-09-10,5055.0,5067.0,4987.0,5035.0,5009.85498046875,2722600,5312.57564453125,5339.586744791667,5349.974615885417,-68.01401624196933,-29.12320117731957,5658.509713667796,4966.641575394704,False,False
2802,2026-09-11,4918.0,4974.0,4910.0,4974.0,4949.15966796875,2939800,5303.74,5335.407721354167,5351.380885416666,-81.39656942434067,-39.577874826723786,5674.198309923052,4933.281690076948,False,False
2802,2026-09-14,4892.0,4922.0,4800.0,4920.0,4895.42919921875,3107100,5292.75513671875,5332.4625,5351.9513541666665,-95.24007077036458,-50.71031401545194,5693.4693428030305,4892.040930634469,False,False
2802,2026-09-15,4898.0,4946.0,4848.0,4870.0,4845.67919921875,2834200,5276.75544921875,5328.721282552084,5348.873470052084,-108.96942287029378,-62.36213578642032,5713.989388040698,4839.521510396802,False,False
2802,2026-09-16,4877.0,4888.0,4823.0,4888.0,4863.58935546875,1929000,5254.14892578125,5322.19404296875,5343.686171875,-117.05549056544805,-73.30080674222587,5715.392678381248,4792.905173181252,False,False
2802,2026-09-17,4946.0,5025.0,4907.0,4953.0,4928.2646484375,2715000,5226.96537109375,5318.0946223958335,5339.586744791667,-116.89748045371198,-82.0201414845231,5681.679563510994,4772.251178676506,False,False
2802,2026-09-18,4981.0,4994.0,4890.0,4904.0,4879.50927734375,3050400,5200.6176171875,5313.8094661458335,5335.407721354167,-119.33083569041446,-89.48228032570137,5656.474248007359,4744.760986367642,False,False
2802,2026-09-24,4984.0,5081.0,4974.0,4998.0,4973.0400390625,3414900,5171.84205078125,5312.2174609375,5332.4625,-112.41627164257079,-94.06907858907526,5589.070048966481,4754.614052596018,False,False
2802,2026-09-25,4982.0,5081.0,4950.0,5051.0,5025.77490234375,3000500,5152.57873046875,5313.66353515625,5328.721282552084,-101.51101132461554,-95.55746513618332,5550.067416629112,4755.090044308388,False,False
2802,2026-09-28,5051.0,5102.0,5006.0,5006.0,4981.0,3198900,5141.6734765625,5316.316888020833,5322.19404296875,-95.3819703926747,-95.52236618748161,5542.420252050292,4740.926701074707,False,True
2802,2026-09-29,4960.0,5005.0,4931.0,4978.0,4978.0,2639100,5127.9019921875,5319.5803125,5318.0946223958335,-89.73235746431419,-94.36436444284813,5526.532395628923,4729.271588746076,False,False
2802,2026-09-30,5027.0,5138.0,5011.0,5111.0,5111.0,4665700,5117.57990234375,5324.98853515625,5313.8094661458335,-73.67374497099081,-90.22624054847668,5503.871467840383,4731.2883368471175,False,False
2802,2026-10-01,5076.0,5287.0,5050.0,5260.0,5260.0,4116800,5114.2526171875,5327.67373046875,5312.2174609375,-48.36658424293455,-81.85430928736825,5494.093148728867,4734.412085646132,False,False
2802,2026-10-02,5200.0,5297.0,5157.0,5212.0,5212.0,3706500,5103.950703125,5328.7371875,5313.66353515625,-31.816910347813973,-71.8468294994574,5457.766315036855,4750.135091213144,False,False
2802,2026-10-05,5280.0,5337.0,5201.0,5321.0,5321.0,3177900,5101.2326171875,5332.55412109375,5316.316888020833,-9.792899058499643,-59.43604341126585,5447.205834386319,4755.259399988681,False,False
2802,2026-10-06,5351.0,5372.0,5260.0,5372.0,5372.0,2481200,5099.55951171875,5335.910110677083,5319.5803125,11.642356499321068,-45.22036342914847,5439.827292427952,4759.291731009549,True,False
4543,2026-04-09,2201.0,2229.0,2168.5,2171.0,2153.931640625,5891600,2078.4363525390627,2096.2917317708334,2102.908515625,39.995821122838606,29.852334391726032,2210.613775514386,1946.2589295637392,False,False
4543,2026-04-10,2183.0,2189.0,2120.0,2139.0,2122.183349609375,5439000,2085.476650390625,2094.2052994791666,2101.0822233072918,35.7967300881578,31.041213531012385,2207.049524425348,1963.9037763559018,False,False
4543,2026-04-13,2123.0,2156.5,2116.5,2134.0,2117.22265625,3361300,2088.949287109375,2091.69806640625,2099.8079427083335,31.703179179461586,31.173606660702227,2208.981553874888,1968.9170203438616,False,False
4543,2026-04-14,2173.5,2173.5,2145.5,2155.5,2138.553466796875,3409200,2094.023876953125,2089.4818098958335,2098.8657259114584,29.836294503402314,30.906144229242244,2211.255954218296,1976.791799687954,False,False
4543,2026-04-15,2154.0,2188.5,2148.5,2187.0,2169.805908203125,4309300,2100.30916015625,2088.2405078125,2098.0073990885417,30.526693065924064,30.83025399657861,2216.2632654337226,1984.3550548787773,False,False
4543,2026-04-16,2217.0,2217.0,2188.0,2188.0,2170.798095703125,3970000,2106.2006591796876,2086.7694303385415,2096.2917317708334,30.79886993894297,30.823977185051483,2220.908215046381,1991.493103312994,False,False
4543,2026-04-17,2149.5,2179.0,2145.0,2175.0,2157.900146484375,3543900,2111.9506005859375,2085.441630859375,2094.2052994791666,29.63223342099309,30.585628432239808,2221.939443804509,2001.9617573673656,False,False
4543,2026-04-20,2208.5,2212.5,2179.0,2205.5,2188.160400390625,3699900,2117.846982421875,2084.517301432292,2091.69806640625,30.79443607983876,30.6273899617596,2227.740754385221,2007.953210458529,False,True
4543,2026-04-21,2188.0,2200.0,2139.0,2144.5,2127.639892578125,3689200,2121.204326171875,2082.7072200520834,2089.4818098958335,26.52621319696982,29.807154608801646,2226.880263396023,2015.528388947727,False,False
4543,2026-04-22,2129.0,2144.0,2103.5,2112.5,2095.8916015625,3878800,2122.641533203125,2080.677425130208,2088.2405078125,20.34724369835385,27.91517242671209,2225.89630568664,2019.3867607196103,False,False
4543,2026-04-23,2079.0,2096.0,2050.0,2054.0,2037.8515625,6605600,2120.397626953125,2078.0313899739585,2086.7694303385415,10.644318682220273,24.461001677813726,2228.379023569824,2012.416230336426,False,False
4543,2026-04-24,2032.0,2062.0,2030.0,2056.0,2039.8358154296875,3835700,2121.641728515625,2075.5103271484377,2085.441630859375,3.0792971091882464,20.18466076408863,2225.0689753414345,2018.214481689815,False,False
4543,2026-04-27,2027.0,2046.5,2001.5,2025.0,2009.0794677734375,5084100,2120.965966796875,2072.382145182292,2084.517301432292,-5.336303618434158,15.08046788758407,2227.0707523373785,2014.8611812563713,False,False
4543,2026-04-28,2042.0,2057.5,2031.5,2055.5,2039.3397216796875,3992900,2120.2396142578127,2069.7296826171873,2082.7072200520834,-9.45498702654686,10.173376904757886,2228.3028911126817,2012.1763374029438,False,False
4543,2026-04-30,2036.5,2043.5,1986.5,1997.0,1981.2996826171875,5611200,2116.955224609375,2066.178564453125,2080.677425130208,-17.204101222771442,4.697881279252021,2236.14609839074,1997.7643508280098,False,False
4543,2026-05-01,1981.5,1999.5,1951.0,1989.0,1973.362548828125,3050400,2113.373056640625,2062.7186490885415,2078.0313899739585,-23.712448075091743,-0.984184591616732,2243.7069686418827,1983.039144639367,False,False
4543,2026-05-07,1937.5,1981.5,1928.5,1957.0,1941.6141357421875,5956800,2107.0432177734374,2058.7894482421875,2075.5103271484377,-31.073989837183035,-7.002145640729993,2253.7320909542977,1960.3543445925773,False,False
4543,2026-05-08,1984.5,1989.0,1957.5,1972.5,1956.9923095703125,7039600,2101.8245703125,2054.960205078125,2072.382145182292,-35.26071108515657,-12.653858729615308,2259.7795087806408,1943.8696318443592,False,False
4543,2026-05-11,1953.5,1991.5,1942.0,1957.0,1941.6141357421875,5310400,2095.8320556640624,2051.4250634765626,2069.7296826171873,-39.3658232391158,-17.996251631515406,2265.819130131548,1925.8449811965772,False,False
4543,2026-05-12,1941.5,1949.5,1906.0,1921.5,1906.3931884765625,5487400,2085.990048828125,2047.9194563802084,2066.178564453125,-44.9431140448703,-23.385624114186385,2269.667222812071,1902.3128748441793,False,False
4543,2026-05-13,1955.0,1959.0,1936.0,1950.0,1934.669189453125,4704000,2077.457666015625,2045.3885221354167,2062.7186490885415,-46.54497868321573,-28.017495027992254,2268.4942132222254,1886.4211188090244,False,False
4543,2026-05-14,1950.0,1955.0,1901.0,1930.0,1914.826416015625,5663500,2067.4569140625,2042.6258561197917,2058.7894482421875,-48.85247303382016,-32.184490629157835,2265.2064439631495,1869.7073841618503,False,False
4543,2026-05-15,1911.0,1938.5,1906.0,1922.0,1906.8892822265625,5317100,2056.9997802734374,2039.7902001953125,2054.960205078125,-50.73677730839199,-35.89494796500467,2259.8911870549314,1854.1083734919432,False,False
4543,2026-05-18,2199.0,2280.5,2177.5,2279.0,2261.08251953125,16185000,2059.1427978515626,2041.335603841146,2051.4250634765626,-23.38015600281483,-33.3919895725667,2269.3477540142776,1848.9378416888474,True,True
4543,2026-05-19,2299.0,2325.5,2241.5,2294.0,2275.964599609375,12683700,2062.5160693359376,2043.3158707682292,2047.9194563802084,-0.49329068876204474,-26.81224979580577,2283.545257705016,1841.486880966859,False,False
4543,2026-05-20,2320.0,2349.0,2297.0,2342.5,2324.083251953125,10286300,2069.3221337890627,2046.3974593098958,2045.3885221354167,21.28216056407109,-17.1933677238304,2310.73113435334,1827.9131332247853,False,False
4543,2026-05-21,2329.5,2361.0,2305.0,2332.0,2313.665771484375,7651100,2076.9814306640624,2049.9049723307294,2042.6258561197917,37.269143467626236,-6.300865485539072,2336.112993894083,1817.8498674340417,False,False
4543,2026-05-22,2330.0,2404.0,2318.5,2393.5,2374.682373046875,8227100,2087.2798193359376,2055.0141634114584,2039.7902001953125,54.23725904699177,5.806759420967096,2371.26217618671,1803.2974624851654,False,False
4543,2026-05-25,2335.5,2343.5,2306.0,2335.0,2316.642333984375,4866700,2094.4033740234377,2059.658170572917,2041.335603841146,62.28330364638623,17.102068266050924,2391.7911798751256,1797.01556817175,False,False
4543,2026-05-26,2324.5,2342.0,2314.5,2334.5,2316.146240234375,4074800,2100.2569873046873,2064.0394222005207,2043.3158707682292,67.8378290744431,27.249220427729362,2408.8990858010707,1791.614888808304,False,False
4543,2026-05-27,2331.5,2402.5,2312.5,2395.5,2376.666748046875,7168400,2108.4917333984376,2068.826984049479,2046.3974593098958,76.2444313398787,37.048262610159234,2434.7077815151006,1782.2756852817747,False,False
4543,2026-05-28,2418.0,2448.0,2399.5,2399.5,2380.63525390625,9511000,2117.4011376953126,2073.634620768229,2049.9049723307294,82.27849419371842,46.09430892687107,2460.269545141182,1774.5327302494431,False,False
4543,2026-05-29,2432.0,2463.0,2401.0,2401.0,2382.123291015625,11844900,2125.1596533203124,2078.856160481771,2055.0141634114584,86.18709347318736,54.11286583613433,2482.5520396380275,1767.7672670025975,False,False
4543,2026-06-01,2373.5,2429.0,2233.0,2345.5,2327.059814453125,9849600,2133.1364501953126,2083.205598958333,2059.658170572917,83.87466921168107,60.06522651124368,2499.191096936642,1767.081803453983,False,False
4543,2026-06-02,2331.0,2368.5,2243.0,2248.5,2230.822265625,8137600,2138.5336767578124,2086.0879736328125,2064.0394222005207,73.43003469330915,62.73818814765678,2506.2079055915574,1770.8594479240674,False,False
4543,2026-06-03,2248.0,2294.5,2227.5,2279.0,2261.08251953125,5808500,2147.4629150390624,2088.9140771484376,2068.826984049479,66.82403035726793,63.55535658957901,2515.765000670878,1779.1608294072464,False,False
4543,2026-06-04,2313.0,2330.0,2275.5,2276.0,2258.106201171875,4871300,2156.19373046875,2091.2801643880207,2073.634620768229,60.64943141737376,62.974171555137964,2524.2247791587038,1788.162681778796,False,False
4543,2026-06-05,2322.0,2322.0,2254.5,2280.0,2262.07470703125,4351900,2166.3135400390624,2094.2508528645835,2078.856160481771,55.43719702968747,61.46677665004787,2531.5095402942416,1801.1175397838833,False,False
4543,2026-06-08,2330.0,2352.0,2265.5,2284.5,2266.539306640625,5042800,2175.4015234375,2098.062626953125,2083.205598958333,51.07792507621161,59.38900633528063,2538.8095715488726,1811.9934753261277,False,False
4543,2026-06-09,2270.0,2305.0,2261.5,2284.0,2266.043212890625,4620300,2186.7912646484374,2103.2010302734375,2086.0879736328125,47.040882020625304,56.91938147234957,2542.9274285153533,1830.6551007815217,False,False
4543,2026-06-10,2276.5,2308.5,2264.5,2308.5,2290.3505859375,5051300,2199.4707861328125,2108.1709554036456,2088.9140771484376,45.28092782388376,54.59169074265641,2546.7711183523697,1852.170453913255,False,False
4543,2026-06-11,2258.5,2284.5,2248.5,2264.0,2246.200439453125,4002300,2211.65423828125,2112.2369596354165,2091.2801643880207,39.86407535390708,51.64616766490655,2542.9165996666093,1880.3918768958906,False,False
4543,2026-06-12,2268.0,2284.5,2199.5,2199.5,2182.20751953125,6907500,2220.6628466796874,2115.1016373697917,2094.2508528645835,30.06096285113881,47.329126702153005,2535.5794035311137,1905.746289828261,False,False
4543,2026-06-15,2243.0,2291.0,2226.5,2237.0,2219.412841796875,5738000,2231.774794921875,2118.922125651042,2098.062626953125,25.00583246302358,42.864467854327124,2525.4070086076727,1938.1425812360774,False,False
4543,2026-06-16,2215.0,2230.5,2181.5,2220.0,2202.54638671875,4586400,2243.6209228515627,2122.4192138671874,2103.2010302734375,19.414821269942877,38.174538537450275,2506.0242984617503,1981.217547241375,False,False
4543,2026-06-17,2216.5,2255.5,2206.5,2246.0,2228.342041015625,3721500,2255.3678369140625,2125.275086263021,2108.1709554036456,16.870920862921594,33.91381500254454,2485.7343598233074,2025.0013140048177,False,False
4543,2026-06-18,2252.0,2262.5,2231.0,2259.0,2241.23974609375,3929400,2268.4243701171877,2128.2635221354167,2112.2369596354165,15.714452050400268,30.273942412115684,2452.4456341509695,2084.403106083406,False,False
4543,2026-06-19,2255.0,2259.0,2197.0,2224.5,2207.010986328125,5264200,2280.42923828125,2129.974609375,2115.1016373697917,11.898805312273453,26.59891499214724,2394.348488661594,2166.5099879009063,False,False
4543,2026-06-22,2218.0,2267.5,2213.5,2244.5,2226.853759765625,3209300,2279.060087890625,2132.8960188802084,2118.922125651042,10.356638879271031,23.350459769572,2394.686482522373,2163.4336932588767,False,False
4543,2026-06-23,2226.0,2233.0,2173.0,2194.0,2176.750732421875,5804700,2275.091533203125,2135.471204427083,2122.4192138671874,5.033541756143222,19.687076166886246,2397.4830565096963,2152.7000098965536,False,False
4543,2026-06-24,2184.5,2198.5,2146.5,2184.0,2166.829345703125,4801400,2268.801376953125,2138.8532877604166,2125.275086263021,0.014212115090231237,15.752503356527045,2396.522568430883,2141.0801854753668,False,False
4543,2026-06-25,2179.0,2201.0,2164.0,2193.5,2176.2548828125,4218800,2263.30494140625,2141.9210074869793,2128.2635221354167,-3.1665783711991935,11.968687010981798,2394.6068297650418,2132.003053047458,False,False
4543,2026-06-26,2199.0,2236.5,2186.5,2212.0,2194.609375,4963700,2256.102021484375,2144.1103759765624,2129.974609375,-4.158388311355338,8.743271946514371,2381.8116926930093,2130.392350275741,False,False
4543,2026-06-29,2211.5,2268.0,2211.0,2247.0,2229.334228515625,4667000,2252.609697265625,2147.0123160807293,2132.8960188802084,-2.1179845559704518,6.5710206460174065,2376.2315309764977,2128.9878635547525,False,False
4543,2026-06-30,2261.0,2277.5,2212.0,2234.0,2216.436279296875,5594200,2248.621298828125,2149.729148763021,2135.471204427083,-1.5241372829514148,4.951989060223642,2370.203321766029,2127.039275890221,False,False
4543,2026-07-01,2189.5,2215.5,2152.0,2156.5,2139.545654296875,3463900,2239.136455078125,2151.2762825520836,2138.8532877604166,-7.175228310837156,2.526545586011483,2356.194717170595,2122.078192985655,False,False
4543,2026-07-02,2196.0,2255.5,2178.5,2214.5,2197.089599609375,5058400,2231.79462890625,2153.7154557291665,2141.9210074869793,-6.930552101934609,0.6351260484222647,2334.587583701598,2129.0016741109025,True,False
4543,2026-07-03,2364.5,2364.5,2258.0,2258.0,2240.24755859375,5994400,2226.119599609375,2156.3754117838544,2144.1103759765624,-3.21707341983074,-0.13531384522833634,2308.78281382507,2143.45638539368,False,False
4543,2026-07-06,2266.0,2293.5,2237.5,2293.5,2275.468505859375,2726200,2224.055947265625,2159.465574544271,2147.0123160807293,2.538657220326968,0.39948036788272456,2298.7258498539195,2149.3860446773306,False,True
4543,2026-07-07,2297.0,2338.0,2286.5,2324.0,2305.728759765625,4707100,2227.05220703125,2162.742472330729,2149.729148763021,9.433125615019435,2.206209417310067,2308.2903169318147,2145.8140971306852,False,False
4543,2026-07-08,2345.0,2350.0,2276.5,2276.5,2258.602294921875,5188900,2226.952998046875,2164.9378466796875,2151.2762825520836,10.967898522299947,3.958547238308043,2308.0305317467555,2145.8754643469947,False,False
4543,2026-07-09,2230.5,2260.5,2215.0,2227.5,2209.987548828125,3400200,2225.028251953125,2167.6212369791665,2153.7154557291665,8.167266228248081,4.800291036296051,2305.337134308149,2144.7193695981014,False,False
4543,2026-07-10,2258.5,2265.0,2187.0,2189.0,2171.7900390625,4601900,2221.416865234375,2169.565457356771,2156.3754117838544,2.8328695923087253,4.406806747498586,2302.849333730993,2139.9843967377574,False,False
4543,2026-07-13,2189.0,2222.0,2184.5,2213.5,2196.097412109375,3004900,2218.599189453125,2171.4134423828127,2159.465574544271,0.5602652961829335,3.6374984572354556,2298.450902874402,2138.747476031848,False,False
4543,2026-07-14,2215.0,2266.5,2213.0,2233.0,2215.4443359375,3221300,2216.575234375,2173.440574544271,2162.742472330729,0.3166944260069613,2.9733376509897567,2294.043636954396,2139.106831795604,False,False
4543,2026-07-15,2199.0,2218.5,2168.5,2179.5,2162.36474609375,3917600,2211.45580078125,2174.7665478515623,2164.9378466796875,-4.1120157809091324,1.556266964609979,2285.5899691758805,2137.32163238662,False,False
4543,2026-07-16,2192.0,2232.0,2182.5,2207.0,2189.648681640625,3874900,2209.19373046875,2175.963728841146,2167.6212369791665,-5.358446118418215,0.17332434800434027,2282.3944460374682,2135.9930149000315,True,False
4543,2026-07-17,2250.0,2279.5,2226.5,2267.5,2249.673095703125,5676700,2211.892353515625,2178.126590169271,2169.565457356771,-1.4856568437494388,-0.15847189034641554,2285.884692598927,2137.900014432323,False,False
4543,2026-07-21,2268.0,2296.0,2221.5,2240.5,2222.88525390625,4257300,2212.03125,2179.879366861979,2171.4134423828127,-0.5714115229620802,-0.24105981686954847,2286.092541188356,2137.969958811644,False,False
4543,2026-07-22,2190.5,2203.0,2176.0,2199.0,2181.71142578125,4119100,2211.1978515625,2180.2696077473956,2173.440574544271,-3.133132543450756,-0.8194743621857901,2286.1310838305303,2136.26461929447,False,False
4543,2026-07-23,2175.0,2179.0,2134.0,2158.0,2141.033935546875,3500500,2207.70552734375,2180.177010091146,2174.7665478515623,-8.349401708758705,-2.3254598315003734,2287.121220282375,2128.289834405125,False,False
4543,2026-07-24,2137.5,2171.5,2133.0,2164.5,2147.482666015625,2693400,2203.955244140625,2179.945509440104,2175.963728841146,-11.826643761464766,-4.225696617493252,2285.5086233496263,2122.4018649316235,False,False
4543,2026-07-27,2188.0,2267.0,2177.5,2249.0,2231.318359375,4788800,2204.9275390625,2180.785519205729,2178.126590169271,-7.72845451754938,-4.926248197504478,2287.1800565507133,2122.6750215742863,True,False
4543,2026-07-28,2298.5,2330.5,2262.0,2289.0,2271.00390625,5281100,2206.693544921875,2181.6321435546874,2179.879366861979,-1.2637503219739301,-4.193748622398369,2292.5693498368073,2120.8177400069426,False,True
4543,2026-07-29,2325.0,2403.0,2298.5,2382.5,2363.768798828125,6546900,2214.174267578125,2183.9272900390624,2180.2696077473956,11.215638986454906,-1.111871100627714,2318.8403039176997,2109.5082312385507,False,False
4543,2026-07-30,2451.5,2458.5,2385.0,2415.5,2396.509521484375,4730200,2223.361474609375,2187.161661783854,2180.177010091146,23.476920292002433,3.805887177898316,2348.173719927093,2098.549229291657,False,False
4543,2026-07-31,2253.0,2350.0,2253.0,2324.0,2305.728759765625,5158600,2228.5404296875,2189.608933919271,2179.945509440104,25.574023852494065,8.159514512817466,2355.824617496404,2101.256241878596,False,False
4543,2026-08-03,2300.0,2317.0,2255.0,2311.5,2293.3271484375,3619300,2232.489140625,2191.956993815104,2180.785519205729,25.936309512145726,11.71487351268312,2361.431979071229,2103.546302178771,False,False
4543,2026-08-04,2330.0,2339.0,2280.5,2323.0,2304.736572265625,2875800,2235.505234375,2194.1727685546875,2181.6321435546874,26.83473454218347,14.738845718583189,2367.503061500506,2103.5074072494936,False,False
4543,2026-08-05,2299.5,2338.5,2283.0,2288.0,2270.01171875,4036400,2237.648251953125,2195.5088460286456,2183.9272900390624,24.462746071112633,16.683625789089078,2370.0770549193926,2105.2194489868575,False,False
4543,2026-08-06,2304.0,2327.0,2287.5,2312.0,2293.8232421875,4737000,2243.81935546875,2197.149181315104,2187.161661783854,24.225067559491436,18.191914143169548,2371.68686251579,2115.95184842171,False,False
4543,2026-08-07,2288.5,2376.5,2280.0,2373.0,2354.343505859375,4340100,2250.10951171875,2199.7684261067707,2189.608933919271,28.590610356866364,20.271653385908913,2383.514691279853,2116.704332157647,False,False
4543,2026-08-10,2500.0,2579.5,2455.5,2575.5,2555.25146484375,8398500,2262.70966796875,2204.6629736328123,2191.956993815104,47.711934229838334,25.7597095546948,2441.718558065395,2083.7007778721054,False,False
4543,2026-08-12,2625.5,2625.5,2563.0,2598.5,2578.070556640625,6704400,2274.81375,2210.6687158203126,2194.1727685546875,63.969629097247434,33.40169346320533,2492.4016629728744,2057.225837027125,False,False
4543,2026-08-13,2608.5,2636.0,2571.0,2620.5,2599.897705078125,5893400,2286.5805078125,2217.388797200521,2195.5088460286456,77.71933772516331,42.26522231559693,2538.664795140147,2034.496220484853,False,False
4543,2026-08-14,2634.0,2676.5,2580.0,2672.5,2651.48876953125,5922200,2302.295966796875,2225.5706266276043,2197.149181315104,91.72173751565788,52.15652535560912,2591.672238742204,2012.9196948515455,False,False
4543,2026-08-17,2685.0,2689.0,2612.5,2620.0,2599.401611328125,3448200,2317.872529296875,2233.03150390625,2199.7684261067707,97.49191575678606,61.22360343584451,2626.9489870953003,2008.7960714984504,False,False
4543,2026-08-18,2642.0,2650.0,2550.5,2578.0,2557.73193359375,5733700,2333.310205078125,2240.3468701171873,2204.6629736328123,97.57761483576223,68.49440571582807,2650.1157602872563,2016.5046498689937,False,False
4543,2026-08-19,2428.0,2480.5,2404.0,2472.0,2452.565185546875,9014900,2343.568916015625,2245.85654296875,2210.6687158203126,88.14339216357666,72.42420300537779,2658.541770688754,2028.596061342496,False,False
4543,2026-08-20,2557.0,2611.0,2534.5,2576.5,2556.24365234375,6932000,2357.200888671875,2253.522462565104,2217.388797200521,88.01807098638938,75.54297660158011,2678.2537163175193,2036.1480610262306,False,False
4543,2026-08-21,2526.5,2573.5,2526.5,2569.0,2548.802490234375,4562800,2372.6583984375,2261.1949951171873,2225.5706266276043,86.32323296150389,77.69902787356486,2691.906245586547,2053.4105512884535,False,False
4543,2026-08-24,2578.5,2645.5,2571.0,2595.5,2575.09423828125,3082000,2388.076220703125,2269.641396484375,2233.03150390625,86.10897528806572,79.38101735646504,2707.7109888142163,2068.4414525920333,False,False
4543,2026-08-25,2575.0,2627.5,2573.0,2596.5,2576.08642578125,3106200,2401.13275390625,2277.895984700521,2240.3468701171873,85.03895958622024,80.51260580241609,2723.7397573964017,2078.525750416098,False,False
4543,2026-08-26,2595.0,2619.0,2572.0,2572.0,2551.779052734375,3286000,2414.288505859375,2286.0315169270834,2245.85654296875,81.29247354159088,80.66857935025105,2733.5541088268483,2095.022902891902,False,False
4543,2026-08-27,2584.0,2588.0,2550.0,2560.0,2539.873291015625,2949800,2428.61498046875,2294.4779182942707,2253.522462565104,76.4810351240285,79.83107050500654,2736.800385951982,2120.4295749855182,False,False
4543,2026-08-28,2536.0,2579.0,2534.0,2539.0,2519.03857421875,3795800,2443.735166015625,2302.269510091146,2261.1949951171873,70.17778220198215,77.90041284440166,2730.335122635137,2157.135209396113,False,False
4543,2026-08-31,2522.5,2555.0,2511.5,2516.0,2496.21923828125,5581400,2457.68462890625,2310.0214143880207,2269.641396484375,62.619243487963104,74.84417897311396,2717.991045516006,2197.378212296494,False,False
4543,2026-09-01,2541.0,2553.5,2525.0,2544.5,2524.4951171875,2819800,2469.41169921875,2318.2561588541666,2277.895984700521,58.239327502401466,71.52320867897146,2713.7983730653746,2225.0250253721256,False,False
4543,2026-09-02,2531.5,2540.0,2450.5,2469.0,2449.5888671875,4819400,2476.55509765625,2320.769576822917,2286.0315169270834,48.16864600371446,66.85229614392006,2707.390754707561,2245.719440604939,False,False
4543,2026-09-03,2473.0,2488.5,2446.5,2467.5,2448.1005859375,3345100,2479.928369140625,2323.064723307292,2294.4779182942707,39.6108571970085,61.40400835453775,2706.498028030976,2253.358710250274,False,False
4543,2026-09-04,2446.0,2463.5,2420.5,2432.0,2412.879638671875,3436100,2480.583173828125,2324.2486751302085,2302.269510091146,29.644982911909665,55.052203266012135,2706.277630452746,2254.888717203504,False,False
4543,2026-09-07,2419.0,2428.0,2364.0,2373.5,2354.839599609375,4321600,2482.547607421875,2324.7976595052082,2310.0214143880207,16.869152559203485,47.41559312465041,2702.9121522291844,2262.1830626145656,False,False
4543,2026-09-08,2350.0,2360.5,2314.0,2326.5,2308.209228515625,3938300,2483.142890625,2323.911350911458,2318.2561588541666,2.9475561265658143,38.52198572503349,2701.5311533169065,2264.754627933093,False,False
4543,2026-09-09,2290.0,2307.5,2260.0,2268.0,2250.1689453125,5631200,2480.960185546875,2323.0250390625,2320.769576822917,-12.623262030611386,28.292936173904515,2707.3802898618073,2254.5400812319426,False,False
4543,2026-09-10,2218.0,2235.0,2200.0,2235.0,2217.428466796875,5919800,2478.85685546875,2321.7088020833335,2323.064723307292,-27.290542211633692,17.176240496796872,2713.889451997944,2243.824258939556,False,False
4543,2026-09-11,2194.5,2246.0,2194.5,2246.0,2228.342041015625,6580400,2476.237607421875,2319.7311393229165,2324.2486751302085,-37.6003991996954,6.220912557498417,2720.7291554651183,2231.746059378632,False,False
4543,2026-09-14,2268.0,2313.5,2250.5,2262.5,2244.71240234375,6110900,2471.85236328125,2317.9188346354167,2324.7976595052082,-43.9435301334006,-3.811975980681386,2728.5594246847263,2215.1453018777734,False,False
4543,2026-09-15,2259.5,2270.5,2242.5,2242.5,2224.86962890625,2588100,2458.63708984375,2315.822119140625,2323.911350911458,-49.99533794674926,-13.048648373894961,2730.3854133277478,2186.888766359752,False,False
4543,2026-09-16,2254.0,2273.0,2244.0,2244.0,2226.357666015625,2879300,2444.56857421875,2314.479423828125,2323.0250390625,-54.04833155877577,-21.248585010871125,2726.358849472615,2162.7782989648854,False,False
4543,2026-09-17,2278.5,2294.5,2252.0,2291.5,2273.484375,3177500,2431.512041015625,2315.048251953125,2321.7088020833335,-52.84842291350424,-27.568552591397747,2713.552274463121,2149.471807568129,False,False
4543,2026-09-18,2284.0,2290.5,2228.5,2238.0,2220.40478515625,6326500,2414.268681640625,2314.5058821614584,2319.7311393229165,-55.54033159305209,-33.16290839172862,2693.097664164075,2135.4396991171748,False,False
4543,2026-09-24,2237.5,2278.5,2230.0,2274.5,2256.617919921875,5366500,2400.557333984375,2314.486038411458,2317.9188346354167,-54.12764152771342,-37.35585501892558,2675.3050856392197,2125.8095823295303,False,False
4543,2026-09-25,2277.0,2303.0,2274.0,2296.5,2278.445068359375,5424500,2389.385859375,2314.7043098958334,2315.822119140625,-50.662796825921305,-40.01724338032473,2660.3477160341854,2118.424002715815,False,False
4543,2026-09-28,2282.5,2309.5,2273.5,2289.5,2271.5,5905500,2382.143251953125,2314.7704524739584,2314.479423828125,-47.924843645767396,-41.59876343341327,2655.6306887554965,2108.6558151507534,False,False
4543,2026-09-29,2296.0,2306.5,2253.0,2277.5,2277.5,4840400,2370.993505859375,2314.9232096354167,2315.048251953125,-44.754939089854815,-42.229998564701575,2637.8275225420584,2104.1594891766917,False,False
4543,2026-09-30,2273.0,2313.0,2251.0,2297.0,2297.0,6905000,2360.92140625,2315.0118684895833,2314.5058821614584,-40.20581228291621,-41.825161308344505,2619.0144986303126,2102.8283138696875,False,True
4543,2026-10-01,2310.0,2361.5,2281.5,2351.5,2351.5,6566900,2351.97763671875,2316.4158626302083,2314.486038411458,-31.835917351178978,-39.8273125169114,2594.809022719799,2109.146250717701,True,False
4543,2026-10-02,2287.5,2299.0,2243.5,2243.5,2243.5,6653200,2338.6741796875,2317.233095703125,2314.7043098958334,-33.53088950037409,-38.56802791360394,2566.941518316015,2110.406841058985,False,False
4543,2026-10-05,2277.0,2298.5,2264.0,2283.5,2283.5,5514000,2327.943017578125,2318.0875911458334,2314.7704524739584,-31.28585754318692,-37.11159383952054,2539.759511349815,2116.1265238064348,False,False
4543,2026-10-06,2315.0,2347.0,2285.0,2333.5,2333.5,5402400,2319.6880859375,2319.8336393229165,2314.9232096354167,-25.181791393900767,-34.725633350396585,2513.110633043213,2126.265538831787,True,False
6146,2026-04-09,65500.0,65870.0,64330.0,64600.0,64396.9375,2504700,66946.32265625,63908.47119791667,62736.42760416667,-1137.9734869718814,-1122.725605299563,72927.98637110466,60964.65894139535,False,False
6146,2026-04-10,65760.0,67090.0,65530.0,66890.0,66679.7421875,2150100,66772.27140625,64191.83119791667,62967.22572916667,-945.5268054236076,-1087.285845324372,72516.91508492481,61027.627727575185,False,True
6146,2026-04-13,66200.0,67390.0,66200.0,67370.0,67158.234375,1526300,66544.00921875,64503.378020833334,63205.52494791667,-745.8039396188542,-1018.9894641832685,71728.3459992277,61359.6724382723,False,False
6146,2026-04-14,70540.0,72450.0,69970.0,71630.0,71404.84375,2425900,66763.55015625,64864.409479166665,63395.9359375,-242.06585883599473,-863.6047431138138,72277.34648879679,61249.753823703206,False,False
6146,2026-04-15,72950.0,72950.0,70170.0,70580.0,70358.140625,2433000,66810.77796875,65178.31197916667,63662.02458333333,71.86162877263268,-676.5114687365245,72425.76671867089,61195.789218829115,False,False
6146,2026-04-16,71750.0,73050.0,70640.0,73030.0,72800.4375,2319700,66853.40390625,65529.800625,63908.47119791667,511.8243782805512,-438.84429933310935,72631.08964946712,61075.71816303287,False,False
6146,2026-04-17,72550.0,73530.0,72020.0,72900.0,72670.8515625,1807100,66935.64953125,65873.74630208334,64191.83119791667,840.3544419602113,-183.00455107444526,72977.65564180868,60893.64342069133,False,False
6146,2026-04-20,73400.0,75320.0,71800.0,72950.0,72720.6875,2600200,67084.51609375,66212.6734375,64503.378020833334,1092.148618581472,72.02608285673819,73494.71556131478,60674.316626185224,False,False
6146,2026-04-21,72000.0,74350.0,72000.0,74240.0,74006.6328125,1848000,67272.52921875,66553.5478125,64864.409479166665,1379.5596523322456,333.53279675183967,74188.16066665898,60356.897770841024,False,False
6146,2026-04-22,74500.0,75500.0,74180.0,74830.0,74594.78125,2794300,67585.96609375,66917.06635416667,65178.31197916667,1635.9355837343464,594.013354148341,75067.22471252474,60104.70747497527,False,False
6146,2026-04-23,76330.0,76350.0,71230.0,72000.0,71773.6796875,4570700,67654.52796875,67237.419375,65529.800625,1593.1116380096646,793.8330109206058,75255.66567934501,60053.39025815499,False,False
6146,2026-04-24,73030.0,74310.0,71090.0,71700.0,71474.6171875,2782200,67754.74109375,67515.06114583333,65873.74630208334,1517.5481575927843,938.5760402550416,75487.49231169512,60021.98987580487,False,False
6146,2026-04-27,73000.0,76250.0,72800.0,76030.0,75791.0078125,3125800,68197.3075,67809.28421875,66212.6734375,1785.3794617380481,1107.9367245516428,76436.1261264678,59958.48887353219,False,False
6146,2026-04-28,75100.0,78150.0,73600.0,76440.0,76199.71875,2920700,68652.65390625,68089.52885416667,66553.5478125,2007.476319410387,1287.8446435233918,77339.75294015028,59965.554872349705,False,False
6146,2026-04-30,74540.0,76060.0,72910.0,74010.0,73777.359375,2488500,68908.41515625,68338.53265625,66917.06635416667,1965.369960670374,1423.3497069527884,77804.9460121052,60011.88430039481,False,False
6146,2026-05-01,73860.0,74460.0,72200.0,72250.0,72022.890625,1636400,69113.42578125,68571.94114583333,67237.419375,1770.0256487154402,1492.6848953053188,78051.27858304796,60175.572979452045,False,False
6146,2026-05-07,76060.0,77800.0,75800.0,76590.0,76349.25,2502700,69529.55359375,68830.91880208334,67515.06114583333,1941.9295635801973,1582.5338289602946,78801.26051739267,60257.84667010732,False,False
6146,2026-05-08,75840.0,76340.0,74830.0,75000.0,74764.25,1519200,69958.20203125,69034.7971875,67809.28421875,1928.0431200858584,1651.6356871854075,79167.24098933497,60749.163073165015,False,False
6146,2026-05-11,74770.0,76010.0,73100.0,73380.0,73149.3359375,1577900,70442.27546875,69229.03807291666,68089.52885416667,1766.3663731021225,1674.5818243687506,78974.23457242706,61910.31636507294,False,False
6146,2026-05-12,73650.0,73730.0,71370.0,72800.0,72571.1640625,1262500,70805.92875,69395.74557291667,68338.53265625,1573.4450528373563,1654.3544700624718,78882.71022499586,62729.147275004165,False,False
6146,2026-05-13,71370.0,73010.0,70330.0,72840.0,72611.0390625,1272800,71175.56328125,69538.93109375,68571.94114583333,1407.5457842215255,1604.9927328942827,78683.07687847708,63668.049684022924,False,False
6146,2026-05-14,73500.0,73990.0,70000.0,70000.0,69779.9609375,1714400,71349.01625,69676.35229166667,68830.91880208334,1035.6863269387832,1491.1314517031828,78511.22627823253,64186.806221767474,False,False
6146,2026-05-15,71500.0,71520.0,64300.0,64900.0,64695.99609375,2544600,71266.07765625,69764.88666666667,69034.7971875,326.9823050427367,1258.3016223710936,78682.01949134129,63850.13582115871,False,False
6146,2026-05-18,65400.0,65450.0,62280.0,63500.0,63300.39453125,2108200,71291.5971875,69702.64994791667,69229.03807291666,-343.32646701304475,937.9760044942659,78592.43410339848,63990.76027160152,False,False
6146,2026-05-19,63500.0,63690.0,60650.0,61600.0,61406.3671875,1517000,71058.3328125,69623.35359375,69395.74557291667,-1015.675105395625,547.2457825162878,79187.92811085314,62928.73751414686,False,False
6146,2026-05-20,61200.0,62150.0,59650.0,61340.0,61147.1875,1743500,70928.3428125,69559.76515625,69538.93109375,-1551.5446392521117,127.4876981626079,79567.77498932624,62288.91063567377,False,False
6146,2026-05-21,63600.0,66660.0,63220.0,65650.0,65443.63671875,2084200,70878.89859375,69521.34708333333,69676.35229166667,-1610.9673319259746,-220.20330785510862,79628.47186341065,62129.32532408934,False,False
6146,2026-05-22,66700.0,66960.0,65090.0,65860.0,65652.9765625,1537500,70818.68828125,69465.235,69764.88666666667,-1622.4654958365427,-500.6557454513955,79689.72194649543,61947.65461600458,False,False
6146,2026-05-25,67240.0,70260.0,67180.0,69780.0,69560.65625,1374100,70744.92078125,69502.72447916666,69702.64994791667,-1301.260657779727,-660.7767279170619,79625.89608416519,61863.945478334805,True,False
6146,2026-05-26,70670.0,70670.0,66340.0,66910.0,66699.6796875,1270500,70598.58234375,69517.26635416667,69623.35359375,-1263.0013149115257,-781.2216453159547,79619.68886327391,61577.47582422607,False,False
6146,2026-05-27,68740.0,70550.0,67340.0,67630.0,67417.4140625,1531900,70383.26140625,69592.78947916666,69559.76515625,-1161.3777050870267,-857.2528572701691,79440.76530593549,61325.75750656452,False,False
6146,2026-05-28,66630.0,67630.0,64800.0,66350.0,66141.4375,1452600,70122.08484375,69590.24020833333,69521.34708333333,-1170.3102983289427,-919.8643454819238,79276.70795550104,60967.46173199895,False,False
6146,2026-05-29,65690.0,66520.0,63580.0,65090.0,64885.3984375,2123100,69808.67328125,69554.81989583334,69465.235,-1264.1687476115912,-988.7252259078574,79121.10802671507,60496.23853578493,False,False
6146,2026-06-01,64090.0,65090.0,63260.0,63760.0,63559.578125,1314400,69390.79109375,69540.974375,69502.72447916666,-1429.0615319770732,-1076.7924871217006,78848.66987101093,59932.91231648906,False,False
6146,2026-06-02,63070.0,64200.0,61530.0,64200.0,63998.1953125,1625200,68966.92765625,69524.65083333333,69517.26635416667,-1506.9760286226374,-1162.829195421888,78403.69628883514,59530.159023664855,False,False
6146,2026-06-03,65910.0,69970.0,65130.0,68710.0,68494.015625,1693800,68835.74109375,69483.29072916666,69592.78947916666,-1192.2056973207655,-1168.7044958016636,78203.72320198017,59467.75898551982,False,False
6146,2026-06-04,68160.0,72630.0,68080.0,72210.0,71983.015625,2278300,68856.07703125,69446.95145833334,69590.24020833333,-653.6795893512608,-1065.6995145115832,78249.05854771254,59463.09551478745,True,True
6146,2026-06-05,73160.0,74440.0,70440.0,72580.0,72351.8515625,2016700,68718.51078125,69449.09947916666,69554.81989583334,-194.88527510903077,-891.5366666310726,77796.6577186634,59640.363843836625,False,False
6146,2026-06-08,66580.0,68700.0,66440.0,67480.0,67267.8828125,1918000,68361.23734375,69380.42145833334,69540.974375,-238.76888617157238,-760.9831105391727,76921.8395651957,59800.635122304324,False,False
6146,2026-06-09,69430.0,72090.0,67750.0,71520.0,71295.1875,1774600,68261.95046875,69376.01385416667,69524.65083333333,50.83685101500305,-598.6191182283376,76624.26286219397,59899.63807530604,True,False
6146,2026-06-10,70020.0,73590.0,69320.0,70060.0,69839.7734375,1496600,68174.62578125,69359.33760416666,69483.29072916666,161.05518882766773,-446.68425681713654,76422.8342458349,59926.41731666509,False,False
6146,2026-06-11,68560.0,70760.0,66440.0,70030.0,69809.8671875,1639000,67913.05046875,69340.80875,69446.95145833334,243.1875168708939,-308.7099020795305,75495.60819243683,60330.49274506318,False,False
6146,2026-06-12,73750.0,80100.0,73310.0,79900.0,79648.84375,3648100,68108.43421875,69423.86177083333,69449.09947916666,1089.640462438998,-29.039829175824792,76585.98503379697,59630.883403703025,False,False
6146,2026-06-15,82650.0,86140.0,80450.0,85250.0,84982.03125,4361400,68581.74203125,69578.15604166666,69380.42145833334,2165.8377507053083,409.9356868004018,79186.55228611997,57976.93177638003,False,False
6146,2026-06-16,84610.0,85200.0,81210.0,81550.0,81293.65625,2029000,68930.64171875,69662.65458333334,69376.01385416667,2690.101007885969,865.9687510175153,80561.78270181244,57299.50073568757,False,False
6146,2026-06-17,80050.0,85390.0,80000.0,83700.0,83436.8984375,2169600,69363.67609375,69717.8421875,69359.33760416666,3241.1630390630016,1341.0076086266126,82249.13887121093,56478.213316289046,False,False
6146,2026-06-18,83500.0,85550.0,82440.0,84990.0,84722.84375,1984800,69961.39140625,69802.46697916667,69340.80875,3738.552996804967,1820.5166862622837,84185.42088785644,55737.361924643556,False,False
6146,2026-06-19,87540.0,89100.0,84800.0,84900.0,84633.125,2064700,70758.8765625,69933.07770833334,69423.86177083333,4078.484339801609,2272.110216970149,85917.52904257568,55600.22408242431,False,False
6146,2026-06-22,86030.0,89250.0,85630.0,88480.0,88201.875,1334300,71754.93578125,70119.069375,69578.15604166666,4583.0204707556695,2734.292267727253,88052.07932199052,55457.79224050947,False,False
6146,2026-06-23,90970.0,91680.0,82870.0,82870.0,82609.5078125,1904200,72603.06140625,70255.3428125,69662.65458333334,4479.969396337838,3083.42769344937,88864.55694667004,56341.56586582994,False,False
6146,2026-06-24,82120.0,83400.0,77830.0,79740.0,79489.3515625,1804400,73336.74796875,70403.80447916666,69717.8421875,4099.276239499508,3286.597402659398,89112.44080769547,57561.05512980453,False,False
6146,2026-06-25,83940.0,86880.0,83650.0,85970.0,85699.765625,1774600,74146.993125,70599.38770833334,69802.46697916667,4249.714617452395,3479.220845617998,90294.23362466643,57999.752625333545,False,False
6146,2026-06-26,82970.0,84220.0,78180.0,78510.0,78263.2109375,1648500,74651.4025,70671.36666666667,69933.07770833334,3725.920213512887,3528.5607191969757,90490.68435108982,58812.120648910175,False,False
6146,2026-06-29,79590.0,79590.0,75330.0,79550.0,79299.9453125,1142500,75040.9740625,70849.815,70119.069375,3355.781810557295,3494.0049374690398,90839.28745389308,59242.660671106925,False,False
6146,2026-06-30,81820.0,83870.0,79810.0,81260.0,81004.5703125,1308100,75613.1696875,71007.51,70255.3428125,3163.526289033005,3427.9092077818327,91196.33498922257,60030.00438577744,False,False
6146,2026-07-01,85340.0,88580.0,83720.0,84520.0,84254.3203125,1755600,76286.6459375,71174.43708333334,70403.80447916666,3236.0864782771387,3389.544661880894,91850.08423374509,60723.2076412549,False,False
6146,2026-07-02,78800.0,80390.0,76770.0,76860.0,76618.3984375,1368500,76705.724375,71254.48625,70599.38770833334,2646.9237820635462,3241.0204859174246,91707.97998976901,61703.468760231,False,False
6146,2026-07-03,74000.0,76910.0,72750.0,76590.0,76349.25,1572400,77164.2784375,71352.48927083334,70671.36666666667,2133.6941728413512,3019.55522330221,91373.1383921809,62955.41848281911,False,False
6146,2026-07-06,78000.0,78830.0,75230.0,78000.0,77754.8203125,1409400,77732.088125,71465.13614583333,70849.815,1819.400866637734,2779.524351969315,90810.45992369762,64653.716326302376,False,False
6146,2026-07-07,75600.0,76900.0,71600.0,71900.0,71673.9921875,1745600,78039.12,71530.67125,71007.51,1067.345453040747,2437.0885721836016,90137.03919928131,65941.20080071868,False,False
6146,2026-07-08,68900.0,71710.0,68030.0,68230.0,68015.53125,1732600,78019.980625,71503.4165625,71174.43708333334,174.12172996002482,1984.4952037388864,90179.59878979262,65860.36246020737,False,False
6146,2026-07-09,70140.0,72340.0,69230.0,71510.0,71285.21875,1420100,77992.06875,71534.295625,71254.48625,-266.85194743896136,1534.225773503317,90210.05258526381,65774.0849147362,False,False
6146,2026-07-10,72890.0,73770.0,71620.0,72560.0,72331.9140625,1346000,77991.27125,71635.69651041667,71352.48927083334,-525.8060350314627,1122.219411796361,90210.73010221698,65771.81239778303,True,False
6146,2026-07-13,71710.0,74930.0,70330.0,70870.0,70647.2265625,1183300,78126.445,71713.44541666667,71465.13614583333,-857.0892257659434,726.3576842839002,89936.31867065142,66316.57132934859,False,False
6146,2026-07-14,70030.0,71710.0,68730.0,71650.0,71424.78125,1109100,78131.62875,71767.33145833333,71530.67125,-1044.8470300363697,372.1167414198462,89929.6117771776,66333.6457228224,False,False
6146,2026-07-15,72150.0,74240.0,71480.0,73550.0,73318.8046875,1136100,78270.79,71852.9471875,71503.4165625,-1028.9534454330278,91.90270404927142,89752.09157451094,66789.48842548905,True,False
6146,2026-07-16,71060.0,71280.0,68280.0,70590.0,70368.109375,1463600,78293.1196875,71911.90791666666,71534.295625,-1240.1583434454224,-174.50950544966736,89710.50620020766,66875.73317479235,False,False
6146,2026-07-17,65680.0,66590.0,62260.0,64780.0,64576.37109375,1766400,77690.22078125,71918.95234375,71635.69651041667,-1853.518415965722,-510.3112875528783,90288.33806503528,65092.10349746472,False,False
6146,2026-07-21,64790.0,67130.0,63000.0,66840.0,66629.8984375,1686400,76956.13546875,71993.38432291667,71713.44541666667,-2149.134315265488,-838.0758930954003,89903.05290038501,64009.218037114995,False,False
6146,2026-07-22,68840.0,72050.0,67520.0,68590.0,68374.3984375,2309800,76439.36515625,72058.64520833333,71767.33145833333,-2217.088261266559,-1113.878366729632,89680.49821159574,63198.232100904264,False,False
6146,2026-07-23,70250.0,72080.0,69260.0,69410.0,69191.8203125,1869000,75869.56203125,72136.26713541667,71852.9471875,-2179.8551262387045,-1327.0737186314466,89083.1433649659,62655.98069753409,False,False
6146,2026-07-24,62800.0,63020.0,59420.0,60890.0,60698.6015625,4862000,74908.59234375,72073.0,71911.90791666666,-2803.363936387963,-1622.33176218275,88879.60776132085,60937.576926179165,False,False
6146,2026-07-27,61640.0,63100.0,60110.0,62650.0,62453.06640625,1849700,74021.39,72015.44807291667,71918.95234375,-3119.963513084527,-1921.8581123631056,88224.64787847783,59818.13212152217,False,False
6146,2026-07-28,57000.0,57300.0,54870.0,54900.0,54727.4296875,2110800,72682.4121875,71909.64838541667,71993.38432291667,-3948.746583352957,-2327.235806561076,87580.34519801827,57784.47917698172,False,False
6146,2026-07-29,54030.0,56010.0,50200.0,51320.0,51158.68359375,2650500,71424.37921875,71695.2578125,72058.64520833333,-4837.764385676055,-2829.341522384072,87976.52731465483,54872.23112284516,False,False
6146,2026-07-30,50590.0,53590.0,49400.0,51870.0,51706.953125,2480800,70313.08328125,71526.05802083333,72136.26713541667,-5435.42048602119,-3350.557315111496,88224.83891834703,52401.327644152974,False,False
6146,2026-07-31,59870.0,60990.0,57430.0,58480.0,58296.17578125,4260400,69216.9396875,71414.27713541666,72073.0,-5316.091458317009,-3743.6641437525986,86573.48999166975,51860.38938333024,False,False
6146,2026-08-03,58000.0,61600.0,57840.0,60520.0,60329.76171875,2512700,68499.60171875,71323.23083333333,72015.44807291667,-4999.794436374206,-3994.8902022769203,85783.55522512924,51215.648212370754,False,False
6146,2026-08-04,60580.0,61560.0,58770.0,60890.0,60698.6015625,1719000,67755.54796875,71180.4809375,71909.64838541667,-4665.582543483135,-4129.028670518163,84714.14148207783,50796.95445542218,False,False
6146,2026-08-05,63890.0,64480.0,62440.0,63740.0,63539.640625,1514500,67056.95078125,71089.56760416667,71695.2578125,-4123.930992289461,-4128.009134872424,83193.8559025952,50920.04565990479,False,True
6146,2026-08-06,61800.0,63000.0,60700.0,61590.0,61396.3984375,1569200,66142.63390625,70937.51375,71526.05802083333,-3823.534641014776,-4067.1142361008942,80800.82543693935,51484.442375560655,False,False
6146,2026-08-07,61490.0,61700.0,57520.0,58440.0,58256.30078125,1752700,65408.15,70745.31973958333,71414.27713541666,-3795.100450731021,-4012.7114790269197,79729.36257922306,51086.93742077695,False,False
6146,2026-08-10,60020.0,63230.0,60020.0,62980.0,62782.03125,1676600,64865.46125,70612.80432291667,71323.23083333333,-3368.5470112553594,-3883.878585472608,78498.850348036,51232.07215196401,False,False
6146,2026-08-12,62200.0,63230.0,61240.0,62960.0,62762.09375,1496600,64265.7521875,70462.87713541667,71180.4809375,-2997.5551767800644,-3706.6139037340995,76857.68877039103,51673.81560460897,False,False
6146,2026-08-13,65400.0,67230.0,64960.0,65830.0,65623.0703125,1621200,64023.7153125,70343.25432291666,71089.56760416667,-2444.5058350768522,-3454.19229000265,76264.47453434922,51782.95609065077,False,False
6146,2026-08-14,68120.0,68120.0,64730.0,65470.0,65264.203125,1247000,63913.6621875,70256.46130208333,70937.51375,-2011.9750343398482,-3165.74883887009,76057.9783086923,51769.346066307706,False,False
6146,2026-08-17,65310.0,66010.0,64330.0,65910.0,65702.8203125,833300,63690.36625,70179.50401041667,70745.31973958333,-1615.179730664524,-2855.635017228977,75484.54991193158,51896.18258806842,False,False
6146,2026-08-18,65820.0,65820.0,61770.0,62350.0,62154.01171875,1108800,63283.25015625,69997.67739583334,70612.80432291667,-1568.9894548572047,-2598.305904754623,74546.87479755476,52019.62551494523,False,False
6146,2026-08-19,59350.0,61580.0,58620.0,59760.0,59572.15234375,1468100,62840.2471875,69775.97651041667,70462.87713541667,-1720.8805626451212,-2422.820836332723,73776.9418112364,51903.5525637636,False,False
6146,2026-08-20,59170.0,60360.0,58900.0,60320.0,60130.390625,1220200,62388.4715625,69594.01692708333,70343.25432291666,-1775.7405641154764,-2293.404781889274,72789.37248667693,51987.57063832308,False,False
6146,2026-08-21,59320.0,61360.0,59140.0,61360.0,61167.12109375,1012100,61902.40421875,69449.27333333333,70256.46130208333,-1715.7835413886642,-2177.880533789152,71302.23488440302,52502.57355309698,False,False
6146,2026-08-24,62360.0,62980.0,60280.0,61420.0,61226.93359375,1056200,61536.7571875,69247.64244791666,70179.50401041667,-1644.484209720773,-2071.2012689754765,70279.07501635591,52794.439358644086,False,False
6146,2026-08-25,60120.0,61000.0,58750.0,60700.0,60509.19921875,1950100,61374.0703125,69057.57510416667,69997.67739583334,-1627.1375130040979,-1982.3885177812008,70035.06982597157,52713.070799028435,False,False
6146,2026-08-26,59780.0,60920.0,58150.0,60610.0,60419.48046875,1587400,61125.65359375,68887.84369791667,69775.97651041667,-1602.1609698442626,-1906.3430081938131,69521.60923359092,52729.697953909075,False,False
6146,2026-08-27,61500.0,61880.0,58880.0,59780.0,59592.08984375,1293800,60774.36125,68714.789375,69594.01692708333,-1630.3368793931804,-1851.1417824336868,68646.31452841514,52902.407971584864,False,False
6146,2026-08-28,60070.0,61270.0,59230.0,59350.0,59163.44140625,976900,60373.22609375,68535.48807291666,69449.27333333333,-1668.0268618956761,-1814.5187983260848,67472.70791083299,53273.744276667014,False,False
6146,2026-08-31,56350.0,58430.0,55900.0,58120.0,57937.30859375,1654400,60262.774375,68377.58604166667,69247.64244791666,-1776.358361868908,-1806.8867110346496,67424.21946113837,53101.329288861634,False,False
6146,2026-09-01,56560.0,57160.0,55900.0,56590.0,56412.1171875,1173700,60021.13640625,68267.13432291667,69057.57510416667,-1962.6577590773522,-1838.0409206431902,67277.68993702251,52764.582875477485,False,False
6146,2026-09-02,54590.0,55920.0,54310.0,55170.0,54996.58203125,1475900,60031.9025,68156.41682291667,68887.84369791667,-2199.172538481944,-1910.267244210941,67257.741969901,52806.06303009899,False,False
6146,2026-09-03,54620.0,55040.0,53660.0,54040.0,53870.1328125,1560000,60140.36046875,68055.93369791667,68714.789375,-2449.2735422065525,-2018.0685038100635,66896.32422151005,53384.39671598995,False,False
6146,2026-09-04,54000.0,55100.0,53740.0,54460.0,54288.8125,1291800,60243.63484375,67964.48869791666,68535.48807291666,-2583.9107234186304,-2131.236947731777,66544.3732540695,53942.89643343049,False,False
6146,2026-09-07,56530.0,57710.0,56310.0,57150.0,56970.35546875,1135600,60190.60203125,67851.51161458333,68377.58604166667,-2446.037158788,-2194.1969899430214,66577.7403865026,53803.463675997395,False,False
6146,2026-09-08,56720.0,57270.0,53890.0,53890.0,53720.60546875,1419500,59926.23578125,67692.41333333333,68267.13432291667,-2569.380808621121,-2269.2337536786417,66797.23401502975,53055.237547470235,False,False
6146,2026-09-09,54650.0,56010.0,53160.0,53590.0,53421.546875,1491800,59635.15359375,67477.22520833333,68156.41682291667,-2660.5934043322995,-2347.5056838093733,66952.66751500856,52317.63967249144,False,False
6146,2026-09-10,53420.0,54590.0,52930.0,53580.0,53411.578125,1624800,59230.03109375,67300.05052083333,68055.93369791667,-2702.5313393842735,-2418.5108149243533,66756.48926807559,51703.57291942443,False,False
6146,2026-09-11,51580.0,52150.0,50650.0,51980.0,51816.609375,1430800,58846.83953125,67092.03979166667,67964.48869791666,-2831.824592323741,-2501.173570404231,66853.25804476168,50840.42101773832,False,False
6146,2026-09-14,50200.0,51910.0,49620.0,51430.0,51268.3359375,1177200,58567.3209375,66893.73177083333,67851.51161458333,-2944.588132036173,-2589.85648273062,67106.86493875273,50027.77693624727,False,False
6146,2026-09-15,50160.0,51880.0,50150.0,51400.0,51238.4296875,992600,58105.576875,66711.7721875,67692.41333333333,-3001.764758511308,-2672.2381378867576,66927.30004352443,49283.85370647556,False,False
6146,2026-09-16,50750.0,51300.0,49780.0,51000.0,50839.6875,1348900,57628.680625,66542.17364583333,67477.22520833333,-3044.1616089290255,-2746.6228320952114,66678.02752792274,48579.33372207727,False,False
6146,2026-09-17,51760.0,51800.0,49800.0,50590.0,50430.9765625,1400300,57020.996875,66361.27739583333,67300.05052083333,-3075.290935650264,-2812.356452806222,65879.72305751048,48162.27069248952,False,False
6146,2026-09-18,52100.0,52560.0,51330.0,52420.0,52255.22265625,1444700,56500.63765625,66144.76015625,67092.03979166667,-2919.110053829012,-2833.7071730107805,64876.54832019541,48124.72699230459,False,False
6146,2026-09-24,54000.0,54000.0,52450.0,53320.0,53152.39453125,1380500,55998.620625,65893.68520833334,66893.73177083333,-2691.9106372587485,-2805.3478658603744,63574.41666722248,48422.824582777524,False,True
6146,2026-09-25,53430.0,54860.0,53430.0,54220.0,54049.56640625,1120200,55674.4428125,65649.65473958333,66711.7721875,-2411.6590856751063,-2726.610109823321,62852.04103960789,48496.84458539211,False,False
6146,2026-09-28,56390.0,56700.0,54380.0,54400.0,54229.0,1422500,55460.71671875,65475.80296875,66542.17364583333,-2150.2916963497555,-2611.3464271286084,62477.7493815397,48443.6840559603,False,False
6146,2026-09-29,56000.0,56750.0,55310.0,56680.0,56680.0,2123100,55322.70109375,65280.93380208333,66361.27739583333,-1725.4905600253333,-2434.1752537079537,62098.50227976165,48546.899907738356,False,False
6146,2026-09-30,58340.0,58630.0,56780.0,57450.0,57450.0,2047000,55174.01625,65115.73682291667,66144.76015625,-1311.5809454118935,-2209.6563920487415,61583.53712611346,48764.495373886544,False,False
6146,2026-10-01,59220.0,60550.0,58620.0,60440.0,60440.0,1867100,55142.53890625,64990.805260416666,65893.68520833334,-733.8274758952393,-1914.490608818041,61439.58891448839,48845.488898011616,False,False
6146,2026-10-02,60000.0,61100.0,59630.0,60290.0,60290.0,1582400,55133.7709375,64732.68734375,65649.65473958333,-284.7747293976354,-1588.54743293396,61401.44844559311,48866.09342940689,False,False
6146,2026-10-05,62290.0,64080.0,61840.0,63730.0,63730.0,2180200,55266.19171875,64449.32692708333,65475.80296875,344.7084734639866,-1201.8962516543709,62090.169217806135,48442.214219693866,False,False
6146,2026-10-06,63080.0,65500.0,62730.0,65500.0,65500.0,1796000,55502.508125,64238.74484375,65280.93380208333,975.1615985155295,-766.4846816203908,63255.319041570394,47749.69720842961,True,False
6723,2026-04-09,2607.0,2609.0,2531.0,2595.0,2595.0,10659700,2433.88,2500.249466145833,2480.4563541666666,-46.837704924520494,-82.02037556988671,2714.266202228277,2153.493797771723,False,False
6723,2026-04-10,2615.0,2687.5,2607.5,2656.5,2656.5,9182200,2435.2,2508.032008463542,2481.9211002604166,-23.761981945992375,-70.36869684510785,2719.428921821823,2150.9710781781764,False,False
6723,2026-04-13,2600.0,2625.0,2531.0,2531.0,2531.0,10348800,2432.02,2515.2598779296877,2484.3167838541667,-15.423316000467821,-59.37962067617985,2710.0438090523835,2153.9961909476165,False,False
6723,2026-04-14,2616.0,2733.5,2612.0,2732.5,2732.5,14149500,2445.32,2524.8782975260415,2486.2887174479165,7.3596651933244175,-46.03176350227899,2746.769415988813,2143.8705840111875,False,False
6723,2026-04-15,2800.0,2800.0,2653.0,2671.5,2671.5,9776500,2450.2,2532.3475748697915,2492.6486295572918,20.25961153953449,-32.7734884939163,2762.009428978657,2138.3905710213426,False,False
6723,2026-04-16,2712.5,2807.0,2697.0,2765.5,2765.5,8246900,2454.9,2541.0833463541667,2500.249466145833,37.63410384451936,-18.691970026229168,2781.6767433585146,2128.1232566414856,False,False
6723,2026-04-17,2760.0,2898.0,2730.0,2795.0,2795.0,15007700,2462.8,2550.515146484375,2508.032008463542,53.17099549264685,-4.319376922453962,2811.7795409475984,2113.820459052402,False,False
6723,2026-04-20,2848.5,2981.0,2840.0,2972.5,2972.5,17624900,2483.24,2561.826666666667,2515.2598779296877,78.89738073841454,12.323974609719738,2885.337413072997,2081.1425869270024,False,False
6723,2026-04-21,2963.5,3093.0,2933.0,3079.0,3079.0,16565000,2507.42,2574.42,2524.8782975260415,106.64999162055847,31.189178011887485,2972.307313657833,2042.5326863421667,False,False
6723,2026-04-22,3148.0,3179.0,3043.0,3093.0,3093.0,14210900,2531.82,2587.153333333333,2532.3475748697915,128.29491477186093,50.61032536388218,3049.997566476972,2013.642433523028,False,False
6723,2026-04-23,3260.0,3365.0,3213.0,3300.0,3300.0,30747700,2560.5,2602.62,2541.0833463541667,160.30395809813126,72.549051910732,3159.845309483604,1961.154690516396,False,False
6723,2026-04-24,3354.0,3362.0,3046.0,3141.0,3141.0,33685800,2585.92,2614.8333333333335,2550.515146484375,170.871681979419,92.2135779244694,3226.2815653675643,1945.5584346324358,False,False
6723,2026-04-27,3217.0,3250.0,2975.5,3124.0,3124.0,27511900,2619.84,2625.82,2561.826666666667,175.84785673564784,108.94043368670509,3280.4589655164295,1959.2210344835707,False,False
6723,2026-04-28,2949.0,3042.0,2913.0,2913.0,2913.0,19974900,2641.12,2633.3333333333335,2574.42,160.910696140264,119.33448617741688,3303.8641304153493,1978.3758695846504,False,False
6723,2026-04-30,3151.0,3247.0,3094.0,3212.0,3212.0,26404400,2672.64,2645.7533333333336,2587.153333333333,171.22590426478882,129.71276979489127,3365.3576925703555,1979.9223074296442,False,False
6723,2026-05-01,3216.0,3318.0,3177.0,3205.0,3205.0,13729300,2705.26,2656.7533333333336,2602.62,176.79792311716847,139.1298004593467,3418.085202696985,1992.434797303015,False,False
6723,2026-05-07,3415.0,3660.0,3408.0,3623.0,3623.0,33631800,2756.0,2672.7933333333335,2614.8333333333335,212.49340315117297,153.80252099771198,3538.876644178378,1973.1233558216222,False,False
6723,2026-05-08,3483.0,3572.0,3465.0,3530.0,3530.0,21702800,2807.42,2687.7266666666665,2625.82,230.61956667466802,169.1659301331032,3617.5500972066143,1997.2899027933859,False,False
6723,2026-05-11,3390.0,3548.0,3388.0,3500.0,3500.0,18399000,2861.36,2703.0733333333333,2633.3333333333335,239.79967123951837,183.29267835438623,3669.1857495277054,2053.534250472295,False,False
6723,2026-05-12,3620.0,3872.0,3604.0,3750.0,3750.0,31623700,2918.42,2722.0333333333333,2645.7533333333336,264.20232101266856,199.47460688604272,3766.7248357754415,2070.1151642245586,False,False
6723,2026-05-13,3617.0,3675.0,3560.0,3575.0,3575.0,14465100,2969.96,2738.733333333333,2656.7533333333336,266.3502395413457,212.84973341710332,3814.992255952398,2124.927744047602,False,False
6723,2026-05-14,4065.0,4183.0,3827.0,3854.0,3854.0,28673600,3033.26,2758.7066666666665,2672.7933333333335,287.2541615847099,227.73061905062465,3896.4174651244116,2170.102534875589,False,False
6723,2026-05-15,3890.0,4010.0,3606.0,3647.0,3647.0,19071900,3087.56,2775.2533333333336,2687.7266666666665,283.84550607356005,238.95359645521174,3927.206655206819,2247.913344793181,False,False
6723,2026-05-18,3636.0,3752.0,3610.0,3700.0,3700.0,13901300,3143.06,2791.02,2703.0733333333333,282.1681206323624,247.59650129064187,3953.3586274207796,2332.7613725792203,False,False
6723,2026-05-19,3612.0,3655.0,3463.0,3509.0,3509.0,12947900,3178.98,2804.2933333333335,2722.0333333333333,262.40187140484386,250.5575753134823,3971.163538329344,2386.796461670656,False,False
6723,2026-05-20,3539.0,3544.0,3382.0,3500.0,3500.0,11620200,3215.18,2819.56,2738.733333333333,243.20721037012345,249.08750232481054,3979.533576821617,2450.826423178383,False,False
6723,2026-05-21,3690.0,3895.0,3660.0,3785.0,3785.0,19001600,3260.32,2838.16,2758.7066666666665,248.13210887146624,248.89642363414168,4020.6471338049173,2499.992866195083,False,False
6723,2026-05-22,3904.0,4055.0,3875.0,4044.0,4044.0,17949000,3320.84,2857.56,2775.2533333333336,269.8238999038972,253.0819188880928,4080.1858616467207,2561.4941383532796,False,True
6723,2026-05-25,4219.0,4440.0,4176.0,4297.0,4297.0,21782700,3383.42,2879.86,2791.02,303.92631282213915,263.25079767490206,4194.604451527519,2572.2355484724817,False,False
6723,2026-05-26,4356.0,4640.0,4305.0,4589.0,4589.0,23059700,3460.12,2906.7,2804.2933333333335,350.4746270706519,280.69556355405206,4346.6545692075415,2573.5854307924583,False,False
6723,2026-05-27,4634.0,4689.0,4474.0,4474.0,4474.0,21999500,3528.46,2933.64,2819.56,373.7763020280836,299.3117112488584,4452.870641219583,2604.0493587804167,False,False
6723,2026-05-28,4333.0,4352.0,4116.0,4306.0,4306.0,21537400,3588.9,2956.4933333333333,2838.16,374.37133167247475,314.32363533358165,4511.168854510441,2666.631145489559,False,False
6723,2026-05-29,4500.0,4684.0,4432.0,4500.0,4500.0,23491100,3650.0,2982.173333333333,2857.56,386.04696650300957,328.66830156746727,4602.7180485327235,2697.2819514672765,False,False
6723,2026-06-01,4413.0,4524.0,4370.0,4417.0,4417.0,13621100,3703.52,3004.18,2879.86,384.17406539869353,339.76945433371253,4672.113722052751,2734.926277947249,False,False
6723,2026-06-02,4352.0,4473.0,4240.0,4455.0,4455.0,17662600,3758.0,3024.1466666666665,2906.7,381.35997974262045,348.0875594154941,4736.273744920102,2779.726255079898,False,False
6723,2026-06-03,4840.0,4985.0,4746.0,4824.0,4824.0,22562300,3818.96,3047.0933333333332,2933.64,404.24512653922784,359.3190728402409,4863.186868836462,2774.733131163538,False,False
6723,2026-06-04,4754.0,4912.0,4737.0,4838.0,4838.0,17895400,3886.84,3071.8333333333335,2956.4933333333333,418.6851119036446,371.1922806529217,4966.001256532128,2807.6787434678727,False,False
6723,2026-06-05,4698.0,4719.0,4429.0,4568.0,4568.0,12870200,3944.6,3092.54,2982.173333333333,403.68868890535396,377.69156230340815,5008.730067238023,2880.4699327619765,False,False
6723,2026-06-08,4008.0,4198.0,3995.0,4139.0,4139.0,23199500,3993.64,3108.5266666666666,3004.18,353.11669152600507,372.77658814792755,4972.684412475757,3014.5955875242425,False,False
6723,2026-06-09,4349.0,4439.0,4182.0,4395.0,4395.0,18519900,4040.96,3128.3,3024.1466666666665,329.8922868381851,364.1997278859791,4977.758715626789,3104.1612843732114,False,False
6723,2026-06-10,4325.0,4409.0,4195.0,4308.0,4308.0,18059400,4085.08,3145.9466666666667,3047.0933333333332,300.9969009792012,351.55916250462354,4962.23593505374,3207.92406494626,False,False
6723,2026-06-11,4093.0,4345.0,3962.0,4262.0,4262.0,15459800,4110.64,3163.2933333333335,3071.8333333333335,271.2583861212606,335.499007227951,4969.496519798273,3251.7834802017273,False,False
6723,2026-06-12,4500.0,4577.0,4351.0,4355.0,4355.0,14713100,4143.64,3181.38,3092.54,252.28651965283007,318.8565097129268,4973.63371178341,3313.6462882165906,False,False
6723,2026-06-15,4495.0,4509.0,4388.0,4488.0,4488.0,13043300,4183.16,3202.4466666666667,3108.5266666666666,245.15714826414205,304.1166374231699,4980.237196763275,3386.0828032367244,False,False
6723,2026-06-16,4480.0,4523.0,4300.0,4484.0,4484.0,14590900,4212.52,3224.38,3128.3,236.45855645517986,290.5850212295719,4997.596020777608,3427.4439792223934,False,False
6723,2026-06-17,4367.0,4477.0,4317.0,4477.0,4477.0,11507200,4248.6,3244.7533333333336,3145.9466666666667,226.39033146006477,277.7460832756705,4995.125391396704,3502.074608603297,False,False
6723,2026-06-18,4485.0,4718.0,4437.0,4550.0,4550.0,14040900,4276.44,3266.6666666666665,3163.2933333333335,221.74553601990283,266.545973824517,5013.882299844538,3538.997700155461,False,False
6723,2026-06-19,4754.0,4884.0,4703.0,4734.0,4734.0,21289900,4319.92,3290.2,3181.38,230.25749929590165,259.28827891879394,5031.513798736331,3608.3262012636687,False,False
6723,2026-06-22,4723.0,5096.0,4721.0,5041.0,5041.0,15953100,4373.56,3318.766666666667,3202.4466666666667,258.7924277965176,259.18910869433864,5092.282217271738,3654.837782728263,False,False
6723,2026-06-23,5041.0,5284.0,4745.0,4754.0,4754.0,20794000,4423.36,3345.806666666667,3224.38,255.30506490900552,258.41229993727205,5063.832295731831,3782.887704268168,False,False
6723,2026-06-24,4684.0,4811.0,4534.0,4703.0,4703.0,16565900,4471.48,3373.5133333333333,3244.7533333333336,245.5949650409093,255.84883295799952,4997.825322388261,3945.134677611738,False,False
6723,2026-06-25,4773.0,4923.0,4677.0,4844.0,4844.0,19719500,4513.84,3403.12,3266.6666666666665,246.4363971665789,253.9663457997154,4979.3123811355545,4048.367618864446,False,False
6723,2026-06-26,4944.0,5259.0,4800.0,4800.0,4800.0,31839500,4544.08,3432.3133333333335,3290.2,240.77727536000475,251.3285317117733,4980.87374354494,4107.28625645506,False,False
6723,2026-06-29,4870.0,4945.0,4621.0,4810.0,4810.0,14200300,4564.6,3464.4466666666667,3318.766666666667,234.39731069263144,247.94228750794494,5001.235866598248,4127.964133401752,False,False
6723,2026-06-30,4880.0,4952.0,4736.0,4807.0,4807.0,14499000,4573.32,3494.5466666666666,3345.806666666667,226.4882522131511,243.65148044898618,5020.145145219025,4126.4948547809745,False,False
6723,2026-07-01,5117.0,5195.0,4955.0,5123.0,5123.0,15321100,4599.28,3527.5466666666666,3373.5133333333333,242.91861092907675,243.5049065450043,5092.962495537367,4105.597504462632,False,False
6723,2026-07-02,4816.0,5014.0,4747.0,4842.0,4842.0,14915000,4620.72,3557.4733333333334,3403.12,230.60714142241977,240.92535352048742,5108.108639998926,4133.331360001074,False,False
6723,2026-07-03,4585.0,4841.0,4457.0,4820.0,4820.0,12933200,4633.52,3588.92,3432.3133333333335,216.57841583831578,236.0559659840531,5124.350519018533,4142.689480981468,False,False
6723,2026-07-06,4867.0,4919.0,4621.0,4710.0,4710.0,11492400,4645.24,3618.7266666666665,3464.4466666666667,194.3441902001914,227.71361082728077,5128.768788801662,4161.711211198338,False,False
6723,2026-07-07,4670.0,4998.0,4652.0,4744.0,4744.0,24567900,4656.8,3648.8733333333334,3494.5466666666666,177.4217149543656,217.65523165269775,5135.376556049294,4178.2234439507065,False,False
6723,2026-07-08,4534.0,4839.0,4468.0,4662.0,4662.0,16968400,4650.32,3676.5933333333332,3527.5466666666666,155.60015497596214,205.24421631735063,5124.027663438119,4176.6123365618805,False,False
6723,2026-07-09,4845.0,4979.0,4761.0,4817.0,4817.0,15820900,4649.48,3707.4133333333334,3557.4733333333334,149.094942400563,194.01436153399314,5121.926270384265,4177.033729615734,False,False
6723,2026-07-10,4922.0,4999.0,4742.0,4762.0,4762.0,13112800,4657.24,3740.56,3588.92,137.91171383122673,182.79383199343988,5130.450407324271,4184.029592675729,False,False
6723,2026-07-13,4704.0,4835.0,4381.0,4469.0,4469.0,12573200,4670.44,3768.4,3618.7266666666665,104.2050622303941,167.07607804083074,5101.634834848473,4239.245165151527,False,False
6723,2026-07-14,4462.0,4468.0,4273.0,4381.0,4381.0,12785500,4669.88,3794.4933333333333,3648.8733333333334,69.58925186244505,147.5787128051536,5102.538135714564,4237.221864285436,False,False
6723,2026-07-15,4343.0,4480.0,4320.0,4459.0,4459.0,11294000,4675.92,3822.0866666666666,3676.5933333333332,47.897785028723774,127.64252724986764,5092.104159237233,4259.735840762767,False,False
6723,2026-07-16,4249.0,4311.0,4136.0,4139.0,4139.0,13442400,4671.0,3845.88,3707.4133333333334,4.830136825338741,103.08004916496186,5108.978264300869,4233.021735699131,False,False
6723,2026-07-17,3971.0,3977.0,3691.0,3822.0,3822.0,19272400,4649.68,3866.9133333333334,3740.56,-54.255116175323565,71.61301609690479,5187.600059488399,4111.759940511602,False,False
6723,2026-07-21,3892.0,4080.0,3813.0,4035.0,4035.0,16862500,4631.56,3892.0266666666666,3768.4,-82.93723614820283,40.70296564788327,5218.3437980040035,4044.776201995998,True,False
6723,2026-07-22,4455.0,4460.0,4175.0,4175.0,4175.0,14565400,4619.2,3916.713333333333,3794.4933333333333,-93.29573770931165,13.903224976444285,5230.405235579672,4007.9947644203276,False,False
6723,2026-07-23,4379.0,4380.0,4173.0,4199.0,4199.0,9858100,4608.08,3942.213333333333,3822.0866666666666,-98.43364363087221,-8.564148745019015,5239.025936194222,3977.1340638057786,False,False
6723,2026-07-24,4133.0,4163.0,3882.0,3928.0,3928.0,11628500,4583.2,3964.3,3845.88,-122.9555511918561,-31.442429234386434,5268.092984341351,3898.307015658648,False,False
6723,2026-07-27,3926.0,3942.0,3775.0,3866.0,3866.0,8638500,4548.48,3985.32,3866.9133333333334,-145.71253801380226,-54.296450990269605,5285.309775728426,3811.6502242715733,False,False
6723,2026-07-28,3526.0,3607.0,3431.0,3462.0,3462.0,14086000,4485.32,4000.6466666666665,3892.0266666666666,-194.10946457784848,-82.25905370778538,5308.131904629487,3662.508095370513,False,False
6723,2026-07-29,3392.0,3448.0,3064.0,3170.0,3170.0,23553900,4421.96,4008.1,3916.713333333333,-253.1086581584791,-116.42897459792414,5384.364236067156,3459.555763932845,False,False
6723,2026-07-30,3105.0,3341.0,3070.0,3196.0,3196.0,17803700,4361.68,4016.1133333333332,3942.213333333333,-294.3745943466256,-152.01809854766444,5429.165976676043,3294.1940233239575,False,False
6723,2026-07-31,3756.0,3759.0,3388.0,3442.0,3442.0,25693900,4305.6,4026.5866666666666,3964.3,-303.7268281766933,-182.35984447347022,5412.422045317136,3198.777954682865,False,False
6723,2026-08-03,3792.0,4044.0,3627.0,3905.0,3905.0,38300100,4269.8,4044.9066666666668,3985.32,-270.65832957430484,-200.01954149363715,5368.206263638372,3171.3937363616287,False,False
6723,2026-08-04,3975.0,4010.0,3768.0,3883.0,3883.0,16481600,4232.72,4060.2466666666664,4000.6466666666665,-243.4205220701624,-208.6997376089422,5318.189634029441,3147.25036597056,False,False
6723,2026-08-05,4019.0,4042.0,3761.0,3813.0,3813.0,19950800,4192.96,4075.4666666666667,4008.1,-224.89038203620294,-211.93786649439437,5264.099427712382,3121.8205722876182,False,False
6723,2026-08-06,3743.0,3756.0,3582.0,3673.0,3673.0,14801000,4134.96,4087.5666666666666,4016.1133333333332,-218.97770386673346,-213.3458339688622,5154.148458333399,3115.7715416666015,False,False
6723,2026-08-07,3778.0,3809.0,3608.0,3757.0,3757.0,13225700,4091.56,4100.393333333333,4026.5866666666666,-205.14893659587642,-211.70645449426505,5078.516222737366,3104.6037772626337,False,True
6723,2026-08-10,3783.0,3874.0,3745.0,3825.0,3825.0,8074500,4051.76,4111.76,4044.9066666666668,-186.55205128000944,-206.67557385141393,4997.389488541898,3106.130511458103,False,False
6723,2026-08-12,3767.0,3828.0,3732.0,3806.0,3806.0,9140500,4015.6,4121.453333333333,4060.2466666666664,-171.3715622002851,-199.61477152118817,4926.272191296084,3104.927808703916,False,False
6723,2026-08-13,3840.0,3840.0,3745.0,3754.0,3754.0,11321700,3976.0,4130.266666666666,4075.4666666666667,-161.67321249736324,-192.02645971642318,4841.511455730086,3110.4885442699147,False,False
6723,2026-08-14,3822.0,3880.0,3692.0,3746.0,3746.0,10951900,3939.36,4136.213333333333,4087.5666666666666,-152.87053723157123,-184.1952752194528,4762.104651517111,3116.615348482889,False,False
6723,2026-08-17,3933.0,3935.0,3785.0,3873.0,3873.0,9156700,3901.6,4145.973333333333,4100.393333333333,-134.10068581556243,-174.17635733867473,4642.322458144758,3160.877541855242,False,False
6723,2026-08-18,3943.0,4053.0,3796.0,3807.0,3807.0,13196200,3863.4,4155.08,4111.76,-123.13170609287135,-163.96742708951408,4515.947745379611,3210.8522546203894,False,False
6723,2026-08-19,3572.0,3597.0,3430.0,3462.0,3462.0,19260400,3823.12,4162.4,4121.453333333333,-140.6559333062287,-159.305128332857,4444.753286110078,3201.4867138899217,False,False
6723,2026-08-20,3500.0,3506.0,3396.0,3469.0,3469.0,11843200,3786.64,4165.826666666667,4130.266666666666,-152.22441977474273,-157.88898662123415,4379.40649837859,3193.8735016214096,False,False
6723,2026-08-21,3399.0,3454.0,3374.0,3433.0,3433.0,7686600,3745.6,4168.866666666667,4136.213333333333,-162.4250924235812,-158.79620778170357,4286.260632929767,3204.9393670702334,False,False
6723,2026-08-24,3436.0,3500.0,3400.0,3428.0,3428.0,6467900,3717.16,4166.266666666666,4145.973333333333,-168.964934613713,-160.82995314810546,4246.740567619334,3187.5794323806654,False,False
6723,2026-08-25,3330.0,3402.0,3291.0,3402.0,3402.0,10755800,3700.36,4164.56,4155.08,-174.23729035112456,-163.51142058870929,4242.079596839561,3158.640403160439,False,False
6723,2026-08-26,3410.0,3422.0,3337.0,3372.0,3372.0,7989100,3673.84,4162.8533333333335,4162.4,-178.77560563996667,-166.56425759896078,4212.338558586759,3135.341441413241,False,False
6723,2026-08-27,3483.0,3483.0,3312.0,3380.0,3380.0,8057400,3642.04,4157.92,4165.826666666667,-179.65576028917394,-169.1825581370034,4151.514860616319,3132.5651393836806,False,False
6723,2026-08-28,3587.0,3626.0,3404.0,3417.0,3417.0,12494000,3610.76,4155.8133333333335,4168.866666666667,-175.34641409936057,-170.41532932947484,4073.4921575166554,3148.027842483345,False,False
6723,2026-08-31,3277.0,3392.0,3258.0,3392.0,3392.0,10263300,3589.32,4149.653333333334,4166.266666666666,-171.9661979780035,-170.7255030591806,4040.802790812694,3137.837209187306,False,False
6723,2026-09-01,3351.0,3359.0,3244.0,3314.0,3314.0,9088100,3567.24,4145.213333333333,4164.56,-173.5803739743419,-171.29647724221286,4016.424249056018,3118.0557509439814,False,False
6723,2026-09-02,3249.0,3260.0,3168.0,3211.0,3211.0,15089100,3557.2,4138.693333333334,4162.8533333333335,-181.08344207432992,-173.25387020863627,4026.131039706287,3088.2689602937126,False,False
6723,2026-09-03,3215.0,3367.0,3215.0,3291.0,3291.0,12004500,3562.04,4135.786666666667,4157.92,-178.51651888116567,-174.30639994314214,4017.180410862428,3106.899589137572,False,False
6723,2026-09-04,3221.0,3336.0,3221.0,3302.0,3302.0,9905200,3566.28,4133.1466666666665,4155.8133333333335,-173.5935275602401,-174.16382546656175,4009.52098005489,3123.0390199451103,False,True
6723,2026-09-07,3401.0,3468.0,3361.0,3403.0,3403.0,11037100,3564.72,4128.053333333333,4149.653333333334,-159.70122920270296,-171.27130621379,4009.9696001121383,3119.4703998878613,False,False
6723,2026-09-08,3411.0,3432.0,3243.0,3252.0,3252.0,11569400,3538.6,4117.493333333333,4145.213333333333,-159.04257688038524,-168.82556034710908,3977.5062770114137,3099.693722988586,False,False
6723,2026-09-09,3255.0,3366.0,3244.0,3315.0,3315.0,9182900,3515.88,4104.4,4138.693333333334,-151.68844669189866,-165.398137616067,3939.6672371839677,3092.0927628160325,False,False
6723,2026-09-10,3336.0,3336.0,3232.0,3320.0,3320.0,7687100,3496.16,4087.48,4135.786666666667,-143.7991601146864,-161.0783421157909,3908.536402816675,3083.7835971833247,False,False
6723,2026-09-11,3138.0,3192.0,3107.0,3192.0,3192.0,10122800,3476.92,4070.3866666666668,4133.1466666666665,-146.19018447596227,-158.10071058782518,3899.2612534906116,3054.5787465093886,False,False
6723,2026-09-14,3151.0,3196.0,3067.0,3176.0,3176.0,9810200,3453.68,4055.32,4128.053333333333,-147.67386242880275,-156.0153409560207,3875.757043204225,3031.602956795775,False,False
6723,2026-09-15,3081.0,3216.0,3081.0,3155.0,3155.0,7596000,3426.88,4037.3866666666668,4117.493333333333,-148.82860883141257,-154.57799453109908,3836.1342759703575,3017.6257240296427,False,False
6723,2026-09-16,3225.0,3240.0,3141.0,3240.0,3240.0,5824500,3404.24,4021.693333333333,4104.4,-141.256645370991,-151.91372469907748,3788.9860585893266,3019.493941410673,False,False
6723,2026-09-17,3244.0,3288.0,3158.0,3168.0,3168.0,9206600,3380.8,4004.5333333333333,4087.48,-139.45802276956692,-149.42258431317538,3748.479425587049,3013.1205744129516,False,False
6723,2026-09-18,3238.0,3309.0,3194.0,3309.0,3309.0,15511700,3363.32,3984.3333333333335,4070.3866666666668,-125.21171705312827,-144.58041086116597,3700.1455192232656,3026.4944807767347,False,False
6723,2026-09-24,3541.0,3601.0,3457.0,3490.0,3490.0,16601300,3348.0,3966.36,4055.32,-98.18442092710848,-135.3012128743545,3619.139226228929,3076.860773771071,False,False
6723,2026-09-25,3458.0,3488.0,3410.0,3478.0,3478.0,8775000,3334.84,3951.826666666667,4037.3866666666668,-76.84754309701111,-123.61047891888582,3539.336399968368,3130.3436000316324,False,False
6723,2026-09-28,3478.0,3518.0,3425.0,3459.0,3459.0,9179300,3334.72,3942.76,4021.693333333333,-60.770530060929104,-111.04248914729448,3538.921093043163,3130.5189069568364,False,False
6723,2026-09-29,3460.0,3473.0,3406.0,3458.0,3458.0,8395300,3334.28,3930.266666666667,4004.5333333333333,-47.56181010319051,-98.34635333847369,3537.366204356728,3131.1937956432726,False,False
6723,2026-09-30,3580.0,3592.0,3461.0,3477.0,3477.0,11373700,3336.04,3919.1866666666665,3984.3333333333335,-35.155413439968925,-85.70816535877275,3543.238826251556,3128.841173748444,False,False
6723,2026-10-01,3546.0,3617.0,3496.0,3616.0,3616.0,10171500,3343.56,3910.5733333333333,3966.36,-13.946351513627633,-71.35580258974373,3575.7075944308326,3111.4124055691673,False,False
6723,2026-10-02,3589.0,3599.0,3473.0,3575.0,3575.0,10618300,3350.48,3900.173333333333,3951.826666666667,-0.44128759397381145,-57.17289959058975,3598.9248397532588,3102.0351602467413,False,False
6723,2026-10-05,3715.0,3862.0,3673.0,3862.0,3862.0,18812000,3370.08,3891.826666666667,3942.76,33.039218754404374,-39.13047592159093,3689.4207809848626,3050.739219015137,False,False
6723,2026-10-06,3895.0,3995.0,3810.0,3995.0,3995.0,15703100,3394.68,3885.306666666667,3930.266666666667,69.5035559931116,-17.403669538650423,3797.2047202346976,2992.155279765302,True,False
7203,2026-04-09,3398.0,3399.0,3318.0,3331.0,3275.232421875,20191400,3262.142607421875,3392.0002799479166,3384.91849609375,-44.64783845786269,-61.15196613325494,3418.3829988300567,3105.902216013693,False,False
7203,2026-04-10,3345.0,3363.0,3295.0,3319.0,3263.433349609375,16930900,3257.779736328125,3392.2511328125,3387.3401432291666,-39.796051602918396,-56.880783227187635,3407.400611136277,3108.1588615199735,False,False
7203,2026-04-13,3295.0,3337.0,3280.0,3319.0,3263.433349609375,14353200,3252.0992578125,3392.3211393229167,3389.7344140625,-35.5412778379,-52.61288214933011,3389.1161523430824,3115.082363281918,False,False
7203,2026-04-14,3355.0,3355.0,3288.0,3326.0,3270.316162109375,15920200,3251.4219921875,3391.694931640625,3390.256572265625,-31.253680553763843,-48.34104183021686,3387.9035817687445,3114.9404026062557,False,False
7203,2026-04-15,3355.0,3386.0,3344.0,3381.0,3324.395263671875,20317000,3249.807626953125,3391.3893294270833,3391.346666666667,-23.224282208742807,-43.31768990592205,3381.768749951543,3117.8465039547063,False,False
7203,2026-04-16,3416.0,3468.0,3392.0,3392.0,3335.211181640625,20154600,3247.19203125,3391.7446484375,3392.0002799479166,-15.805970593811708,-37.81534604349998,3369.319788806898,3125.064273693102,False,False
7203,2026-04-17,3400.0,3400.0,3343.0,3343.0,3287.031494140625,14251500,3244.315634765625,3392.2584765625,3392.2511328125,-13.65717194286799,-32.98371122337358,3358.9366456555085,3129.6946238757414,False,False
7203,2026-04-20,3413.0,3413.0,3380.0,3390.0,3333.24462890625,14589600,3247.046826171875,3393.11720703125,3392.3211393229167,-8.131485076149147,-28.013265993928698,3366.6514025817173,3127.442249762033,False,False
7203,2026-04-21,3345.0,3356.0,3280.0,3280.0,3225.086181640625,19345300,3246.691787109375,3392.4563151041666,3391.694931640625,-12.337601015707605,-24.87813299828448,3366.502138526998,3126.8814356917524,False,False
7203,2026-04-22,3220.0,3235.0,3191.0,3191.0,3137.576416015625,20463800,3241.24748046875,3390.8353125,3391.3893294270833,-22.47322755934192,-24.39715191049597,3367.8348860169717,3114.660074920528,False,False
7203,2026-04-23,3191.0,3205.0,3111.0,3123.0,3070.71484375,23206300,3232.159873046875,3388.426162109375,3391.7446484375,-35.491827025722614,-26.6160869335413,3372.991123784556,3091.328622309194,False,False
7203,2026-04-24,3122.0,3133.0,3062.0,3067.0,3015.65234375,22659400,3223.931279296875,3384.7273828125,3392.2584765625,-49.67956931960225,-31.228783410753493,3388.3820216876497,3059.4805369061,False,False
7203,2026-04-27,3065.0,3101.0,3057.0,3067.0,3015.65234375,19390900,3218.5704296875,3380.641067708333,3393.11720703125,-60.22917289093675,-37.02886130679015,3400.1954207747567,3036.9454386002435,False,False
7203,2026-04-28,3131.0,3135.0,3079.0,3112.0,3059.89892578125,21920800,3214.204375,3378.3589778645833,3392.4563151041666,-64.27851760227168,-42.47879256588646,3405.3778355197737,3023.030914480226,False,False
7203,2026-04-30,3062.0,3071.0,2997.0,3023.0,2972.388916015625,32130400,3203.7414453125,3375.4397200520834,3390.8353125,-73.69941788331289,-48.72291762937174,3416.8209980846955,2990.661892540305,False,False
7203,2026-05-01,3000.0,3022.0,2971.0,3000.0,2949.77392578125,21904100,3190.436259765625,3371.004658203125,3388.426162109375,-82.04463051099265,-55.387260205695924,3422.8683304403007,2958.0041890909492,False,False
7203,2026-05-07,3017.0,3047.0,2978.0,2978.0,2928.142333984375,37816000,3175.4907421875,3363.012978515625,3384.7273828125,-89.37351803486854,-62.18451177153045,3424.800372476411,2926.181111898589,False,False
7203,2026-05-08,3020.0,3088.0,2874.0,2913.0,2864.23046875,75083900,3163.25900390625,3354.414576822917,3380.641067708333,-99.19540471147502,-69.58669035951937,3440.8438045482744,2885.674203264226,False,False
7203,2026-05-11,2800.0,2888.0,2798.0,2870.0,2821.950439453125,43038000,3151.77455078125,3344.0640071614584,3378.3589778645833,-109.1329489779514,-77.49594208320578,3459.4991390287646,2844.0499625337357,False,False
7203,2026-05-12,2831.0,2886.5,2820.0,2843.0,2795.402587890625,29055900,3133.367958984375,3333.9278515625,3375.4397200520834,-117.79287126034296,-85.55532791863322,3467.9358826685607,2798.8000353001894,False,False
7203,2026-05-13,2884.5,2945.0,2879.0,2939.5,2890.286865234375,29534100,3120.68392578125,3325.6639518229167,3371.004658203125,-115.66622561074519,-91.57750745705562,3466.9059300628564,2774.4619214996433,False,False
7203,2026-05-14,2944.0,3010.0,2943.0,3008.0,2957.64013671875,31564100,3110.9693359375,3319.357353515625,3363.012978515625,-107.30900607329568,-94.72380718030362,3461.292166967279,2760.646504907721,False,False
7203,2026-05-15,3017.0,3086.0,2987.5,3085.0,3033.35107421875,43178700,3104.59783203125,3313.9181380208333,3354.414576822917,-93.4988133465381,-94.47880841355052,3454.541335974062,2754.6543280884384,False,True
7203,2026-05-18,2990.0,3013.0,2940.0,2954.5,2905.035888671875,30946400,3092.8970703125,3306.3546875,3344.0640071614584,-91.84931745499398,-93.95291022183922,3449.1304996137237,2736.6636410112765,False,False
7203,2026-05-19,2955.0,2979.0,2931.0,2957.0,2907.493896484375,23002200,3076.103017578125,3298.3073014322918,3333.9278515625,-89.31418110529421,-93.02516439853022,3426.0736449532715,2726.132390202979,False,False
7203,2026-05-20,3003.0,3027.0,2942.0,2942.0,2892.7451171875,26030500,3060.803525390625,3291.9621744791666,3325.6639518229167,-87.48667854040514,-91.9174672269052,3408.0468956331347,2713.5601551481154,False,False
7203,2026-05-21,2964.5,3027.0,2961.0,2978.0,2928.142333984375,21798100,3047.391884765625,3286.3215299479166,3319.357353515625,-82.23416574889916,-89.980806931304,3388.1335657017034,2706.6502038295466,False,False
7203,2026-05-22,3020.0,3022.0,2975.5,2987.0,2936.99169921875,16498800,3034.33421875,3282.2456640625,3313.9181380208333,-76.47587541493249,-87.27982062802971,3365.853702928463,2702.8147345715374,False,False
7203,2026-05-25,3051.0,3108.0,3006.0,3026.0,2975.338623046875,22249700,3022.5351171875,3277.376396484375,3306.3546875,-68.03386056966747,-83.43062861635727,3340.3324954563227,2704.737738918677,False,False
7203,2026-05-26,3028.0,3030.0,2990.0,3022.0,2971.40576171875,16349400,3008.415537109375,3271.7312955729167,3298.3073014322918,-60.95816425189241,-78.9361357434643,3301.735958391323,2715.0951158274265,False,False
7203,2026-05-27,3016.0,3039.0,2998.5,3008.0,2957.64013671875,17980500,2993.3126953125,3265.502203776042,3291.9621744791666,-55.817960136804686,-74.31250062213239,3254.9416805180604,2731.68371010694,False,False
7203,2026-05-28,3039.0,3072.0,3023.0,3030.0,2979.271728515625,25312200,2981.0023046875,3258.799384765625,3286.3215299479166,-49.42903551427298,-69.33580760056051,3213.535677742852,2748.468931632148,False,False
7203,2026-05-29,3022.0,3082.0,3022.0,3042.0,2991.07080078125,39820000,2967.3153515625,3250.56166015625,3282.2456640625,-42.91893740404248,-64.05243356125692,3150.309105510348,2784.3215976146516,False,False
7203,2026-06-01,3006.0,3009.0,2891.0,2905.5,2856.856201171875,37687200,2952.58615234375,3240.7798470052085,3277.376396484375,-48.035906233481,-60.84912809570174,3107.3110192396684,2797.861285447832,False,False
7203,2026-06-02,2849.5,2863.5,2805.0,2844.0,2796.3857421875,37933000,2938.938525390625,3229.2358430989584,3271.7312955729167,-56.32136393924793,-59.943575264410974,3085.986479565062,2791.8905712161877,False,False
7203,2026-06-03,2840.0,2920.0,2833.0,2881.0,2832.766357421875,27875500,2929.4205859375,3218.83572265625,3265.502203776042,-59.26882316080446,-59.80862484368967,3071.8493089131953,2786.991862961805,False,False
7203,2026-06-04,2875.0,2879.5,2835.0,2838.5,2790.977783203125,19751600,2920.433603515625,3208.0721842447915,3258.799384765625,-64.23621937564758,-60.69414375008125,3068.21640592526,2772.6508011059896,False,False
7203,2026-06-05,2872.0,2885.5,2837.0,2850.0,2802.285400390625,18955400,2911.89892578125,3197.575677083333,3250.56166015625,-66.49398518855105,-61.85411203777522,3061.3351198491596,2762.4627317133404,False,False
7203,2026-06-08,2817.0,2862.0,2795.5,2822.5,2775.245849609375,30734900,2900.512802734375,3185.8273177083333,3240.7798470052085,-69.6621250166686,-63.4157146335539,3046.443646018807,2754.5819594499426,False,False
7203,2026-06-09,2850.0,2873.0,2821.5,2830.0,2782.6201171875,22825800,2892.92205078125,3175.5723990885417,3229.2358430989584,-70.76215481860118,-64.88500267056335,3042.797113763908,2743.0469877985925,False,False
7203,2026-06-10,2837.0,2840.5,2787.5,2814.0,2766.887939453125,25839700,2885.606611328125,3164.5005826822917,3218.83572265625,-72.07258374401317,-66.32251888525332,3041.4041264907455,2729.8090961655043,False,False
7203,2026-06-11,2768.0,2782.5,2718.5,2747.5,2701.50146484375,27541100,2876.5409765625,3152.33734375,3208.0721842447915,-77.49394815590676,-68.556804739384,3047.063085268835,2706.018867856165,False,False
7203,2026-06-12,2792.0,2798.5,2756.5,2775.5,2729.03271484375,29442600,2871.13306640625,3139.9728092447917,3197.575677083333,-78.66210889849071,-70.57786557120535,3051.182919992007,2691.0832128204925,False,False
7203,2026-06-15,2836.5,2934.5,2830.0,2902.5,2853.90625,29688600,2872.411298828125,3131.0688248697916,3185.8273177083333,-68.71947865416496,-70.20618818779728,3051.4974999974856,2693.325097658764,False,True
7203,2026-06-16,2867.0,2894.0,2826.5,2847.5,2799.8271484375,20615100,2872.58828125,3121.172509765625,3175.5723990885417,-64.46054307565737,-69.0570591653693,3051.3782164549493,2693.7983460450505,False,False
7203,2026-06-17,2862.5,2863.5,2803.5,2810.0,2762.955078125,26726100,2867.495009765625,3109.95783203125,3164.5005826822917,-63.33053883736011,-67.91175509976746,3051.1660939604953,2683.823925570755,False,False
7203,2026-06-18,2800.0,2807.0,2774.5,2793.5,2746.731201171875,27620900,2859.05865234375,3097.803440755208,3152.33734375,-63.01770474564091,-66.93294502894216,3044.756307771998,2673.3609969155023,False,False
7203,2026-06-19,2785.0,2793.0,2755.0,2776.5,2730.015869140625,28789700,2846.925244140625,3084.793206380208,3139.9728092447917,-63.38787312931481,-66.2239306490167,3024.966282962731,2668.8842053185194,False,False
7203,2026-06-22,2770.0,2802.0,2741.5,2741.5,2695.601806640625,22063700,2838.547880859375,3069.7869075520834,3131.0688248697916,-65.70080350821263,-66.11930522085588,3024.4010496763394,2652.69471204241,False,False
7203,2026-06-23,2745.0,2748.0,2706.0,2706.0,2660.6962890625,22693000,2828.6759765625,3057.4412955729167,3121.172509765625,-69.5486870761656,-66.80518159191783,3024.7678022028863,2632.584150922114,False,False
7203,2026-06-24,2731.0,2731.0,2686.0,2686.0,2641.031005859375,25725300,2818.607412109375,3047.1845149739584,3109.95783203125,-73.33957357921417,-68.1120599893771,3026.02830055206,2611.1865236666904,False,False
7203,2026-06-25,2700.0,2713.5,2689.0,2700.5,2655.288330078125,20706600,2807.693251953125,3037.6216243489584,3097.803440755208,-74.33652633105567,-69.35695325771282,3019.577619347104,2595.8088845591465,False,False
7203,2026-06-26,2714.0,2768.0,2696.5,2768.0,2721.658203125,32537200,2799.079912109375,3028.504462890625,3084.793206380208,-68.97601196102687,-69.28076499837563,3006.7037480211984,2591.4560761975517,False,True
7203,2026-06-29,2805.0,2805.0,2745.0,2772.0,2725.59130859375,31780500,2789.09001953125,3021.0157096354164,3069.7869075520834,-63.676375343570726,-68.15988706741464,2985.5634683489016,2592.616570713599,False,False
7203,2026-06-30,2775.0,2782.5,2708.0,2725.0,2679.378173828125,32958300,2777.408916015625,3011.8773600260415,3057.4412955729167,-62.48509956654107,-67.02492956723992,2963.5906789545456,2591.2271530767043,False,False
7203,2026-07-01,2765.0,2771.5,2715.0,2724.5,2678.886474609375,21882700,2766.25876953125,3002.2544986979165,3047.1845149739584,-60.87890680635792,-65.79572501506352,2940.9644830945845,2591.5530559679155,False,False
7203,2026-07-02,2759.0,2839.0,2750.0,2793.0,2746.239501953125,30358500,2756.93748046875,2994.085139973958,3037.6216243489584,-53.55382588926159,-63.34734518990314,2908.524883286995,2605.3500776505048,False,False
7203,2026-07-03,2839.0,2856.5,2813.0,2828.0,2780.653564453125,23428700,2748.520791015625,2987.62765625,3028.504462890625,-44.45922102955092,-59.56972035783269,2866.9033260502288,2630.1382559810213,False,False
7203,2026-07-06,2855.0,2923.0,2839.0,2923.0,2874.063232421875,26728000,2749.209072265625,2982.82900390625,3021.0157096354164,-29.375677087489294,-53.53091170376402,2870.2727936564106,2628.145350874839,False,False
7203,2026-07-07,2950.0,2980.0,2925.0,2946.0,2896.677978515625,36408300,2753.22076171875,2977.802255859375,3011.8773600260415,-15.41929479962073,-45.90858832293536,2886.320275046249,2620.121248391251,False,False
7203,2026-07-08,2926.0,2942.0,2884.0,2889.0,2840.63232421875,28465700,2753.535400390625,2971.7052864583334,3002.2544986979165,-8.779967198338909,-38.48286409801607,2887.4204599458644,2619.6503408353856,False,False
7203,2026-07-09,2854.0,2865.0,2817.0,2824.0,2776.720703125,24949800,2752.9651171875,2965.7766666666666,2994.085139973958,-8.5765211341768,-32.50159550524822,2886.3278124119743,2619.6024219630253,False,False
7203,2026-07-10,2863.5,2864.5,2817.5,2823.0,2775.7373046875,26668000,2751.903193359375,2960.790849609375,2987.62765625,-8.397835675683382,-27.680843539335253,2884.0957457168997,2619.7106410018505,False,False
7203,2026-07-13,2844.0,2847.0,2794.0,2806.0,2759.02197265625,19932600,2751.25423828125,2955.3238053385417,2982.82900390625,-9.495554915245975,-24.0437858145174,2883.140984828743,2619.3674917337567,False,False
7203,2026-07-14,2832.0,2853.0,2815.5,2839.0,2791.469482421875,20459300,2751.608212890625,2949.4239029947917,2977.802255859375,-7.6589745670444245,-20.766823565022804,2883.8767440046545,2619.3396817765956,False,False
7203,2026-07-15,2857.0,2875.5,2837.0,2875.5,2827.3583984375,21157100,2754.02703125,2943.3566341145834,2971.7052864583334,-3.269843107041197,-17.267427473426483,2889.4976955455963,2618.556366954404,False,False
7203,2026-07-16,2876.0,2935.5,2858.5,2909.0,2860.297607421875,29732200,2760.378876953125,2937.4701985677084,2965.7766666666666,2.8338274784046007,-13.247176483060267,2900.2232087893553,2620.534545116895,False,False
7203,2026-07-17,2865.5,2913.5,2857.0,2899.5,2850.95654296875,35779500,2765.255830078125,2933.215966796875,2960.790849609375,6.838455103465549,-9.230050165755104,2908.8412594638535,2621.670400692397,False,False
7203,2026-07-21,2900.0,2972.0,2893.5,2944.5,2895.203125,31065300,2766.907705078125,2930.3645182291666,2955.3238053385417,13.427694628687277,-4.698501206866628,2915.400954650796,2618.4144555054545,False,False
7203,2026-07-22,2921.5,2951.0,2897.5,2939.0,2889.79541015625,24733500,2770.506435546875,2925.48755859375,2949.4239029947917,18.005797407309274,-0.15764148403144773,2926.202528799175,2614.8103422945746,False,False
7203,2026-07-23,2938.0,2950.0,2913.5,2950.0,2900.611083984375,24503500,2776.01267578125,2921.397203776042,2943.3566341145834,22.250224591580718,4.323931731090986,2939.778454182403,2612.246897380097,False,False
7203,2026-07-24,2920.0,2923.0,2877.5,2897.0,2848.49853515625,23007200,2780.083369140625,2916.7037858072918,2937.4701985677084,21.16494028993111,7.692133442859011,2945.7832038003994,2614.383534480851,False,False
7203,2026-07-27,2921.0,2973.0,2915.0,2965.5,2915.8515625,26894200,2787.516796875,2913.013291015625,2933.215966796875,25.446341490818668,11.242975052450944,2960.0960872265337,2614.9375065234667,True,False
7203,2026-07-28,2972.5,3015.0,2934.5,3008.0,2957.64013671875,30618100,2797.998330078125,2909.814427083333,2930.3645182291666,31.84429032958178,15.363238107877113,2978.6170859088943,2617.379574247356,False,False
7203,2026-07-29,3085.0,3233.0,3059.0,3224.0,3170.02392578125,61406300,2818.371435546875,2907.716809895833,2925.48755859375,53.436326976566306,22.97785588161495,3042.1817842680302,2594.56108682572,False,False
7203,2026-07-30,3181.0,3192.0,3106.0,3126.0,3073.66455078125,102087800,2835.67677734375,2905.02923828125,2921.397203776042,62.0574160649262,30.793767918277204,3068.677129801317,2602.676424886183,False,False
7203,2026-07-31,3032.0,3119.0,3021.0,3067.0,3015.65234375,37342500,2850.091337890625,2901.7254915364583,2916.7037858072918,63.47686916510975,37.33038816764372,3081.2498117515843,2618.9328640296653,False,False
7203,2026-08-03,2999.0,2999.0,2885.5,2963.5,2913.885009765625,43659400,2857.78041015625,2897.0648470052083,2913.013291015625,55.74740128570056,41.01379079125509,3084.075975077428,2631.484845235072,False,False
7203,2026-08-04,2948.0,3028.0,2871.0,2918.5,2869.638427734375,70011500,2863.542294921875,2891.722477213542,2909.814427083333,45.52661049124072,41.91635473125222,3083.3229812439968,2643.7616085997533,False,False
7203,2026-08-05,2903.0,2924.5,2869.5,2914.5,2865.70556640625,48003400,2870.995390625,2885.6066145833333,2907.716809895833,36.68631411622982,40.87034660824774,3077.52741365588,2664.4633675941195,False,False
7203,2026-08-06,2930.0,2993.5,2918.0,2983.5,2933.55029296875,31969900,2881.181943359375,2880.2511360677086,2905.02923828125,34.75419327337295,39.64711594127279,3073.435884650349,2688.928002068401,True,False
7203,2026-08-07,2995.0,3022.0,2964.5,2980.0,2930.10888671875,24563900,2888.53671875,2875.49216796875,2901.7254915364583,32.569836065739764,38.231659966166184,3073.508901482262,2703.564536017738,False,False
7203,2026-08-10,2989.5,2989.5,2939.5,2981.0,2931.092041015625,23489400,2894.5542578125,2870.130133463542,2897.0648470052083,30.56570713112569,36.698469399158085,3074.8246495988287,2714.2838660261714,False,False
7203,2026-08-12,3010.0,3027.0,2981.0,2999.5,2949.282470703125,23418400,2897.56302734375,2866.4527506510417,2891.722477213542,30.098281905218755,35.378431900370224,3078.8728467269552,2716.253207960545,False,False
7203,2026-08-13,3010.0,3020.0,2968.0,2985.0,2935.025146484375,21779600,2899.0969140625,2863.7520670572917,2885.6066145833333,28.25172879162801,33.953091278621784,3080.9986999260786,2717.195128198922,False,False
7203,2026-08-14,2985.0,3027.0,2968.5,3020.0,2969.439208984375,22125700,2904.249189453125,2862.4017252604167,2880.2511360677086,29.22832345999268,33.008137714895966,3086.5315659019752,2721.9668130042746,False,False
7203,2026-08-17,3043.0,3052.0,3007.0,3013.0,2962.556396484375,15465900,2911.6826171875,2861.693779296875,2875.49216796875,29.11131915788519,32.22877400349381,3087.6020187979375,2735.7632155770625,False,False
7203,2026-08-18,3006.0,3027.0,2989.0,3022.0,2971.40576171875,17285000,2919.50935546875,2861.103824869792,2870.130133463542,29.393828465154456,31.661784895825942,3087.7838951198755,2751.2348158176246,False,False
7203,2026-08-19,3023.0,3024.0,2927.0,2941.0,2891.76171875,26717600,2924.8189453125,2858.861995442708,2866.4527506510417,22.92682431277126,29.914792779215006,3080.4009196083607,2769.2369710166395,False,False
7203,2026-08-20,3000.0,3078.0,3000.0,3066.0,3014.6689453125,30687200,2933.746923828125,2859.4257291666668,2863.7520670572917,27.403373898507652,29.412509003073538,3083.190780991212,2784.3030666650384,False,False
7203,2026-08-21,3066.0,3132.0,3056.0,3132.0,3079.56396484375,25924500,2943.835146484375,2861.156263020833,2862.4017252604167,35.775163606081605,30.685039923675156,3097.1890902773357,2790.481202691414,False,True
7203,2026-08-24,3132.0,3141.0,3077.0,3125.0,3072.681396484375,19283900,2952.330498046875,2863.083450520833,2861.693779296875,41.377527141967676,32.823537367333664,3109.710299156178,2794.9506969375725,False,False
7203,2026-08-25,3095.0,3120.0,3073.0,3082.0,3030.401123046875,18602900,2959.50828125,2865.299059244792,2861.103824869792,41.92251918627244,34.643333731121416,3114.0827115595207,2804.9338509404793,False,False
7203,2026-08-26,3071.0,3104.0,3066.0,3070.0,3018.60205078125,18377900,2964.44423828125,2867.9210807291665,2858.861995442708,40.93052121476558,35.90077122785025,3118.3692430549627,2810.519233507537,False,False
7203,2026-08-27,3104.0,3120.0,3064.0,3077.0,3025.48486328125,18488000,2969.87181640625,2870.9888444010417,2859.4257291666668,40.23592640843117,36.76780226396644,3122.4484670935963,2817.295165718904,False,False
7203,2026-08-28,3090.0,3145.0,3081.0,3116.0,3063.83203125,24831800,2976.400654296875,2873.302779947917,2861.156263020833,42.2922324646961,37.87268830411237,3130.524523652077,2822.276784941673,False,False
7203,2026-08-31,3120.0,3188.0,3116.0,3156.0,3103.162353515625,33832100,2986.58720703125,2875.243076171875,2863.083450520833,46.55879730529978,39.60991010434986,3139.2064583984493,2833.9679556640504,False,False
7203,2026-09-01,3150.0,3269.0,3145.0,3243.0,3188.705810546875,28612900,2997.501376953125,2877.31447265625,2865.299059244792,56.194942430141964,42.92691656950828,3166.4744612722766,2828.5282926339737,False,False
7203,2026-09-02,3158.0,3190.0,3121.0,3133.0,3080.54736328125,26793300,3002.417666015625,2879.6546256510414,2867.9210807291665,54.47620629388484,45.2367745143836,3173.603116364926,2831.232215666324,False,False
7203,2026-09-03,3162.0,3182.0,3117.0,3117.0,3064.815185546875,22107500,2998.20931640625,2881.752242838542,2870.9888444010417,51.25381814799084,46.440183241105046,3157.4634288382963,2838.9552039742034,False,False
7203,2026-09-04,3126.0,3142.0,3081.0,3081.0,3029.41796875,21768900,2996.439453125,2883.5745475260414,2873.302779947917,45.32135637298961,46.21641786748196,3153.264899645091,2839.614006604909,False,False
7203,2026-09-07,3110.0,3120.0,3088.0,3096.0,3044.166748046875,12938800,2997.580029296875,2885.1215397135416,2875.243076171875,41.33347434078223,45.239829162142016,3155.3596811614716,2839.8003774322788,False,False
7203,2026-09-08,3040.0,3040.0,2968.5,2968.5,2918.801513671875,30560900,2997.776689453125,2884.87900390625,2877.31447265625,27.737383119357673,41.739339953585144,3155.1503071862244,2840.4030717200258,False,False
7203,2026-09-09,2950.0,2995.5,2939.5,2971.0,2921.259521484375,24802100,2999.841533203125,2884.15794921875,2879.6546256510414,16.965159758618938,36.7845039145919,3151.6936826774768,2847.989383728773,False,False
7203,2026-09-10,2960.0,2994.0,2945.0,2994.0,2943.87451171875,18691400,3002.968291015625,2883.7908658854167,2881.752242838542,10.136093272364633,31.454821786146447,3146.6427314257294,2859.29385060552,False,False
7203,2026-09-11,2950.5,3040.0,2950.0,3031.0,2980.255126953125,27282400,3004.836484375,2884.0923990885417,2883.5745475260414,7.572331362829573,26.678323701483073,3146.0452268113936,2863.6277419386065,False,False
7203,2026-09-14,3026.0,3056.0,3014.0,3025.0,2974.35546875,22994300,3006.60634765625,2884.026848958333,2885.1215397135416,5.00676361279875,22.34401168374621,3145.107466172526,2868.1052291399737,False,False
7203,2026-09-15,3025.0,3042.0,3010.0,3021.0,2970.42236328125,19958900,3008.179560546875,2883.7515364583332,2884.87900390625,2.6258942713893703,18.400388201274843,3144.083052297148,2872.2760687966024,False,False
7203,2026-09-16,3043.0,3068.0,3016.0,3016.0,2965.506103515625,17508600,3008.828505859375,2885.200201822917,2884.15794921875,0.33843581152996194,14.787997723325867,3143.7522607311976,2873.9047509875527,False,False
7203,2026-09-17,3016.0,3042.0,3011.0,3034.0,2983.204833984375,20929600,3010.755693359375,2887.691123046875,2883.7908658854167,-0.04572477702367905,11.821253223255958,3142.7523042814837,2878.7590824372664,False,False
7203,2026-09-18,3043.0,3051.0,2999.0,3025.0,2974.35546875,46568200,3010.95234375,2889.5789778645835,2884.0923990885417,-1.0521164844508348,9.2465792817146,3142.7165973421584,2879.188090157842,False,False
7203,2026-09-24,3002.0,3019.0,2964.0,2969.0,2919.29296875,33817300,3009.221806640625,2891.2898470052082,2884.026848958333,-6.221060226913778,6.153051379988925,3144.570701058479,2873.872912222771,False,False
7203,2026-09-25,2990.0,3003.0,2979.0,2989.5,2939.44970703125,21084000,3007.943564453125,2893.1187044270832,2883.7515364583332,-8.591962267924373,3.2040486504062655,3145.285773655666,2870.6013552505838,False,False
7203,2026-09-28,3003.0,3024.0,2986.5,2986.5,2936.5,26063800,3009.733095703125,2895.268759765625,2885.200201822917,-10.58689676673157,0.44585956697869866,3142.0472166471154,2877.4189747591345,False,False
7203,2026-09-29,2925.0,2925.5,2881.0,2881.5,2881.5,34117700,3004.406337890625,2896.587158203125,2887.691123046875,-16.416695627429363,-2.9266514719029137,3145.9006044937887,2862.912071287461,False,False
7203,2026-09-30,2906.0,2931.5,2878.0,2920.0,2920.0,29166700,2998.023779296875,2898.62865234375,2889.5789778645835,-17.725891935639993,-5.886499564650331,3139.7763842911313,2856.271174302619,True,False
7203,2026-10-01,2900.0,2942.5,2894.5,2925.0,2925.0,26937700,2992.1165234375,2901.6086328125,2891.2898470052082,-18.150750673576113,-8.339349786435488,3133.239208862964,2850.9938380120357,False,False
7203,2026-10-02,2884.0,2890.0,2853.0,2856.5,2856.5,30938400,2985.160478515625,2903.3081966145833,2893.1187044270832,-23.74115850901262,-11.419711530950915,3134.9277881522667,2835.3931688789835,False,False
7203,2026-10-05,2873.5,2900.0,2867.5,2893.5,2893.5,23901000,2980.156396484375,2903.83611328125,2895.268759765625,-24.898986203340428,-14.115566465428818,3133.4385298805223,2826.8742630882275,False,False
7203,2026-10-06,2920.0,2937.5,2904.0,2930.5,2930.5,19613500,2976.357001953125,2905.57841796875,2896.587158203125,-22.570800081194193,-15.806613188581895,3129.6653346451326,2823.048669261117,True,False
7270,2026-04-09,2582.0,2591.0,2531.0,2540.0,2483.98486328125,3343600,2493.3183203125,2925.729541015625,2982.8112630208334,-65.7521683765408,-91.6587655829787,2604.6732962487436,2381.9633443762564,False,False
7270,2026-04-10,2533.5,2558.0,2530.0,2544.5,2488.385498046875,3346600,2490.739013671875,2914.3479296875,2972.4093391927086,-60.581865461843336,-85.44338555875163,2599.412024074425,2382.066003269325,False,False
7270,2026-04-13,2511.0,2529.5,2501.5,2506.0,2450.734619140625,2421000,2484.5696875,2903.101608072917,2961.4866536458335,-58.844155621347,-80.1235395712707,2583.6954842038244,2385.4438907961753,False,False
7270,2026-04-14,2538.0,2548.0,2516.5,2539.0,2483.0068359375,3070700,2481.622275390625,2892.1453776041667,2949.5439973958332,-54.237691521818306,-74.94636996138023,2576.2758635228915,2386.9686872583584,False,False
7270,2026-04-15,2530.0,2538.0,2498.5,2506.0,2450.734619140625,3732800,2476.466259765625,2879.688186848958,2937.7179036458333,-52.58496695445365,-70.47408935999492,2562.887159733425,2390.0453597978253,False,False
7270,2026-04-16,2556.0,2578.0,2534.5,2548.0,2491.808349609375,3507400,2472.436982421875,2869.0787369791665,2925.729541015625,-47.414301493006406,-65.86213178659722,2545.139002862863,2399.7349619808874,False,False
7270,2026-04-17,2534.5,2565.5,2527.5,2537.5,2481.539794921875,2905900,2468.76171875,2858.8549609375,2914.3479296875,-43.64202036303459,-61.4181095018847,2528.871246525928,2408.652190974072,False,False
7270,2026-04-20,2576.0,2576.5,2542.0,2569.0,2512.34521484375,3149000,2468.89974609375,2848.990940755208,2903.101608072917,-37.731772072416334,-56.68084201599103,2529.3918917167116,2408.407600470788,False,False
7270,2026-04-21,2549.0,2571.5,2535.0,2570.5,2513.812255859375,3468200,2471.23779296875,2839.159225260417,2892.1453776041667,-32.55421504493188,-51.85551662177921,2533.9342676319116,2408.5413183055884,False,False
7270,2026-04-22,2530.5,2537.5,2500.5,2500.5,2445.35595703125,2997300,2470.4934375,2828.5677115885414,2879.688186848958,-33.58763762171111,-48.2019408217656,2533.954823062546,2407.0320519374536,False,False
7270,2026-04-23,2498.0,2522.0,2477.5,2501.0,2445.8447265625,3638400,2468.583251953125,2817.906240234375,2869.0787369791665,-33.97554392157508,-45.356661441727496,2532.0225160640093,2405.1439878422407,False,False
7270,2026-04-24,2494.0,2498.0,2447.5,2447.5,2393.524658203125,3520800,2466.473056640625,2805.909866536458,2858.8549609375,-38.065954094905464,-43.8985199723631,2535.9607710206938,2396.9853422605565,False,False
7270,2026-04-27,2440.0,2461.0,2425.0,2440.0,2386.190185546875,3259800,2466.45935546875,2794.4657486979168,2848.990940755208,-41.421977501347556,-43.40321147815999,2536.010219460438,2396.908491477062,False,False
7270,2026-04-28,2490.0,2490.5,2438.0,2438.5,2384.72314453125,3912000,2463.958857421875,2783.537399088542,2839.159225260417,-43.69632415434944,-43.461834013397876,2540.261632982686,2387.656081861064,False,False
7270,2026-04-30,2371.0,2377.5,2338.0,2349.5,2297.685791015625,5538800,2457.020908203125,2772.1240950520832,2828.5677115885414,-51.92340657997829,-45.15414852671396,2557.2447167219584,2356.797099684292,False,False
7270,2026-05-01,2335.0,2381.0,2334.5,2369.5,2317.244873046875,3566700,2450.597666015625,2759.7352115885415,2817.906240234375,-56.21713804394676,-47.366746430160525,2564.3363938959365,2336.858938135313,False,False
7270,2026-05-07,2371.5,2379.5,2327.0,2343.0,2291.329345703125,5656100,2442.79365234375,2745.2163444010416,2805.909866536458,-61.00785703551537,-50.094968551231496,2571.425226838156,2314.1620778493443,False,False
7270,2026-05-08,2373.5,2398.5,2348.0,2358.0,2305.99853515625,4523700,2438.29509765625,2730.102815755208,2794.4657486979168,-62.89583136557758,-52.655141114100715,2577.451402139263,2299.1387931732374,False,False
7270,2026-05-11,2330.0,2389.5,2247.5,2319.5,2268.347412109375,7079200,2431.879765625,2714.856904296875,2783.537399088542,-66.66176031320492,-55.45646495392156,2586.172893390858,2277.586637859142,False,False
7270,2026-05-12,2279.5,2326.0,2265.0,2288.0,2237.542236328125,4789700,2421.51353515625,2699.1237825520834,2772.1240950520832,-71.3099892055684,-58.62716980425093,2591.0630614471643,2251.9640088653355,False,False
7270,2026-05-13,2290.5,2348.5,2266.0,2346.0,2294.26318359375,4376700,2415.07865234375,2684.937190755208,2759.7352115885415,-69.61436659913079,-60.82460916322691,2591.122306357189,2239.0349983303113,False,False
7270,2026-05-14,2346.5,2402.0,2337.5,2402.0,2349.028076171875,5088500,2409.7390625,2672.1563411458333,2745.2163444010416,-63.12385185453104,-61.28445770148774,2585.374096463236,2234.1040285367635,False,False
7270,2026-05-15,2446.0,2717.5,2435.5,2567.5,2510.87841796875,18708400,2411.479814453125,2661.609970703125,2730.102815755208,-44.40819221779202,-57.909204604748595,2590.200240801507,2232.7593881047433,False,True
7270,2026-05-18,2417.5,2461.5,2362.0,2385.0,2332.403076171875,7555900,2406.1206640625,2648.2378157552084,2714.856904296875,-43.47619905921101,-55.02260349564108,2585.965965903752,2226.275362221248,False,False
7270,2026-05-19,2360.0,2451.0,2357.0,2450.0,2395.969482421875,4511300,2400.50724609375,2636.7074055989583,2699.1237825520834,-37.17972529896406,-51.45402785630568,2572.330141027514,2228.684351159986,False,False
7270,2026-05-20,2460.0,2471.5,2430.5,2437.0,2383.25634765625,3676600,2396.47810546875,2626.906640625,2684.937190755208,-32.837043213988636,-47.73063092784228,2564.973874777095,2227.9823361604053,False,False
7270,2026-05-21,2453.0,2507.5,2450.0,2493.0,2438.021240234375,4250900,2394.46353515625,2618.0145182291667,2672.1563411458333,-24.69173626694692,-43.12285199566321,2559.6882561223883,2229.238814190112,False,False
7270,2026-05-22,2480.0,2489.0,2439.0,2441.0,2387.16796875,4287200,2391.920869140625,2609.119892578125,2661.609970703125,-22.085369446599998,-38.91535548585057,2555.5522667386904,2228.28947154256,False,False
7270,2026-05-25,2482.5,2497.5,2445.0,2464.5,2410.14990234375,2865500,2389.006591796875,2599.8306640625,2648.2378157552084,-17.958342398148034,-34.723952868310064,2548.5903169032367,2229.4228666905133,False,False
7270,2026-05-26,2465.0,2468.0,2434.0,2466.0,2411.61669921875,2592700,2387.441875,2589.5795475260416,2636.7074055989583,-14.403253735991257,-30.659813041846306,2545.3320608250397,2229.5516891749603,False,False
7270,2026-05-27,2446.0,2470.0,2424.0,2437.0,2383.25634765625,4428600,2383.099794921875,2578.810087890625,2626.906640625,-13.716152444575073,-27.27108092239206,2535.1324274746503,2231.0671623690996,False,False
7270,2026-05-28,2475.5,2487.5,2441.5,2465.5,2411.127685546875,4350700,2380.283310546875,2567.1376432291668,2618.0145182291667,-10.798161202822484,-23.976496978478146,2527.4478839755734,2233.1187371181763,False,False
7270,2026-05-29,2450.0,2488.0,2442.0,2442.0,2388.14599609375,12101700,2375.315341796875,2553.986142578125,2609.119892578125,-10.222226924743154,-21.225642967731147,2512.348640157696,2238.282043436054,False,False
7270,2026-06-01,2440.5,2451.0,2373.0,2422.0,2368.587158203125,5301000,2369.506337890625,2540.471891276042,2599.8306640625,-11.214752926927304,-19.22346495957038,2494.331681767805,2244.6809940134453,False,False
7270,2026-06-02,2366.0,2448.5,2361.0,2438.5,2384.72314453125,5157700,2367.081025390625,2529.6710026041665,2589.5795475260416,-10.577368373381887,-17.494245642332682,2488.2188797056797,2245.9431710755707,False,False
7270,2026-06-03,2440.0,2492.0,2436.5,2471.0,2416.50634765625,4327100,2365.907490234375,2523.0922037760415,2578.810087890625,-7.422040985294643,-15.479804710925077,2484.5124383031907,2247.3025421655593,False,False
7270,2026-06-04,2453.0,2523.5,2453.0,2474.5,2419.92919921875,3891200,2366.963671875,2515.0805045572915,2567.1376432291668,-4.592288736248975,-13.302301515989857,2486.9952242259174,2246.9321195240823,False,False
7270,2026-06-05,2487.0,2501.0,2444.0,2454.5,2400.370361328125,3541800,2367.53087890625,2506.9864680989585,2553.986142578125,-3.88316177757315,-11.418473568306517,2488.0535006669165,2247.0082571455837,False,False
7270,2026-06-08,2462.0,2535.0,2462.0,2493.0,2438.021240234375,5206600,2369.662802734375,2499.1522688802083,2540.471891276042,-0.27983650657279213,-9.190746155959772,2493.174958759945,2246.1506467088047,False,False
7270,2026-06-09,2530.0,2561.5,2509.0,2523.0,2467.359619140625,3875000,2376.449755859375,2492.614212239583,2529.6710026041665,4.886854105753173,-6.375226103617184,2502.0253832334542,2250.8741284852954,False,False
7270,2026-06-10,2573.0,2582.0,2523.5,2535.5,2479.583984375,4577600,2382.9433203125,2486.519560546875,2523.0922037760415,9.854303474781773,-3.1293201879373926,2512.33267390851,2253.55396671649,False,False
7270,2026-06-11,2485.5,2512.0,2472.0,2480.0,2425.307861328125,4194500,2388.3024609375,2479.5992578125,2515.0805045572915,9.3041607889445,-0.642623992561014,2513.086212723208,2263.5187091517923,False,False
7270,2026-06-12,2518.5,2533.5,2467.5,2474.0,2419.440185546875,4481200,2392.840126953125,2472.5242447916667,2506.9864680989585,8.299030294254862,1.1457068648021616,2513.5046309690724,2272.1756229371776,False,False
7270,2026-06-15,2512.5,2585.0,2505.0,2568.0,2511.3671875,3616600,2402.56091796875,2467.50341796875,2499.1522688802083,14.750167181636698,3.8665989281690694,2520.670967933903,2284.450868003597,True,False
7270,2026-06-16,2520.0,2564.5,2506.5,2564.5,2507.944580078125,3742900,2413.37701171875,2463.7689127604167,2492.614212239583,19.363355123206475,6.965950167176551,2517.7894655669534,2308.9645578705467,False,False
7270,2026-06-17,2570.0,2601.5,2569.0,2582.5,2525.547607421875,4323900,2422.628388671875,2459.7783951822917,2486.519560546875,24.16124124589487,10.405008382920215,2524.1304614332525,2321.126315910498,False,False
7270,2026-06-18,2582.5,2595.5,2539.5,2577.0,2520.168701171875,4006800,2429.474013671875,2455.5122233072916,2479.5992578125,27.215840515854325,13.767174809507038,2533.2562737084213,2325.691753635329,False,False
7270,2026-06-19,2497.5,2524.0,2436.5,2440.5,2386.678955078125,8465900,2424.50603515625,2449.5235416666665,2472.5242447916667,18.650138369274828,14.743767521460597,2524.0288599571204,2324.98321035538,False,False
7270,2026-06-22,2444.5,2465.5,2400.5,2427.5,2373.9658203125,3960600,2426.168544921875,2443.98353515625,2467.50341796875,10.712427778892561,13.93749957294699,2520.747370371895,2331.5897194718546,False,False
7270,2026-06-23,2428.0,2442.5,2391.5,2391.5,2338.759765625,4161400,2423.88015625,2440.16005859375,2463.7689127604167,1.5628846030508612,11.462576578967766,2523.8838419031686,2323.876470596831,False,False
7270,2026-06-24,2415.0,2416.0,2371.5,2375.0,2322.62353515625,3163600,2421.45484375,2437.0837565104166,2459.7783951822917,-6.910592220008311,7.787942819172551,2528.0082392840377,2314.901448215962,False,False
7270,2026-06-25,2370.0,2421.0,2365.0,2401.5,2348.5390625,3209100,2417.875556640625,2434.359368489583,2455.5122233072916,-11.403267410424633,3.949700773253115,2527.9171097968715,2307.834003484378,False,False
7270,2026-06-26,2401.0,2407.0,2370.0,2401.0,2348.050048828125,3103100,2416.31083984375,2430.933798828125,2449.5235416666665,-14.832227497420263,0.19331511911843968,2529.1318191001606,2303.489860587339,False,False
7270,2026-06-29,2430.0,2430.0,2371.0,2401.5,2348.5390625,8785900,2413.84640625,2428.1584244791666,2443.98353515625,-17.310696816854488,-3.3074872680761462,2529.747608543919,2297.9452039560815,False,False
7270,2026-06-30,2421.5,2426.0,2369.5,2390.0,2337.292724609375,3811000,2410.873447265625,2424.9271940104168,2440.16005859375,-19.952388373876147,-6.636467489236146,2530.6006951475133,2291.146199383737,False,False
7270,2026-07-01,2404.5,2436.0,2399.0,2406.0,2352.93994140625,3400900,2409.660791015625,2421.7325227864585,2437.0837565104166,-20.546501064397034,-9.418474204268325,2531.0844528377766,2288.2371291934733,False,False
7270,2026-07-02,2442.5,2518.0,2437.5,2501.5,2446.333740234375,4179900,2411.069033203125,2420.038020833333,2434.359368489583,-13.327608239463643,-10.200301011307388,2533.3417350381596,2288.7963313680903,True,False
7270,2026-07-03,2551.5,2562.0,2508.0,2515.5,2460.025146484375,2899900,2413.94419921875,2419.386429036458,2430.933798828125,-6.427707000675582,-9.445782209181028,2537.3011810200887,2290.587217417411,False,True
7270,2026-07-06,2535.0,2616.0,2525.0,2589.5,2532.39306640625,4076900,2420.496435546875,2420.4135221354168,2428.1584244791666,4.824388231466401,-6.591748121051543,2550.730369029922,2290.2625020638284,False,False
7270,2026-07-07,2596.0,2608.5,2556.5,2573.5,2516.74609375,3556000,2425.777353515625,2421.1172721354164,2424.9271940104168,12.336962025022785,-2.806006091836678,2560.4131882282177,2291.141518803032,False,False
7270,2026-07-08,2557.0,2570.0,2518.0,2525.0,2469.315673828125,3327600,2427.8897265625,2420.793489583333,2421.7325227864585,14.298666262388906,0.6149283790084388,2563.5308004116782,2292.248652713322,False,False
7270,2026-07-09,2490.5,2512.0,2473.0,2488.5,2433.62060546875,2877200,2428.4373828125,2420.6247037760418,2420.038020833333,12.825196422398676,3.0569819876864863,2564.056027850257,2292.8187377747427,False,False
7270,2026-07-10,2489.0,2510.5,2480.5,2492.5,2437.5322265625,3320300,2429.923857421875,2421.304697265625,2419.386429036458,11.836650550427748,4.81291570023474,2565.093276348173,2294.754438495577,False,False
7270,2026-07-13,2520.0,2521.0,2475.0,2475.0,2420.418212890625,1745100,2429.219736328125,2420.9471321614583,2420.4135221354168,9.562037730467182,5.762740106281228,2564.3964910381756,2294.042981618074,False,False
7270,2026-07-14,2506.5,2507.5,2470.0,2485.5,2430.686767578125,2371100,2427.752822265625,2420.4078287760417,2421.1172721354164,8.490108541973768,6.308213793419737,2562.0351662637554,2293.470478267495,True,False
7270,2026-07-15,2492.5,2503.0,2484.0,2499.5,2444.3779296875,1988900,2426.344580078125,2419.96185546875,2420.793489583333,8.645697083451978,6.775710451426186,2559.1534777408438,2293.5356824154064,False,False
7270,2026-07-16,2500.5,2540.5,2489.0,2518.5,2462.958984375,3542900,2427.850625,2419.648912760417,2420.6247037760418,10.151319852178403,7.45083233157663,2561.430028291673,2294.271221708327,False,False
7270,2026-07-17,2530.0,2544.5,2505.0,2534.0,2478.1171875,3810700,2430.197705078125,2420.444309895833,2421.304697265625,12.424455662694072,8.44555699780012,2565.158367992881,2295.2370421633696,False,False
7270,2026-07-21,2525.0,2601.5,2525.0,2591.0,2533.860107421875,3650800,2431.097421875,2421.84603515625,2420.9471321614583,18.510541939199356,10.458553986079966,2568.4885714386405,2293.706272311359,False,False
7270,2026-07-22,2595.5,2624.0,2578.0,2583.0,2526.036376953125,3729500,2431.82109375,2422.2372135416667,2420.4078287760417,22.443781555032274,12.855599499870427,2571.0026309209798,2292.63955657902,False,False
7270,2026-07-23,2591.0,2611.5,2579.0,2611.5,2553.907958984375,2843400,2432.9555078125,2423.5541829427084,2419.96185546875,27.492984019444975,15.783076403785339,2575.593650102154,2290.317365522846,False,False
7270,2026-07-24,2586.0,2594.0,2544.5,2557.0,2500.60986328125,3741700,2432.173154296875,2423.79541015625,2419.648912760417,26.8839015748531,18.00324143799889,2573.093509968518,2291.252798625232,False,False
7270,2026-07-27,2600.0,2663.5,2589.0,2663.5,2604.76123046875,4649900,2440.8964453125,2425.627431640625,2420.444309895833,34.408702152310525,21.28433358086122,2595.7798560378374,2286.0130345871626,False,False
7270,2026-07-28,2663.5,2709.0,2658.0,2680.0,2620.897216796875,5583900,2450.773701171875,2427.68763671875,2421.84603515625,41.19928040695277,25.26732294607953,2618.3025680939663,2283.2448342497837,False,False
7270,2026-07-29,2730.0,2850.0,2713.5,2848.5,2785.681396484375,7866200,2468.65056640625,2431.01265625,2422.2372135416667,59.1952032834447,32.05289901355256,2675.3536356370196,2261.9474971754807,False,False
7270,2026-07-30,2850.0,2881.5,2762.0,2823.0,2760.74365234375,4919300,2486.17537109375,2434.7027734375,2423.5541829427084,70.6306481323445,39.768448837310956,2713.632619893537,2258.718122293963,False,False
7270,2026-07-31,2717.0,2771.5,2699.0,2715.5,2655.614501953125,6220800,2498.458388671875,2436.9324934895835,2423.79541015625,70.39876360237486,45.89451179032373,2728.0141519364042,2268.902625407346,False,False
7270,2026-08-03,2666.0,2670.0,2566.5,2618.0,2560.2646484375,5392100,2506.94697265625,2438.3928938802082,2425.627431640625,61.80856645539916,49.07732272333882,2729.206279376998,2284.6876659355025,False,False
7270,2026-08-04,2622.0,2633.5,2568.0,2584.0,2527.014404296875,3979600,2514.085986328125,2438.9796614583333,2427.68763671875,51.72154275973662,49.606166730618384,2726.794423135815,2301.3775495204345,False,False
7270,2026-08-05,2600.0,2653.5,2444.0,2475.5,2420.9072265625,11544300,2517.43056640625,2438.581962890625,2431.01265625,34.764794429512676,46.637892270397245,2721.3628150741447,2313.498317738355,False,False
7270,2026-08-06,2466.0,2541.5,2461.5,2515.0,2459.5361328125,8242000,2521.6944140625,2438.1516666666666,2434.7027734375,24.164920943673224,42.14329800505244,2715.9179358509828,2327.4708922740174,True,False
7270,2026-08-07,2505.0,2578.5,2501.5,2567.5,2510.87841796875,4527300,2524.276201171875,2438.5428483072915,2436.9324934895835,19.68047391231812,37.65073318650558,2716.125503112424,2332.426899231326,False,False
7270,2026-08-10,2568.0,2620.0,2535.0,2615.0,2557.330810546875,3529800,2528.168427734375,2439.14265625,2438.3928938802082,19.648343322333858,34.05025521367124,2718.5886535829363,2337.748201885814,False,False
7270,2026-08-12,2640.0,2642.5,2582.5,2582.5,2525.547607421875,4901000,2527.894609375,2439.2991276041666,2438.9796614583333,16.863844823658383,30.61297313566867,2718.309435180644,2337.479783569356,False,False
7270,2026-08-13,2584.5,2602.5,2530.0,2557.5,2501.098876953125,4723900,2527.268720703125,2440.0423665364583,2438.581962890625,12.539751035751578,26.998328715685254,2717.9287176614193,2336.6087237448305,False,False
7270,2026-08-14,2550.0,2583.0,2535.5,2583.0,2526.036376953125,4756500,2529.537548828125,2441.1115885416666,2438.1516666666666,10.998341361058465,23.798331244759897,2718.7292986496677,2340.3457990065826,False,False
7270,2026-08-17,2584.5,2595.0,2557.5,2557.5,2501.098876953125,3250600,2532.2366796875,2442.545911458333,2438.5428483072915,7.676030745717526,20.573871144951422,2717.767724681297,2346.705634693703,False,False
7270,2026-08-18,2557.0,2588.5,2538.5,2588.5,2531.415283203125,3471400,2535.992001953125,2444.48224609375,2439.14265625,7.404007477337018,17.93989841142854,2717.4594576450263,2354.524546261224,False,False
7270,2026-08-19,2590.0,2595.0,2518.5,2518.5,2462.958984375,5426100,2537.6936328125,2445.525390625,2439.2991276041666,1.6456063494124464,14.681039999025321,2715.5562163850273,2359.8310492399723,False,False
7270,2026-08-20,2568.5,2649.0,2560.0,2633.5,2575.4228515625,5673400,2543.483076171875,2449.2285514322916,2440.0423665364583,6.086761750189908,12.96218434925824,2716.38973300116,2370.57641934259,False,False
7270,2026-08-21,2635.5,2675.0,2635.0,2655.5,2596.9375,4747600,2549.585458984375,2452.9577864583334,2441.1115885416666,11.213202902506055,12.612388059907804,2718.7996514466386,2380.371266522111,False,False
7270,2026-08-24,2659.0,2668.0,2617.5,2655.5,2596.9375,3050800,2554.944599609375,2457.0325618489583,2442.545911458333,15.101859612696899,13.110282370465622,2721.3076139103823,2388.5815853083677,False,True
7270,2026-08-25,2649.5,2658.0,2611.5,2613.0,2555.375,3236000,2558.034912109375,2460.3575813802086,2444.48224609375,14.66089994560798,13.420405885494095,2721.4181726987576,2394.6516515199924,False,False
7270,2026-08-26,2611.0,2651.0,2611.0,2625.5,2567.59912109375,3260300,2559.38447265625,2464.3476041666668,2445.525390625,15.123486505132405,13.761022009421758,2722.5038554776374,2396.265089834863,False,False
7270,2026-08-27,2610.0,2632.0,2585.0,2585.0,2527.992431640625,4365800,2559.46271484375,2468.2202734375,2449.2285514322916,12.154056457158731,13.439628898969154,2722.51990396771,2396.4055257197897,False,False
7270,2026-08-28,2596.0,2653.0,2592.5,2639.0,2580.801513671875,4078100,2560.53845703125,2472.040784505208,2452.9577864583334,13.901762462439365,13.532055611663198,2723.7896018469423,2397.2873122155574,False,True
7270,2026-08-31,2657.0,2681.0,2644.5,2668.0,2609.161865234375,3947600,2564.880537109375,2475.5092350260416,2457.0325618489583,17.374987377972957,14.30064196492515,2727.2971913115975,2402.4638829071523,False,False
7270,2026-09-01,2692.5,2749.0,2686.0,2735.5,2675.17333984375,3360700,2567.697021484375,2477.699833984375,2460.3575813802086,25.16404205410572,16.473321982761266,2735.146370382645,2400.247672586105,False,False
7270,2026-09-02,2670.0,2686.0,2645.5,2666.0,2607.2060546875,4240000,2567.149375,2481.3638736979165,2464.3476041666668,25.557916365630263,18.290240859335064,2733.9876117669482,2400.3111382330517,False,False
7270,2026-09-03,2684.0,2711.0,2655.0,2655.0,2596.44873046875,3607700,2559.580068359375,2484.036930338542,2468.2202734375,24.717114918569223,19.575615671181897,2701.3622001183494,2417.797936600401,False,False
7270,2026-09-04,2660.0,2684.5,2635.0,2637.5,2579.33447265625,3927600,2552.323701171875,2486.6513053385415,2472.040784505208,22.411450883338148,20.142782713613148,2668.4241114291594,2436.223290914591,False,False
7270,2026-09-07,2640.0,2661.0,2637.5,2640.5,2582.268310546875,2548900,2549.389853515625,2488.574599609375,2475.5092350260416,20.58365614748527,20.230957400387574,2658.391256398174,2440.388450633076,False,False
7270,2026-09-08,2597.0,2598.5,2539.5,2539.5,2483.495849609375,5270400,2546.3191015625,2489.8589713541664,2477.699833984375,11.03776702156074,18.392319324622207,2658.2091776815464,2434.429025443453,False,False
7270,2026-09-09,2524.5,2568.5,2520.0,2555.5,2499.142822265625,4725300,2545.20423828125,2491.0455436197917,2481.3638736979165,4.68119909181587,15.65009527806094,2658.3894239376214,2432.019052624879,True,False
7270,2026-09-10,2520.0,2571.5,2519.5,2561.0,2504.521728515625,3838600,2548.548818359375,2492.28427734375,2484.036930338542,0.07672159310641291,12.535420541070035,2651.3057767858013,2445.791859932949,False,False
7270,2026-09-11,2539.5,2626.0,2530.0,2619.5,2561.7314453125,5009300,2552.636630859375,2494.6639453125,2486.6513053385415,1.0320887492175643,10.234754182699543,2648.8251718366064,2456.448089882144,False,False
7270,2026-09-14,2618.5,2649.5,2601.5,2649.0,2590.5810546875,3128700,2555.824736328125,2497.0566569010416,2488.574599609375,4.070227425666872,9.001848831293009,2651.548005716198,2460.1014669400515,False,False
7270,2026-09-15,2650.0,2656.0,2614.5,2629.0,2571.02197265625,2033600,2556.3723828125,2499.4950032552083,2489.8589713541664,4.8438824953123,8.170255564096868,2652.280331767985,2460.4644338570147,False,False
7270,2026-09-16,2648.0,2664.0,2622.5,2625.5,2567.59912109375,2093100,2558.054443359375,2502.14849609375,2491.0455436197917,5.121773579134242,7.560559167104343,2653.21303215746,2462.89585456129,False,False
7270,2026-09-17,2643.0,2686.5,2643.0,2686.5,2627.25390625,2967100,2563.10064453125,2505.3822395833336,2492.28427734375,10.039913003947277,8.05642993447293,2659.0195743424497,2467.1817147200504,False,True
7270,2026-09-18,2674.0,2690.0,2632.5,2632.5,2574.44482421875,5432300,2565.036982421875,2507.4880859375,2494.6639453125,9.5660508755509,8.358354122688525,2659.832722597728,2470.241242246022,False,False
7270,2026-09-24,2648.0,2655.0,2622.0,2628.0,2570.044189453125,3296500,2567.794794921875,2509.489619140625,2497.0566569010416,8.734728760882263,8.433629050327273,2658.930565961344,2476.659023882406,False,False
7270,2026-09-25,2642.0,2671.5,2636.5,2660.0,2601.33837890625,3462800,2570.59171875,2512.1691927083334,2499.4950032552083,10.4802695247281,8.84295714520744,2661.3810911232945,2479.8023463767054,False,False
7270,2026-09-28,2650.5,2673.5,2630.0,2630.0,2572.0,4351200,2574.953359375,2513.955576171875,2502.14849609375,9.388041668841197,8.951974049934192,2654.4100327240426,2495.496686025958,False,False
7270,2026-09-29,2554.0,2567.0,2530.5,2534.0,2534.0,4435400,2573.2964453125,2514.8441145833335,2505.3822395833336,5.393982332532687,8.240375706453891,2654.3562666683592,2492.236623956641,False,False
7270,2026-09-30,2555.0,2563.5,2533.0,2550.0,2550.0,4447800,2571.4189453125,2515.7829947916666,2507.4880859375,3.4796169569922313,7.28822395656156,2652.375764647486,2490.462125977514,False,False
7270,2026-10-01,2540.0,2552.5,2501.0,2537.0,2537.0,3256100,2569.0214453125,2517.272223307292,2509.489619140625,0.9030672529984258,6.011192615848933,2650.3625131560643,2487.6803774689356,False,False
7270,2026-10-02,2525.0,2529.0,2476.0,2487.0,2487.0,3756500,2566.2864453125,2518.1730208333333,2512.1691927083334,-5.11449239831245,3.786055613016657,2653.6538027257175,2478.919087899282,False,False
7270,2026-10-05,2482.0,2514.0,2482.0,2511.5,2511.5,2583100,2564.04248046875,2518.174791666667,2513.955576171875,-7.816403892663857,1.4655637118805545,2654.002953255706,2474.082007681794,False,False
7270,2026-10-06,2521.5,2536.5,2510.5,2532.5,2532.5,1943700,2564.222783203125,2518.502197265625,2514.8441145833335,-8.168996614532716,-0.4613483534020997,2653.9111779726063,2474.5343884336435,True,False
7741,2026-04-09,28955.0,29360.0,28900.0,28985.0,28985.0,1076500,27663.977421875,26410.867890625,26105.967421875,268.628338059385,144.0858189201778,28805.7705682893,26522.1842754607,False,False
7741,2026-04-10,28985.0,30030.0,28925.0,29490.0,29490.0,1167400,27724.991796875,26488.84458333333,26159.40453125,370.830053474092,189.43466583096063,29069.549043119852,26380.43455063015,False,False
7741,2026-04-13,29265.0,29390.0,28965.0,29170.0,29170.0,793200,27758.498359375,26564.608385416668,26221.155052083333,421.1495734887576,235.77764736252004,29200.168404086617,26316.828314663384,False,False
7741,2026-04-14,29670.0,29770.0,29205.0,29400.0,29400.0,733200,27870.57,26640.921302083334,26277.94046875,474.12185186505303,283.44648826302665,29368.53305017152,26372.606949828478,False,False
7741,2026-04-15,29770.0,30400.0,29620.0,30030.0,30030.0,1094200,27980.81109375,26723.712942708335,26342.40708333333,560.477661397872,338.85272288999573,29679.173372584308,26282.44881491569,False,False
7741,2026-04-16,29770.0,30030.0,29405.0,30000.0,30000.0,1130400,28076.734453125,26806.502083333333,26410.867890625,619.3549747196193,394.95317325592043,29941.405803281767,26212.06310296823,False,False
7741,2026-04-17,29495.0,29840.0,28995.0,28995.0,28995.0,1161300,28135.240390625,26879.667552083334,26488.84458333333,578.2548073823054,431.61350008119746,30019.59834135518,26250.88243989482,False,False
7741,2026-04-20,29495.0,29795.0,29290.0,29645.0,29645.0,897300,28217.36125,26961.2346875,26564.608385416668,591.3158750538387,463.5539750757257,30177.286769611797,26257.435730388206,False,False
7741,2026-04-21,29465.0,29555.0,28970.0,28970.0,28970.0,1089700,28280.233515625,27034.000572916666,26640.921302083334,540.964108983917,479.036001857364,30231.83926579115,26328.627765458852,False,False
7741,2026-04-22,29090.0,29185.0,28625.0,28675.0,28675.0,914500,28326.933203125,27105.483177083333,26723.712942708335,471.81712292931843,477.5922260717549,30258.108816894426,26395.757589355577,False,False
7741,2026-04-23,28590.0,28700.0,28180.0,28495.0,28495.0,899100,28347.750078125,27171.584479166668,26806.502083333333,397.9063261864867,461.65504609470133,30274.498805286814,26421.001350963183,False,False
7741,2026-04-24,28310.0,28670.0,28300.0,28590.0,28590.0,772600,28386.2796875,27233.18859375,26879.667552083334,343.04280935166025,437.9325987460931,30292.22822128942,26480.331153710576,False,False
7741,2026-04-27,28900.0,29260.0,28785.0,28940.0,28940.0,950500,28460.0759375,27297.604322916668,26961.2346875,324.0694806707943,415.1599751310334,30302.131169267548,26618.020705732455,False,False
7741,2026-04-28,29320.0,29380.0,28945.0,29305.0,29305.0,952900,28509.913984375,27355.756510416668,27034.000572916666,334.62804673939536,399.0535894527058,30373.17026890673,26646.657699843272,False,False
7741,2026-04-30,29130.0,29700.0,27665.0,29100.0,29100.0,3573900,28544.198125,27411.837890625,27105.483177083333,322.73372617503264,383.7896167971712,30418.05160869028,26670.34464130972,False,False
7741,2026-05-01,29200.0,29200.0,27750.0,27830.0,27830.0,1140500,28540.8,27451.7809375,27171.584479166668,208.42639552004403,348.7169725417458,30419.50738541176,26662.092614588237,False,False
7741,2026-05-07,28275.0,28345.0,26805.0,27510.0,27510.0,2802900,28556.8,27490.57114583333,27233.18859375,90.96707497246098,297.16699302788885,30392.82152492848,26720.77847507152,False,False
7741,2026-05-08,27410.0,27940.0,27405.0,27470.0,27470.0,1207200,28574.6,27512.662708333333,27297.604322916668,-5.287003234017902,236.6761937755075,30358.77021609506,26790.429783904936,False,False
7741,2026-05-11,27360.0,27585.0,27050.0,27235.0,27235.0,1231300,28602.0,27536.457291666666,27355.756510416668,-99.38593056691388,169.46376890702322,30278.765934768686,26925.234065231314,False,False
7741,2026-05-12,27270.0,27870.0,27220.0,27285.0,27285.0,1110000,28589.4,27564.69484375,27411.837890625,-167.9889541973389,101.97322428615078,30300.477601980903,26878.3223980191,False,False
7741,2026-05-13,27370.0,27825.0,27300.0,27680.0,27680.0,814400,28603.8,27599.921588541667,27451.7809375,-188.31338633858468,43.9159021612037,30277.555728892574,26930.044271107425,True,False
7741,2026-05-14,27870.0,28135.0,27380.0,27670.0,27670.0,934500,28607.6,27636.803802083334,27490.57114583333,-202.8887860351315,-5.445035478063346,30272.402979334405,26942.797020665592,False,False
7741,2026-05-15,27740.0,28465.0,27630.0,28005.0,28005.0,1111800,28609.4,27680.073958333334,27512.662708333333,-185.27248909043192,-41.410526200537056,30271.49342697717,26947.306573022834,False,False
7741,2026-05-18,27900.0,28050.0,27255.0,27725.0,27725.0,677600,28598.2,27717.15947916667,27536.457291666666,-191.6953619788801,-71.46749335620567,30280.089128331805,26916.310871668196,False,False
7741,2026-05-19,27700.0,27700.0,26705.0,26895.0,26895.0,1029300,28523.8,27738.673255208334,27564.69484375,-260.75379102847364,-109.32475289065925,30331.234159243624,26716.365840756374,False,False
7741,2026-05-20,26945.0,26970.0,26220.0,26500.0,26500.0,976100,28424.4,27763.003020833334,27599.921588541667,-343.39781616957043,-156.13936554644152,30386.181476108057,26462.618523891946,False,False
7741,2026-05-21,26900.0,27130.0,26580.0,26580.0,26580.0,744300,28308.0,27784.490625,27636.803802083334,-397.8522767083814,-204.48194777882952,30346.87223729215,26269.12776270785,False,False
7741,2026-05-22,26620.0,26885.0,26225.0,26225.0,26225.0,1071500,28190.2,27797.73359375,27680.073958333334,-464.30118708257214,-256.4457956395781,30352.797475259948,26027.602524740054,False,False
7741,2026-05-25,26055.0,26455.0,25870.0,26300.0,26300.0,956600,28066.2,27810.717786458332,27717.15947916667,-505.08821159701984,-306.17427883106643,30291.68921363387,25840.710786366133,False,False
7741,2026-05-26,26285.0,26570.0,25970.0,25970.0,25970.0,1011500,27903.8,27814.200625,27738.673255208334,-557.6126528935602,-356.46195364356515,30124.906535040736,25682.693464959262,False,False
7741,2026-05-27,27220.0,27835.0,27025.0,27195.0,27195.0,1399000,27791.6,27834.745572916665,27763.003020833334,-494.6889228222608,-384.1073474793043,29855.647906420938,25727.55209357906,False,False
7741,2026-05-28,27080.0,27400.0,26740.0,26970.0,26970.0,930100,27710.6,27834.203932291668,27784.490625,-457.70094145218536,-398.82606627388054,29737.998964190487,25683.20103580951,False,False
7741,2026-05-29,27020.0,27510.0,26985.0,27080.0,27080.0,1751300,27608.0,27831.88265625,27797.73359375,-414.7308598493946,-402.0070249889834,29487.670183835628,25728.329816164372,False,False
7741,2026-06-01,26950.0,27150.0,26275.0,26440.0,26440.0,841300,27506.8,27827.45440104167,27810.717786458332,-427.39269494863765,-407.0841589809143,29354.410088736433,25659.189911263566,False,False
7741,2026-06-02,26175.0,26385.0,25990.0,26305.0,26305.0,894500,27412.0,27827.785026041667,27814.200625,-443.21159487028126,-414.3096461587877,29253.319092390193,25570.680907609807,False,False
7741,2026-06-03,26500.0,27575.0,26375.0,27495.0,27495.0,1092900,27372.0,27831.527083333334,27834.745572916665,-355.62570056535696,-402.57285704010155,29160.15435575362,25583.84564424638,False,True
7741,2026-06-04,27480.0,27495.0,26280.0,26430.0,26430.0,1078800,27285.6,27811.263958333333,27834.203932291668,-367.9088238242839,-395.640050396938,29038.38366035305,25532.816339646946,False,False
7741,2026-06-05,26290.0,26395.0,26155.0,26340.0,26340.0,714800,27181.6,27785.36200520833,27831.88265625,-380.5191474735948,-392.6158698122694,28835.11920460593,25528.080795394068,False,False
7741,2026-06-08,25400.0,25800.0,25100.0,25280.0,25280.0,936500,27020.6,27749.566796875,27827.45440104167,-470.62103469201975,-408.2169027882195,28597.813542929624,25443.386457070374,False,False
7741,2026-06-09,25595.0,25895.0,25350.0,25605.0,25605.0,971500,26880.8,27727.512604166666,27827.785026041667,-509.9245527726416,-428.55843278510395,28308.465731185213,25453.134268814785,False,False
7741,2026-06-10,25420.0,25750.0,25265.0,25710.0,25710.0,894600,26796.0,27706.99091145833,27831.527083333334,-526.5307330036376,-448.1528928288107,28239.82547421792,25352.17452578208,False,False
7741,2026-06-11,25300.0,25920.0,25165.0,25650.0,25650.0,936500,26721.6,27689.710520833334,27811.263958333333,-538.3272476233251,-466.1877637877136,28201.82084838736,25241.379151612637,False,False
7741,2026-06-12,26420.0,26545.0,25965.0,26420.0,26420.0,1790900,26679.6,27676.270442708334,27785.36200520833,-480.0102462840696,-468.9522602869848,28131.81739419434,25227.38260580566,False,False
7741,2026-06-15,26945.0,26975.0,26445.0,26630.0,26630.0,652900,26655.4,27666.359114583334,27749.566796875,-412.09794898084147,-457.5813980257562,28089.844617265022,25220.95538273498,False,True
7741,2026-06-16,26590.0,27255.0,26510.0,27065.0,27065.0,964700,26646.6,27641.643671875,27727.512604166666,-319.4931810198432,-429.9637546245736,28068.127966661435,25225.07203333856,False,False
7741,2026-06-17,27025.0,27685.0,26900.0,27620.0,27620.0,833200,26644.2,27626.117005208333,27706.99091145833,-199.02513568265567,-383.77603083619005,28058.927337687583,25229.47266231242,False,False
7741,2026-06-18,28000.0,28720.0,27770.0,28515.0,28515.0,1113200,26678.0,27619.343619791667,27689.710520833334,-30.97723536796184,-313.21627174254445,28223.478566658432,25132.521433341568,True,False
7741,2026-06-19,28865.0,28880.0,27035.0,27245.0,27245.0,1231700,26647.6,27608.092135416668,27676.270442708334,-0.2732993907193304,-250.62767727217943,28115.420479486707,25179.77952051329,False,False
7741,2026-06-22,26945.0,27355.0,26860.0,26975.0,26975.0,718700,26617.6,27595.095677083333,27666.359114583334,2.247143889351719,-200.05271303987323,28025.549203629373,25209.650796370624,False,False
7741,2026-06-23,27205.0,27230.0,26485.0,26485.0,26485.0,919300,26601.2,27573.114583333332,27641.643671875,-34.89207740277925,-167.02058591245444,28005.388819212214,25197.011180787787,False,False
7741,2026-06-24,26200.0,26510.0,25875.0,26350.0,26350.0,1042700,26595.2,27561.192473958334,27626.117005208333,-74.36135815982925,-148.4887403619294,28002.3459910047,25188.054008995303,False,False
7741,2026-06-25,26825.0,26850.0,26120.0,26120.0,26120.0,1037600,26576.8,27536.597265625,27619.343619791667,-122.78473928675157,-143.34794014689382,27996.236169752126,25157.363830247872,False,False
7741,2026-06-26,26500.0,26710.0,25020.0,25575.0,25575.0,1331600,26550.8,27499.832786458333,27608.092135416668,-202.79981294132813,-155.23831470578068,28018.06597452561,25083.53402547439,False,False
7741,2026-06-29,25570.0,25805.0,25170.0,25805.0,25805.0,1387700,26531.0,27489.256666666668,27595.095677083333,-244.83099813575245,-173.15685139177504,28024.39612963225,25037.60387036775,False,False
7741,2026-06-30,26045.0,26255.0,25625.0,25950.0,25950.0,1221100,26530.2,27471.603697916667,27573.114583333332,-263.4043654745692,-191.20635420833386,28024.818292407992,25035.58170759201,False,False
7741,2026-07-01,25940.0,26265.0,25560.0,25905.0,25905.0,1073900,26478.6,27448.978151041665,27561.192473958334,-278.54413344116983,-208.67391005490106,27966.907817623953,24990.292182376044,False,False
7741,2026-07-02,25775.0,25925.0,25500.0,25590.0,25590.0,1068900,26423.4,27423.080130208335,27536.597265625,-312.35968801965646,-229.41106564785213,27936.864158809378,24909.935841190625,False,False
7741,2026-07-03,25845.0,26190.0,25565.0,25930.0,25930.0,991500,26377.4,27400.920416666668,27499.832786458333,-308.1711944498711,-245.16309140825595,27878.093493022665,24876.706506977338,False,False
7741,2026-07-06,26100.0,26100.0,25475.0,25575.0,25575.0,784100,26342.8,27376.611171875,27489.256666666668,-329.69677704392234,-262.06982853538926,27875.66680438992,24809.93319561008,False,False
7741,2026-07-07,25525.0,26055.0,25220.0,25645.0,25645.0,1301800,26316.4,27351.777734375,27471.603697916667,-337.220275919095,-277.09991801213044,27873.503773035234,24759.29622696477,False,False
7741,2026-07-08,25200.0,25405.0,23910.0,23910.0,23910.0,1700600,26173.0,27297.583359375,27448.978151041665,-477.67634739202185,-317.21520388810876,27918.446647709563,24427.553352290437,False,False
7741,2026-07-09,24290.0,24820.0,24230.0,24780.0,24780.0,1841900,26107.0,27259.6265625,27423.080130208335,-512.8749635330096,-356.34715581708895,27931.572278645202,24282.427721354798,False,False
7741,2026-07-10,25200.0,25370.0,24795.0,24975.0,24975.0,992600,26052.4,27231.358645833334,27400.920416666668,-519.0519424066297,-388.8881131349971,27926.828168802567,24177.971831197436,False,False
7741,2026-07-13,25035.0,25515.0,24975.0,25480.0,25480.0,772000,26060.4,27196.971328125,27376.611171875,-477.691433633463,-406.64877723469033,27923.244964026944,24197.55503597306,False,False
7741,2026-07-14,25830.0,25965.0,25340.0,25570.0,25570.0,936200,26059.0,27161.33270833333,27351.777734375,-432.6632124164971,-411.8516642710517,27923.26392981266,24194.73607018734,False,False
7741,2026-07-15,25570.0,25925.0,25305.0,25330.0,25330.0,813700,26043.8,27126.866666666665,27297.583359375,-411.59935576597854,-411.8012025700371,27925.314879027148,24162.28512097285,False,True
7741,2026-07-16,24875.0,25295.0,24865.0,25050.0,25050.0,852300,26019.8,27099.4,27259.6265625,-412.74192556097114,-411.98934716822396,27935.786388260767,24103.81361173923,False,False
7741,2026-07-17,24900.0,25215.0,24625.0,25215.0,25215.0,1065900,25971.6,27075.266666666666,27231.358645833334,-395.7710964765829,-408.7456970298958,27905.434987789944,24037.765012210053,False,True
7741,2026-07-21,25440.0,25630.0,25160.0,25450.0,25450.0,1057300,25924.4,27060.6,27196.971328125,-359.2182121913611,-398.8402000621889,27849.232086183245,23999.567913816758,False,False
7741,2026-07-22,25415.0,25585.0,24900.0,25045.0,25045.0,832800,25843.6,27026.533333333333,27161.33270833333,-358.79395000560544,-390.8309500508722,27739.50193839252,23947.698061607476,False,False
7741,2026-07-23,24840.0,25155.0,24650.0,24840.0,24840.0,760000,25732.4,26993.466666666667,27126.866666666665,-370.72600726741075,-386.80996149417996,27521.6012072432,23943.198792756804,False,False
7741,2026-07-24,24500.0,24690.0,24420.0,24560.0,24560.0,602200,25574.2,26953.266666666666,27099.4,-398.1858697116477,-389.0851431376735,27017.182134331713,24131.217865668288,False,False
7741,2026-07-27,24805.0,24880.0,24585.0,24725.0,24725.0,685100,25473.4,26910.133333333335,27075.266666666666,-401.9998830829245,-391.66809112672377,26781.17894156486,24165.621058435143,False,False
7741,2026-07-28,24370.0,24625.0,23640.0,23685.0,23685.0,1044300,25341.8,26852.533333333333,27060.6,-483.36983791133025,-410.00844048364513,26680.449707728087,24003.150292271912,False,False
7741,2026-07-29,23580.0,24035.0,23340.0,23765.0,23765.0,1083600,25233.0,26786.0,27026.533333333333,-535.2309724588085,-435.0529468786778,26623.444533234062,23842.555466765938,False,False
7741,2026-07-30,23700.0,24375.0,23615.0,23840.0,23840.0,1126700,25132.6,26717.4,26993.466666666667,-563.7805112357928,-460.79845975010085,26548.176546853072,23717.023453146925,False,False
7741,2026-07-31,24285.0,25330.0,23985.0,24675.0,24675.0,2127000,25074.8,26653.2,26953.266666666666,-513.1138477563836,-471.26153735135745,26441.549369855522,23708.050630144477,False,False
7741,2026-08-03,24175.0,25275.0,23955.0,25260.0,25260.0,1538600,25062.2,26601.066666666666,26910.133333333335,-420.9036259675995,-461.18995507460585,26416.018540278004,23708.381459721997,False,True
7741,2026-08-04,25540.0,25925.0,25030.0,25925.0,25925.0,1384400,25067.0,26554.733333333334,26852.533333333333,-290.8140946405729,-427.1147829877993,26432.122705107664,23701.877294892336,False,False
7741,2026-08-05,26925.0,26925.0,25500.0,25900.0,25900.0,1293800,25065.0,26499.666666666668,26786.0,-187.57227841978965,-379.20628207419736,26425.07940944655,23704.92059055345,False,False
7741,2026-08-06,25545.0,25600.0,24950.0,25475.0,25475.0,1135500,25047.8,26439.333333333332,26717.4,-138.4503736494371,-331.05510038924535,26375.441758909557,23720.15824109044,False,False
7741,2026-08-07,25475.0,25735.0,25300.0,25640.0,25640.0,747100,25049.8,26394.6,26653.2,-85.22437562538107,-281.8889554364725,26380.849150106962,23718.750849893037,False,False
7741,2026-08-10,26140.0,26400.0,25825.0,26250.0,26250.0,673100,25062.6,26349.333333333332,26601.066666666666,6.109091494610766,-224.28934605025583,26432.838285846832,23692.361714153165,False,False
7741,2026-08-12,25890.0,26010.0,25610.0,26010.0,26010.0,949100,25080.0,26309.866666666665,26554.733333333334,58.45173278241418,-167.74113028372184,26486.393970408175,23673.606029591825,False,False
7741,2026-08-13,26350.0,26680.0,26200.0,26560.0,26560.0,816400,25116.6,26281.666666666668,26499.666666666668,142.66945193630818,-105.65901383971584,26623.90679027213,23609.293209727868,True,False
7741,2026-08-14,26755.0,26845.0,26340.0,26645.0,26645.0,860600,25226.0,26257.0,26439.333333333332,213.8067595134453,-41.765859169083626,26763.82963945961,23688.17036054039,False,False
7741,2026-08-17,26515.0,26555.0,26170.0,26400.0,26400.0,572100,25290.8,26227.8,26394.6,247.5604134896821,16.09939536266952,26883.540229918388,23698.05977008161,False,False
7741,2026-08-18,26330.0,26505.0,26180.0,26290.0,26290.0,552200,25343.4,26192.466666666667,26349.333333333332,262.4094539156249,65.3614070732606,26977.2732386573,23709.526761342702,False,False
7741,2026-08-19,25765.0,25840.0,25375.0,25415.0,25415.0,1191100,25340.8,26140.6,26309.866666666665,201.2523265693926,92.53959097248699,26974.002204260232,23707.597795739766,False,False
7741,2026-08-20,25820.0,25820.0,25090.0,25240.0,25240.0,769800,25327.6,26089.133333333335,26281.666666666668,137.0836105394992,101.44839488588944,26958.511695954283,23696.688304045714,False,False
7741,2026-08-21,24790.0,25040.0,24525.0,24895.0,24895.0,861500,25310.2,26050.0,26257.0,57.72540156406467,92.7037962215245,26949.896264556482,23670.50373544352,False,False
7741,2026-08-24,25110.0,25240.0,24895.0,24895.0,24895.0,501900,25304.0,26015.133333333335,26227.8,-5.107672722264397,73.14150243276673,26948.749221006194,23659.250778993806,False,False
7741,2026-08-25,25000.0,25000.0,24330.0,24995.0,24995.0,470300,25295.2,25982.133333333335,26192.466666666667,-46.30044975317651,49.25311199557808,26944.108681522564,23646.291318477437,False,False
7741,2026-08-26,24785.0,24985.0,24500.0,24965.0,24965.0,906400,25275.8,25951.866666666665,26140.6,-80.43951495115107,23.31458660623225,26928.375396162148,23623.22460383785,False,False
7741,2026-08-27,25150.0,25185.0,24435.0,24465.0,24465.0,989200,25252.6,25914.266666666666,26089.133333333335,-146.1559960612285,-10.579529927259902,26933.526220867672,23571.673779132325,False,False
7741,2026-08-28,24300.0,24660.0,24235.0,24405.0,24405.0,1381500,25235.2,25870.6,26050.0,-200.76399697583474,-48.616423336974876,26941.661789786245,23528.738210213756,False,False
7741,2026-08-31,24070.0,24600.0,24070.0,24600.0,24600.0,1788500,25236.8,25829.666666666668,26015.133333333335,-225.7045789234544,-84.03405445427079,26940.799718309976,23532.800281690023,False,False
7741,2026-09-01,24640.0,25130.0,24435.0,24890.0,24890.0,1112100,25243.4,25788.133333333335,25982.133333333335,-219.53888581775755,-111.13502072696815,26940.6842307641,23546.1157692359,False,False
7741,2026-09-02,24880.0,24880.0,24380.0,24420.0,24420.0,1319800,25272.8,25744.066666666666,25951.866666666665,-249.6992244293324,-138.84786146744102,26884.388235251325,23661.211764748674,False,False
7741,2026-09-03,24405.0,24580.0,23990.0,24460.0,24460.0,1385800,25300.6,25711.6,25914.266666666666,-267.292660954874,-164.53682136492762,26829.022245323744,23772.177754676253,False,False
7741,2026-09-04,24330.0,24620.0,24100.0,24140.0,24140.0,985000,25312.6,25680.133333333335,25870.6,-303.5576877375097,-192.34099463944403,26799.099566094952,23826.100433905045,False,False
7741,2026-09-07,24135.0,24290.0,23855.0,24145.0,24145.0,1171400,25291.4,25647.666666666668,25829.666666666668,-328.1122507411419,-219.4952458597836,26827.942924880554,23754.85707511945,False,False
7741,2026-09-08,24015.0,24170.0,23325.0,23325.0,23325.0,976100,25214.0,25609.0,25788.133333333335,-409.02409069280475,-257.40101482638784,26933.16258684293,23494.83741315707,False,False
7741,2026-09-09,23345.0,23630.0,23210.0,23210.0,23210.0,1537700,25105.4,25567.8,25744.066666666666,-476.92910386641233,-301.30663263439277,26968.199871161814,23242.60012883819,False,False
7741,2026-09-10,23005.0,23190.0,22855.0,23135.0,23135.0,1049600,24994.8,25530.0,25711.6,-530.6788537446955,-347.18107685645333,26980.06266272261,23009.53733727739,False,False
7741,2026-09-11,22640.0,22795.0,22350.0,22690.0,22690.0,1203300,24883.4,25469.933333333334,25680.133333333335,-602.2414343758901,-398.19314836034073,27052.425071316713,22714.37492868329,False,False
7741,2026-09-14,22425.0,22550.0,22215.0,22430.0,22430.0,1015800,24755.0,25409.4,25647.666666666668,-672.1865737949047,-452.9918334472535,27102.381519906907,22407.618480093093,False,False
7741,2026-09-15,22400.0,22590.0,22240.0,22330.0,22330.0,937600,24598.2,25346.066666666666,25609.0,-727.3038588235322,-507.85423852250926,27046.699752910023,22149.70024708998,False,False
7741,2026-09-16,22345.0,22455.0,22165.0,22390.0,22390.0,886500,24453.4,25292.066666666666,25567.8,-757.4122290445594,-557.7658366269193,26977.792552674888,21929.007447325115,False,False
7741,2026-09-17,22790.0,22905.0,22400.0,22655.0,22655.0,1429800,24297.2,25243.4,25530.0,-751.2303284593836,-596.4587349934122,26763.452347185994,21830.947652814008,False,False
7741,2026-09-18,22825.0,22830.0,22455.0,22605.0,22605.0,1294000,24135.6,25178.2,25469.933333333334,-741.8145336594935,-625.5298947266285,26492.32708644858,21778.87291355142,False,False
7741,2026-09-24,22885.0,23400.0,22680.0,23140.0,23140.0,1468900,24005.2,25134.333333333332,25409.4,-683.3056968942328,-637.0850551601494,26201.637989108825,21808.762010891176,False,False
7741,2026-09-25,23395.0,23640.0,23250.0,23485.0,23485.0,1357300,23893.0,25096.266666666666,25346.066666666666,-602.1571131391756,-630.0994667559547,25888.50294412221,21897.49705587779,False,True
7741,2026-09-28,23605.0,24175.0,23555.0,23590.0,23590.0,1711900,23820.0,25073.733333333334,25292.066666666666,-523.3409052041425,-608.7477544455922,25718.622658666118,21921.377341333882,False,False
7741,2026-09-29,23700.0,23870.0,22980.0,23225.0,23225.0,1499300,23739.4,25042.0,25243.4,-484.743125138757,-583.9468285842252,25559.510590046768,21919.289409953235,False,False
7741,2026-09-30,23330.0,23720.0,23255.0,23580.0,23580.0,1586700,23686.8,25013.6,25178.2,-420.6594726642943,-551.289357400239,25445.246769168854,21928.353230831144,False,False
7741,2026-10-01,23780.0,24390.0,23680.0,24390.0,24390.0,1388900,23666.6,24996.8,25134.333333333332,-301.0422580741724,-501.2399375350257,25380.09402099931,21953.105979000688,False,False
7741,2026-10-02,23905.0,24180.0,23695.0,24180.0,24180.0,1059900,23634.0,24966.933333333334,25096.266666666666,-220.64652290442245,-445.1212546089051,25274.621833330395,21993.378166669605,False,False
7741,2026-10-05,24580.0,24780.0,24230.0,24500.0,24500.0,1215800,23615.4,24938.533333333333,25073.733333333334,-129.6168554876167,-382.0203747846474,25204.99094109157,22025.80905890843,False,False
7741,2026-10-06,24855.0,25400.0,24630.0,25300.0,25300.0,1309000,23648.8,24915.0,25042.0,6.997463491221424,-304.21680712947364,25340.221366780137,21957.37863321986,True,False
8630,2026-04-09,6080.0,6103.0,5973.0,5994.0,5907.24365234375,3320600,5825.38908203125,5597.360579427083,5534.207897135417,80.0624226996124,74.98976763799494,6154.603632254047,5496.174531808453,False,False
8630,2026-04-10,6037.0,6050.0,5967.0,5976.0,5889.50439453125,2063200,5828.77291015625,5607.431627604166,5547.322805989584,70.53099278519858,74.09801266743567,6158.813863994968,5498.7319563175315,False,False
8630,2026-04-13,5922.0,5982.0,5878.0,5915.0,5829.38720703125,2202300,5828.0387109375,5616.7400520833335,5560.866217447917,57.463903190882775,70.7711907721251,6157.989255772984,5498.088166102016,False,False
8630,2026-04-14,6015.0,6022.0,5875.0,5902.0,5816.5751953125,1639900,5836.02068359375,5625.981490885417,5573.14611328125,45.54925481673672,65.72680358104742,6154.625947192257,5517.415419995243,False,False
8630,2026-04-15,5988.0,5990.0,5884.0,5900.0,5814.6044921875,1735200,5838.35548828125,5635.079837239583,5585.832897135417,35.53812943309822,59.68906875145758,6155.439635559874,5521.271341002625,False,False
8630,2026-04-16,5969.0,5995.0,5950.0,5974.0,5887.533203125,2046800,5843.88,5644.164095052083,5597.360579427083,33.10733714824619,54.37272243081531,6159.382322430555,5528.377677569445,False,False
8630,2026-04-17,5981.0,5988.0,5898.0,5898.0,5812.63330078125,1656900,5852.054765625,5652.833782552083,5607.431627604166,24.8506576822856,48.46830948110937,6152.967134003679,5551.142397246321,False,False
8630,2026-04-20,5937.0,5947.0,5872.0,5876.0,5790.95166015625,1671700,5856.714375,5660.799029947917,5616.7400520833335,16.36896132511083,42.04843984990967,6149.993213015507,5563.4355369844925,False,False
8630,2026-04-21,5936.0,5955.0,5870.0,5888.0,5802.77783203125,1752400,5863.56037109375,5669.337311197916,5625.981490885417,10.480615082879012,35.73487489650354,6143.174828921496,5583.945913266005,False,False
8630,2026-04-22,5909.0,5948.0,5820.0,5820.0,5735.76220703125,1832200,5865.03890625,5676.683515625,5635.079837239583,0.4018254049715324,28.668264998197138,6141.526268552293,5588.551543947707,False,False
8630,2026-04-23,5792.0,5858.0,5734.0,5833.0,5748.57421875,2974900,5861.38369140625,5684.070748697916,5644.164095052083,-6.4772006204402715,21.63917187446966,6141.493289976967,5581.274092835533,False,False
8630,2026-04-24,5890.0,5892.0,5805.0,5837.0,5752.51611328125,1999000,5863.64919921875,5690.26447265625,5652.833782552083,-11.478483548165059,15.015640789942717,6139.247605879317,5588.050792558183,False,False
8630,2026-04-27,5737.0,5766.0,5620.0,5695.0,5612.5712890625,2237200,5868.49421875,5692.9048828125,5660.799029947917,-26.42974836029316,6.726562959895541,6121.0439058264465,5615.944531673554,False,False
8630,2026-04-28,5772.0,5815.0,5704.0,5771.0,5687.47119140625,2563900,5871.8961328125,5696.5569466145835,5669.337311197916,-31.86758757473308,-0.9922671470301836,6112.00267620009,5631.7895894249095,False,False
8630,2026-04-30,5791.0,5798.0,5676.0,5797.0,5713.09521484375,3008100,5863.04462890625,5700.12232421875,5676.683515625,-33.720757880779274,-7.537965293780002,6109.515436746496,5616.573821066005,True,False
8630,2026-05-01,5710.0,5744.0,5615.0,5705.0,5622.4267578125,1581400,5851.38412109375,5701.972578125,5684.070748697916,-42.021201184239544,-14.434612471871912,6114.1636058881895,5588.60463629931,False,False
8630,2026-05-07,5905.0,5926.0,5774.0,5857.0,5772.2265625,3500500,5843.18455078125,5704.50919921875,5690.26447265625,-36.09568144767218,-18.766826267031966,6102.516951811804,5583.852149750697,True,False
8630,2026-05-08,5882.0,5900.0,5717.0,5762.0,5678.6015625,2815000,5835.06380859375,5705.74556640625,5692.9048828125,-38.510494401099095,-22.71555989384539,6101.685546590162,5568.442070597338,False,False
8630,2026-05-11,5706.0,5834.0,5670.0,5821.0,5736.74755859375,1806200,5827.534375,5707.783170572917,5696.5569466145835,-35.325148799855015,-25.23747767504732,6094.205089686633,5560.863660313367,True,False
8630,2026-05-12,5854.0,5946.0,5789.0,5893.0,5807.70556640625,1923700,5812.9880078125,5711.013502604167,5700.12232421875,-26.766474001303322,-25.54327694029852,6039.7361061248575,5586.239909500142,False,False
8630,2026-05-13,5982.0,6129.0,5965.0,6084.0,5995.94091796875,2480500,5813.97353515625,5716.961315104167,5701.972578125,-4.7400030344742845,-21.382622159133675,6043.660560000455,5584.286510312046,False,True
8630,2026-05-14,6041.0,6050.0,5977.0,5998.0,5911.18603515625,2712200,5813.22455078125,5722.246341145833,5704.50919921875,5.810147419274472,-15.944068243452048,6041.512313404589,5584.936788157912,False,False
8630,2026-05-15,6073.0,6125.0,6007.0,6100.0,6011.70947265625,2241700,5816.4570703125,5730.610970052084,5705.74556640625,22.028685980823866,-8.349517398596864,6053.4411176120075,5579.473023012993,False,False
8630,2026-05-18,6146.0,6161.0,6053.0,6134.0,6045.21728515625,2206900,5818.9405859375,5739.656009114583,5707.783170572917,37.157466922426465,0.751879465607801,6064.022243416384,5573.858928458616,False,False
8630,2026-05-19,6299.0,6435.0,6287.0,6435.0,6341.86083984375,3707800,5828.99294921875,5752.435638020834,5711.013502604167,72.25092681559181,15.051688935604604,6131.661898606913,5526.323999830587,False,False
8630,2026-05-20,6400.0,6435.0,6145.0,6238.0,6147.7119140625,3556800,5838.6116796875,5764.768294270833,5716.961315104167,83.43476681981792,28.72830451244727,6164.973120397421,5512.25023897758,False,False
8630,2026-05-21,5838.0,5896.0,5562.0,5568.0,5487.40966796875,10013600,5822.527890625,5768.7512109375,5722.246341145833,38.572527626819465,30.697149135321713,6175.794762037545,5469.261019212454,False,False
8630,2026-05-22,5569.0,5764.0,5568.0,5676.0,5593.84619140625,5931000,5813.10625,5775.879602864583,5730.610970052084,11.475139500518708,26.852747208361112,6177.526524248159,5448.6859757518405,False,False
8630,2026-05-25,5600.0,5625.0,5523.0,5575.0,5494.30810546875,4181600,5800.21556640625,5780.720305989584,5739.656009114583,-17.826138844166962,17.9169699978555,6185.438479962862,5414.992652849638,False,False
8630,2026-05-26,5630.0,5753.0,5531.0,5742.0,5658.89111328125,4559600,5793.98703125,5787.171354166667,5752.435638020834,-27.450705142348852,8.84343496981463,6183.093705706794,5404.8803567932055,False,False
8630,2026-05-27,5893.0,5935.0,5844.0,5933.0,5847.12646484375,4562100,5792.37076171875,5795.8726171875,5764.768294270833,-19.662565734031887,3.1422348290453272,6180.243448175101,5404.4980752624,True,False
8630,2026-05-28,5930.0,5943.0,5813.0,5902.0,5816.5751953125,2832400,5792.5284375,5801.635455729167,5768.7512109375,-15.773810596287149,-0.6409742560211682,6180.437147006338,5404.619727993662,False,False
8630,2026-05-29,5810.0,5958.0,5777.0,5958.0,5871.7646484375,10049500,5795.76095703125,5807.3683463541665,5775.879602864583,-8.144729135418856,-2.141725231900706,6184.908117787053,5406.6137962754465,False,False
8630,2026-06-01,5905.0,5951.0,5874.0,5906.0,5820.517578125,2798500,5796.470546875,5811.23677734375,5780.720305989584,-6.162796515674017,-2.9459394886553687,6185.730978018253,5407.210115731747,False,False
8630,2026-06-02,5959.0,5986.0,5868.0,5900.0,5814.6044921875,3262800,5799.62423828125,5813.377923177083,5787.171354166667,-5.011468167404928,-3.35904522440528,6188.1430076698725,5411.105468892627,False,False
8630,2026-06-03,5870.0,5957.0,5870.0,5900.0,5814.6044921875,2946900,5802.26544921875,5814.285983072917,5795.8726171875,-4.052319539359814,-3.497700087396187,6190.257535154092,5414.273363283409,False,False
8630,2026-06-04,5829.0,5849.0,5736.0,5774.0,5690.427734375,2905900,5799.7819140625,5812.824466145833,5801.635455729167,-13.16050776693828,-5.430261623304606,6189.805522894847,5409.7583052301525,False,False
8630,2026-06-05,5874.0,5956.0,5827.0,5898.0,5812.63330078125,2221700,5807.78439453125,5812.070787760416,5807.3683463541665,-10.397983186144302,-6.4238059358725454,6190.251427197373,5425.317361865126,True,False
8630,2026-06-08,5925.0,6031.0,5880.0,5992.0,5905.2724609375,3622000,5816.4964453125,5813.370032552083,5811.23677734375,-0.7250980669487035,-5.284064362087777,6197.524025364704,5435.468865260296,False,True
8630,2026-06-09,6080.0,6289.0,6037.0,6217.0,6127.01611328125,3588800,5833.05328125,5818.0412109375,5813.377923177083,24.550588729836818,0.6828662562971415,6230.2967902626315,5435.809772237368,False,False
8630,2026-06-10,6300.0,6332.0,6115.0,6146.0,6057.04345703125,2671600,5850.43794921875,5822.5582096354165,5814.285983072917,38.49183414065374,8.24465983316846,6247.329356742921,5453.546541694579,False,False
8630,2026-06-11,6183.0,6249.0,6112.0,6174.0,6084.63818359375,3041900,5862.9344140625,5826.184095052084,5812.824466145833,51.177097659634455,16.83114739846166,6268.761199076953,5457.107629048047,False,False
8630,2026-06-12,6074.0,6191.0,6040.0,6149.0,6060.00048828125,2988000,5878.19037109375,5829.702135416666,5812.070787760416,58.56707944975096,25.178333808719522,6283.827441054401,5472.5533011331,False,False
8630,2026-06-15,6172.0,6361.0,6150.0,6242.0,6151.654296875,2104600,5894.786640625,5835.091217447916,5813.370032552083,71.00093504834967,34.34285405664555,6309.761242011846,5479.812039238153,False,False
8630,2026-06-16,6268.0,6274.0,6169.0,6248.0,6157.5673828125,1636300,5908.78111328125,5840.559140625,5818.0412109375,80.40513150325296,43.555309545967035,6334.522625860032,5483.039600702468,False,False
8630,2026-06-17,6330.0,6406.0,6194.0,6194.0,6104.34912109375,1584400,5913.11744140625,5844.1882421875,5822.5582096354165,82.61146247465058,51.366540131703744,6344.492710547507,5481.742172264992,False,False
8630,2026-06-18,6270.0,6442.0,6250.0,6380.0,6287.65673828125,2359700,5928.17626953125,5848.22361328125,5826.184095052084,98.02145805438158,60.69752371623932,6383.831514580028,5472.521024482472,False,False
8630,2026-06-19,6329.0,6410.0,6292.0,6342.0,6250.20703125,2403400,5937.716171875,5850.50060546875,5829.702135416666,105.99032174478998,69.75608332194946,6409.663018319134,5465.769325430867,False,False
8630,2026-06-22,6242.0,6465.0,6232.0,6459.0,6365.51318359375,1629300,5950.5280078125,5856.158151041666,5835.091217447916,120.22407813655173,79.84968228486991,6450.037627668625,5451.018387956375,False,False
8630,2026-06-23,6492.0,6539.0,6320.0,6352.0,6260.06201171875,2755800,5947.2560546875,5862.330696614584,5840.559140625,121.59374731799926,88.19849529149579,6437.454202260074,5457.057907114926,False,False
8630,2026-06-24,6334.0,6386.0,6098.0,6151.0,6061.97119140625,3176200,5943.82642578125,5869.275729166667,5844.1882421875,105.47904950283191,91.65460613376301,6429.54599120083,5458.1068603616695,False,False
8630,2026-06-25,6180.0,6181.0,6050.0,6105.0,6016.63720703125,2945400,5964.99552734375,5872.0987760416665,5848.22361328125,88.03514733849534,90.93071437470948,6414.0485278639535,5515.942526823546,False,False
8630,2026-06-26,6139.0,6192.0,6063.0,6126.0,6037.3330078125,2058300,5982.735,5874.626653645833,5850.50060546875,75.01596995196542,87.74776549016067,6406.03959808264,5559.43040191736,False,False
8630,2026-06-29,6117.0,6261.0,6107.0,6214.0,6124.0595703125,2647500,6007.92505859375,5881.3871028645835,5856.158151041666,70.87923516249703,84.37405942462794,6384.321810718009,5631.52830646949,False,False
8630,2026-06-30,6243.0,6268.0,6210.0,6238.0,6147.7119140625,2687300,6027.477890625,5886.606803385416,5862.330696614584,68.71725971305659,81.24269948231367,6379.301382229741,5675.65439902026,False,False
8630,2026-07-01,6313.0,6389.0,6214.0,6250.0,6159.53857421875,2520700,6039.974375,5892.075045572917,5869.275729166667,67.18373890657949,78.43090736716684,6387.452809923952,5692.495940076047,False,False
8630,2026-07-02,6335.0,6497.0,6326.0,6486.0,6392.12255859375,2470600,6062.99626953125,5902.526490885417,5872.0987760416665,83.77034399231252,79.49879469219599,6424.2128474754245,5701.779691587075,False,True
8630,2026-07-03,6685.0,6697.0,6584.0,6635.0,6538.9658203125,2511100,6089.68431640625,5914.053216145833,5874.626653645833,107.52489200009677,85.10401415377615,6487.207656168903,5692.160976643598,False,False
8630,2026-07-06,6631.0,6770.0,6607.0,6770.0,6672.01220703125,1735800,6123.7441015625,5927.925006510417,5881.3871028645835,135.52403719173617,95.18801876136816,6566.518689890399,5680.9695132346005,False,False
8630,2026-07-07,6776.0,6820.0,6642.0,6642.0,6545.86474609375,3323200,6152.99451171875,5939.21921875,5886.606803385416,145.8532106181865,105.32105713273182,6606.697009578854,5699.292013858646,False,False
8630,2026-07-08,6709.0,6762.0,6672.0,6714.0,6616.82275390625,2542000,6185.0832421875,5949.5774609375,5892.075045572917,157.94419087046845,115.84568388027915,6651.803526020649,5718.362958354352,False,False
8630,2026-07-09,6648.0,6689.0,6544.0,6645.0,6548.8212890625,2338500,6219.418984375,5960.950032552083,5902.526490885417,160.19262901938782,124.7150729081009,6661.1558492942195,5777.682119455781,False,False
8630,2026-07-10,6645.0,6667.0,6488.0,6513.0,6418.73193359375,3138600,6243.6629296875,5973.31384765625,5914.053216145833,149.75117039189627,129.72229240485996,6659.187359519621,5828.1384998553785,False,False
8630,2026-07-13,6513.0,6541.0,6468.0,6478.0,6384.23828125,2615800,6262.8215625,5983.738046875,5927.925006510417,137.1123439823432,131.2003027203566,6657.8315246053935,5867.811600394607,False,False
8630,2026-07-14,6498.0,6622.0,6470.0,6584.0,6488.7041015625,2318100,6277.28908203125,5991.128997395834,5939.21921875,133.9810514757728,131.75645247143984,6677.799259059857,5876.778905002642,False,False
8630,2026-07-15,6640.0,6698.0,6613.0,6637.0,6540.93701171875,2336700,6296.64482421875,5999.48896484375,5949.5774609375,134.1676379121409,132.23868955958005,6699.472527040278,5893.817121397222,False,False
8630,2026-07-16,6599.0,6678.0,6597.0,6618.0,6522.2119140625,3400500,6314.1477734375,6006.755579427083,5960.950032552083,131.29110795196357,132.04917323805677,6716.632725518059,5911.662821356942,False,False
8630,2026-07-17,6624.0,6724.0,6580.0,6630.0,6534.03857421875,3770500,6333.109296875,6015.4544921875,5973.31384765625,128.48465870272685,131.3362703309908,6730.548296775053,5935.670296974947,False,False
8630,2026-07-21,6730.0,6958.0,6720.0,6946.0,6845.46484375,3122000,6360.86171875,6027.727578125,5983.738046875,149.66478225977608,135.00197271674787,6798.594670747009,5923.128766752991,False,True
8630,2026-07-22,6846.0,6910.0,6794.0,6906.0,6806.04345703125,3027900,6386.80076171875,6036.1899609375,5991.128997395834,161.40858858748015,140.28329589089432,6849.419516586571,5924.18200685093,False,False
8630,2026-07-23,6869.0,6987.0,6866.0,6946.0,6845.46484375,2463400,6416.445390625,6047.845455729167,5999.48896484375,171.91488834216307,146.60961438114808,6897.481674079903,5935.409107170097,False,False
8630,2026-07-24,6970.0,7085.0,6938.0,7051.0,6948.94482421875,2304800,6442.8969140625,6061.432578125,6006.755579427083,186.44198900397078,154.57608930571263,6963.773323972059,5922.020504152942,False,False
8630,2026-07-27,7098.0,7268.0,7062.0,7261.0,7155.9052734375,1986400,6479.12484375,6077.766028645833,6015.4544921875,212.20859100997131,166.10258964656435,7063.472880093543,5894.776807406457,False,False
8630,2026-07-28,7246.0,7291.0,7180.0,7264.0,7158.86181640625,2053700,6510.8587890625,6093.4424609375,6027.727578125,230.21361776420235,178.92479527009195,7150.621255346477,5871.096322778524,False,False
8630,2026-07-29,7296.0,7413.0,7234.0,7361.0,7254.4580078125,2936500,6550.63462890625,6108.9612109375,6036.1899609375,249.32251020218519,193.0043382565106,7244.445891037812,5856.823366774689,False,False
8630,2026-07-30,7265.0,7350.0,7162.0,7219.0,7114.51318359375,2797000,6592.73630859375,6125.058138020833,6047.845455729167,250.28889282757427,204.46124917072336,7290.554761213412,5894.9178559740885,False,False
8630,2026-07-31,7130.0,7218.0,7060.0,7113.0,7010.04736328125,3011300,6632.47271484375,6139.9987109375,6061.432578125,239.86027938575626,211.54105521372998,7307.303063551307,5957.642366136192,False,False
8630,2026-08-03,6963.0,7052.0,6740.0,6872.0,6772.53564453125,3274200,6661.8808203125,6152.5740234375,6077.766028645833,210.00945904660148,211.23473598030427,7293.074031151862,6030.687609473138,False,False
8630,2026-08-04,6821.0,6895.0,6763.0,6811.0,6712.41845703125,2585500,6685.41517578125,6164.518600260417,6093.4424609375,179.4331209284992,204.87441296994328,7277.291668627649,6093.53868293485,False,False
8630,2026-08-05,6863.0,6963.0,6852.0,6962.0,6861.23291015625,1635000,6713.956015625,6178.473645833334,6108.9612109375,165.30371700060095,196.96027377607484,7266.8985055074945,6161.013525742505,False,False
8630,2026-08-06,6942.0,7038.0,6916.0,6997.0,6895.7265625,2132600,6743.40353515625,6191.916223958333,6125.058138020833,155.10149853179882,188.58851872721965,7251.717084721285,6235.089985591215,False,False
8630,2026-08-07,7071.0,7138.0,7020.0,7068.0,6965.69873046875,1712500,6766.34658203125,6207.2904296875,6139.9987109375,150.9225943439851,181.05533385057277,7260.755141595162,6271.938022467339,False,False
8630,2026-08-10,6973.0,7019.0,6889.0,6959.0,6858.2763671875,1877300,6779.11900390625,6221.52142578125,6152.5740234375,137.35930317333168,172.31612771512457,7265.808983938408,6292.429023874092,False,False
8630,2026-08-12,6974.0,7022.0,6951.0,6984.0,6882.91455078125,2334400,6787.55509765625,6235.923248697916,6164.518600260417,127.13288395966083,163.27947896403182,7273.837659435869,6301.272535876631,False,False
8630,2026-08-13,7019.0,7048.0,6937.0,7029.0,6927.26318359375,2087200,6802.81103515625,6251.809928385416,6178.473645833334,121.20970703416788,154.86552457805905,7281.680970622029,6323.941099690471,False,False
8630,2026-08-14,7069.0,7122.0,7011.0,7011.0,6909.52392578125,2312600,6814.51908203125,6267.2892578125,6191.916223958333,113.77263665981536,146.6469469944103,7288.919189207256,6340.118974855244,False,False
8630,2026-08-17,6912.0,6984.0,6674.0,6714.0,6616.82275390625,3893800,6817.239140625,6278.813346354166,6207.2904296875,83.29993662538254,133.97754492060477,7286.263692400378,6348.214588849622,False,False
8630,2026-08-18,6654.0,6749.0,6624.0,6740.0,6642.4462890625,3072300,6826.18771484375,6292.545013020834,6221.52142578125,60.52006975474069,119.28604988743197,7272.4419582411,6379.933471446399,False,False
8630,2026-08-19,6750.0,6769.0,6562.0,6588.0,6492.64599609375,3358700,6830.5240234375,6303.280677083333,6235.923248697916,30.033027385594323,101.43544538706445,7261.356426661908,6399.6916202130915,False,False
8630,2026-08-20,6597.0,6667.0,6555.0,6635.0,6538.9658203125,2362000,6832.5344921875,6314.29228515625,6251.809928385416,9.499939969830848,83.04834430361772,7257.395462412768,6407.673521962232,False,False
8630,2026-08-21,6636.0,6765.0,6579.0,6757.0,6659.2001953125,2674900,6837.26501953125,6328.115930989583,6267.2892578125,2.895847949277595,67.0178450327497,7251.535272533013,6422.994766529487,False,False
8630,2026-08-24,6757.0,6770.0,6650.0,6708.0,6610.9091796875,1705000,6840.81291015625,6339.298365885416,6278.813346354166,-6.163574087613597,52.38156120867705,7245.641334955121,6435.984485357379,False,False
8630,2026-08-25,6788.0,6869.0,6743.0,6803.0,6704.5341796875,1634300,6847.632734375,6352.977467447917,6292.545013020834,-5.722510736602089,40.760746819621225,7237.008950117259,6458.256518632741,False,False
8630,2026-08-26,6903.0,6938.0,6841.0,6873.0,6773.52099609375,1625500,6844.75498046875,6366.80111328125,6303.280677083333,0.191487337043327,32.64689492310565,7235.214667908812,6454.295293028687,False,False
8630,2026-08-27,6825.0,6891.0,6799.0,6850.0,6750.85400390625,1476600,6842.54740234375,6379.37642578125,6314.29228515625,3.014586310417144,26.72043320056795,7234.478880701237,6450.615923986263,False,False
8630,2026-08-28,6818.0,6905.0,6793.0,6861.0,6761.69482421875,1816900,6839.1966015625,6389.586477864584,6328.115930989583,6.056856513227103,22.587717863099783,7232.40132270913,6445.991880415871,False,False
8630,2026-08-31,6845.0,6924.0,6801.0,6850.0,6750.85400390625,2443000,6831.27296875,6400.78205078125,6339.298365885416,7.506582755306226,19.57149084154107,7223.2938555069695,6439.25208199303,False,False
8630,2026-09-01,6826.0,6986.0,6824.0,6913.0,6812.9423828125,1761500,6817.554453125,6411.46515625,6352.977467447917,13.509782171048755,18.359149107442608,7186.49830428851,6448.61060196149,False,False
8630,2026-09-02,6813.0,6934.0,6813.0,6868.0,6768.59375,2030500,6801.94373046875,6421.11017578125,6366.80111328125,14.521403230578471,17.591599932069784,7143.835257329594,6460.0522036079055,False,False
8630,2026-09-03,6885.0,6981.0,6880.0,6885.0,6785.34765625,1922200,6783.17931640625,6427.0233333333335,6379.37642578125,16.484991701941908,17.370278286044208,7070.863873787298,6495.494759025202,False,False
8630,2026-09-04,6898.0,6961.0,6841.0,6856.0,6756.76708984375,2516100,6768.86947265625,6435.144069010416,6389.586477864584,15.555621341377446,17.007346897110857,7022.817880624447,6514.921064688053,False,False
8630,2026-09-07,6832.0,6873.0,6754.0,6782.0,6683.83837890625,1885800,6755.82111328125,6451.096451822917,6400.78205078125,8.832535185336383,15.372384554755962,6991.7425347260705,6519.89969183643,False,False
8630,2026-09-08,6682.0,6786.0,6647.0,6647.0,6550.79248046875,2084500,6746.95138671875,6463.855735677083,6411.46515625,-7.148843703275816,10.868138903149607,6996.000392447058,6497.902380990441,False,False
8630,2026-09-09,6567.0,6627.0,6537.0,6578.0,6482.791015625,2526900,6737.7662890625,6477.0355078125,6421.11017578125,-25.01301702287674,3.6919077179443374,7007.325283952697,6468.207294172303,False,False
8630,2026-09-10,6569.0,6648.0,6533.0,6648.0,6551.77783203125,2065900,6725.3880859375,6488.9406640625,6427.0233333333335,-33.220893761977095,-3.690652578039949,6999.513611957474,6451.262559917527,False,False
8630,2026-09-11,6580.0,6790.0,6578.0,6774.0,6675.9541015625,2724600,6716.5971875,6499.99169921875,6435.144069010416,-29.367181458072082,-8.825958354046376,6982.274149219569,6450.92022578043,False,False
8630,2026-09-14,6808.0,6968.0,6775.0,6968.0,6867.14599609375,1766400,6712.655078125,6513.999309895833,6451.096451822917,-10.761447394592324,-9.213056162155567,6966.07217599485,6459.2379802551495,False,False
8630,2026-09-15,6980.0,6989.0,6793.0,6800.0,6701.57763671875,2254900,6706.38712890625,6525.063483072917,6463.855735677083,-9.269400116713769,-9.224324953067207,6952.7401697316545,6460.034088080845,False,False
8630,2026-09-16,6847.0,6932.0,6815.0,6851.0,6751.83984375,2095600,6701.144140625,6537.48111328125,6477.0355078125,-3.9852622285143298,-8.176512408156631,6937.627772188597,6464.660509061402,False,True
8630,2026-09-17,6899.0,6994.0,6882.0,6994.0,6892.77001953125,2339000,6699.7644140625,6551.856653645833,6488.9406640625,11.442441161924762,-4.252721694140352,6931.305767508739,6468.22306061626,False,False
8630,2026-09-18,7000.0,7023.0,6877.0,6891.0,6791.2607421875,3440800,6695.03388671875,6564.878736979167,6499.99169921875,15.301668803230314,-0.3418435946662184,6913.715140713087,6476.3526327244135,False,False
8630,2026-09-24,6958.0,6958.0,6768.0,6768.0,6670.041015625,3133600,6697.1626171875,6577.9402473958335,6513.999309895833,8.480952513759803,1.4227156270189858,6913.783463009069,6480.54177136593,False,False
8630,2026-09-25,6816.0,6888.0,6750.0,6888.0,6788.30419921875,2294900,6702.99693359375,6590.949192708334,6525.063483072917,12.474537559245618,3.633080013464313,6921.259389546687,6484.734477640814,False,False
8630,2026-09-28,6896.0,6943.0,6848.0,6909.0,6809.0,2376300,6715.65109375,6602.998893229166,6537.48111328125,17.112201830319464,6.328904376835343,6919.896656518036,6511.405530981963,False,False
8630,2026-09-29,6780.0,6792.0,6637.0,6645.0,6645.0,2763700,6719.8924609375,6609.905345052083,6551.856653645833,7.46806754890531,6.5567370112493375,6913.407617242367,6526.377304632632,False,False
8630,2026-09-30,6655.0,6723.0,6596.0,6702.0,6702.0,2768600,6721.604453125,6618.504765625,6564.878736979167,4.374024250943876,6.120194459188246,6913.693615492297,6529.515290757703,False,False
8630,2026-10-01,6588.0,6670.0,6527.0,6620.0,6620.0,2593400,6721.9680859375,6625.6429231770835,6577.9402473958335,-4.641240717554865,3.967907423839624,6913.250392482118,6530.685779392883,False,False
8630,2026-10-02,6609.0,6619.0,6485.0,6523.0,6523.0,2456100,6714.70671875,6631.81625,6590.949192708334,-19.38948260777397,-0.7035705824830947,6921.258185181061,6508.155252318938,False,False
8630,2026-10-05,6507.0,6615.0,6470.0,6575.0,6575.0,2073700,6706.76587890625,6637.460859375,6602.998893229166,-26.57526206469447,-5.87790887892537,6918.852408941122,6494.679348871377,False,False
8630,2026-10-06,6598.0,6674.0,6575.0,6652.0,6652.0,1883400,6702.81171875,6644.053294270833,6609.905345052083,-25.759844122798313,-9.85429592769996,6915.148811336964,6490.474626163036,True,False
8750,2026-04-09,1523.5,1530.5,1490.5,1496.5,1468.7799072265625,8342200,1408.0701025390624,1370.756455078125,1354.34783203125,17.003470467639772,6.497421897171285,1505.6746620750907,1310.465543003034,False,False
8750,2026-04-10,1492.0,1502.0,1482.0,1482.0,1454.5484619140625,6342300,1407.701123046875,1373.4902278645834,1357.9885400390624,17.17528055187495,8.632993628112018,1504.527226865395,1310.8750192283549,False,False
8750,2026-04-13,1464.0,1493.5,1463.0,1474.5,1447.1873779296875,5783700,1406.40357421875,1376.1963118489584,1361.0595133463542,16.526950920520676,10.21178508659375,1500.1602475955851,1312.6469008419149,False,False
8750,2026-04-14,1499.0,1503.0,1476.0,1483.5,1456.020751953125,6928700,1408.14958984375,1378.8280143229167,1364.0216715494792,16.535315650867688,11.476491199448537,1503.8904975316664,1312.4086821558335,False,False
8750,2026-04-15,1494.5,1500.0,1481.0,1481.0,1453.5670166015625,6671200,1408.9327392578125,1381.5807291666667,1367.506258138021,16.157692996731384,12.412731558905108,1505.8197087719911,1312.0457697436339,False,False
8750,2026-04-16,1499.0,1516.0,1490.0,1503.0,1475.1595458984375,6269400,1411.3482275390625,1384.3459163411458,1370.756455078125,17.400182507951286,13.410221748714344,1511.648021986353,1311.048433091772,False,False
8750,2026-04-17,1492.5,1495.5,1454.0,1459.5,1432.46533203125,8475400,1413.766162109375,1386.7276009114582,1373.4902278645834,14.769544038641925,13.68208620669986,1513.0662154477532,1314.466108770997,False,False
8750,2026-04-20,1478.5,1484.0,1446.5,1459.0,1431.9744873046875,6089900,1416.433486328125,1389.198819986979,1376.1963118489584,12.50103290599668,13.445875546559225,1513.9482048298498,1318.9187678264,False,False
8750,2026-04-21,1465.0,1467.0,1439.0,1444.5,1417.7431640625,6099000,1418.6276416015626,1391.4995052083334,1378.8280143229167,9.445985202627298,12.645897477772841,1513.6614272205652,1323.59385598256,False,False
8750,2026-04-22,1437.0,1440.5,1424.0,1437.0,1410.382080078125,6118500,1420.104599609375,1393.445830078125,1381.5807291666667,6.357573775847641,11.388232737387803,1513.4165897746238,1326.7926094441264,False,False
8750,2026-04-23,1414.0,1424.5,1391.0,1415.5,1389.2802734375,10780500,1419.69982421875,1395.2709293619791,1384.3459163411458,2.182092227684734,9.54700463544719,1513.4543081316929,1325.9453403058073,False,False
8750,2026-04-24,1423.0,1424.0,1396.5,1410.5,1384.3729248046875,5906500,1421.2701513671875,1396.639873046875,1386.7276009114582,-1.5056330041509227,7.336477107527567,1511.2126246225835,1331.3276781117916,False,False
8750,2026-04-27,1386.0,1406.5,1371.0,1398.5,1372.59521484375,7455500,1424.002724609375,1397.281708984375,1389.198819986979,-5.317250627069598,4.805731560608134,1503.0534828849102,1344.95196633384,False,False
8750,2026-04-28,1409.0,1444.0,1395.0,1444.0,1417.25244140625,16390000,1427.4262841796874,1398.7431591796876,1391.4995052083334,-4.680565442010902,2.908472160084327,1497.033635493786,1357.8189328655887,True,False
8750,2026-04-30,1440.5,1441.0,1411.0,1440.0,1413.3265380859375,10343800,1428.2331689453124,1400.1586702473958,1393.445830078125,-4.441575713548218,1.4384625853578181,1496.6908773482874,1359.7754605423374,False,False
8750,2026-05-01,1419.5,1426.0,1408.5,1423.0,1396.641357421875,5876800,1428.8338232421875,1401.2556331380208,1395.2709293619791,-5.534728364295461,0.04382439542716221,1495.8944680371264,1361.7731784472485,False,False
8750,2026-05-07,1438.0,1472.0,1433.0,1464.0,1436.8819580078125,10883000,1430.6789990234374,1402.6905712890625,1396.639873046875,-3.1180367662673234,-0.588547836911735,1495.9618130415013,1365.3961850053736,True,False
8750,2026-05-08,1457.0,1459.5,1416.0,1438.5,1411.854248046875,7859000,1431.9549169921875,1403.4395149739582,1397.281708984375,-3.185596716077498,-1.1079576127448876,1494.4079919280252,1369.5018420563497,False,False
8750,2026-05-11,1421.5,1466.5,1421.5,1466.5,1439.3355712890625,5386700,1433.741201171875,1404.6893896484376,1398.7431591796876,-1.0099828942888962,-1.0883626690536894,1494.3548446463337,1373.1275576974163,False,True
8750,2026-05-12,1488.0,1501.5,1471.5,1479.0,1451.6041259765625,7143700,1432.9560205078126,1405.9299007161458,1400.1586702473958,1.6847557490702911,-0.5337389854288933,1492.0973080127717,1373.8147330028535,False,False
8750,2026-05-13,1479.0,1510.5,1476.0,1502.0,1474.1781005859375,5699100,1434.231943359375,1407.5610725911458,1401.2556331380208,5.5775916265347405,0.6885271369638334,1495.4622594668613,1373.0016272518887,False,False
8750,2026-05-14,1492.0,1501.5,1479.5,1500.0,1472.215087890625,5398100,1435.3115673828124,1409.2429345703124,1402.6905712890625,8.407378362511281,2.232297382073323,1498.2082332552536,1372.4149015103712,False,False
8750,2026-05-15,1500.0,1618.0,1474.0,1618.0,1588.029296875,19665600,1441.8874609375,1413.160760091146,1403.4395149739582,19.76737748076198,5.739313401811055,1528.4485823135233,1355.3263395614767,False,False
8750,2026-05-18,1658.0,1670.0,1594.0,1615.0,1585.0849609375,12818600,1447.4229931640625,1417.180244140625,1404.6893896484376,28.20751662989551,10.232954047427945,1550.6094388375311,1344.236547490594,False,False
8750,2026-05-19,1655.0,1676.0,1594.5,1654.0,1623.362548828125,12716700,1452.1537109375,1421.492314453125,1405.9299007161458,37.552190876133864,15.69680141316913,1574.5404659691199,1329.76695590588,False,False
8750,2026-05-20,1669.0,1678.0,1619.0,1656.0,1625.325439453125,9910000,1458.4155322265624,1426.1123909505209,1407.5610725911458,44.602155524883074,21.477872235511917,1598.32835840198,1318.5027060511447,False,False
8750,2026-05-21,1656.0,1695.5,1632.0,1669.0,1638.0845947265625,8171500,1465.7569775390625,1430.9282112630208,1409.2429345703124,50.635169781187415,27.309331744647018,1622.3538309467199,1309.1601241314052,False,False
8750,2026-05-22,1669.0,1675.5,1625.5,1650.5,1619.9273681640625,7082000,1472.6665771484375,1435.6684733072916,1413.160760091146,53.33641165471727,32.51474772666107,1640.2356462532753,1305.0975080435996,False,False
8750,2026-05-25,1645.5,1691.5,1640.0,1666.0,1635.1402587890625,6876300,1479.831357421875,1440.214444986979,1417.180244140625,56.058510817400474,37.223500344808954,1658.8658647435184,1300.7968501002317,False,False
8750,2026-05-26,1678.0,1682.5,1659.5,1671.5,1640.538330078125,6614300,1487.3102099609375,1444.7619319661458,1421.492314453125,57.98298153695055,41.375396583237276,1676.6552081641044,1297.9652117577707,False,False
8750,2026-05-27,1659.5,1675.0,1648.5,1664.0,1633.17724609375,6468500,1493.63091796875,1449.2817301432292,1426.1123909505209,58.24277404454574,44.748872075498966,1691.2984457029709,1295.9633902345292,False,False
8750,2026-05-28,1650.0,1653.0,1615.0,1627.5,1597.3533935546875,8358500,1500.2264404296875,1452.6128873697917,1430.9282112630208,54.92483664373867,46.78406498914691,1700.2794022688058,1300.1734785905692,False,False
8750,2026-05-29,1615.0,1648.5,1605.0,1636.0,1605.6959228515625,15798700,1507.1752978515624,1455.8503092447916,1435.6684733072916,52.36488988737301,47.90022996879213,1709.3200931875772,1305.0305025155476,False,False
8750,2026-06-01,1631.5,1647.5,1619.5,1634.5,1604.2237548828125,6837800,1514.634521484375,1459.0168587239584,1440.214444986979,49.64504481422455,48.24919293787862,1716.7909105645008,1312.4781324042492,False,False
8750,2026-06-02,1616.5,1626.5,1587.0,1622.0,1591.9552001953125,8481000,1521.8974462890626,1461.840478515625,1444.7619319661458,45.969668444929084,47.79328803928871,1721.5816766874245,1322.2132158907007,False,False
8750,2026-06-03,1628.5,1655.0,1626.5,1650.0,1619.4366455078125,6635000,1531.103701171875,1464.7871158854166,1449.2817301432292,44.75848124667846,47.18632668076666,1726.661938763064,1335.545463580686,False,False
8750,2026-06-04,1610.0,1654.0,1606.0,1647.5,1616.98291015625,7555700,1540.4081005859375,1467.3359342447916,1452.6128873697917,43.10373767303349,46.36980887922003,1729.17247154704,1351.643729624835,False,False
8750,2026-06-05,1687.5,1714.5,1657.0,1662.5,1631.705078125,7078800,1550.7724951171874,1470.298828125,1455.8503092447916,42.490493427109186,45.59394578879786,1729.7421596031186,1371.8028306312563,False,False
8750,2026-06-08,1628.0,1667.5,1623.0,1667.5,1636.6124267578125,8437200,1559.54689453125,1473.0581298828124,1459.0168587239584,41.91727867036025,44.85861236511034,1732.8925686199682,1386.2012204425318,False,False
8750,2026-06-09,1700.0,1732.0,1677.5,1705.5,1673.9085693359375,12909800,1569.97017578125,1476.353146158854,1461.840478515625,43.965679865232005,44.680025865134674,1738.1541689590433,1401.7861826034566,False,False
8750,2026-06-10,1757.0,1787.0,1726.0,1732.0,1699.917724609375,11528200,1582.10123046875,1479.4953369140626,1464.7871158854166,47.14432361675631,45.172885415459,1742.0767392115465,1422.1257217259533,False,True
8750,2026-06-11,1727.5,1747.5,1704.0,1730.5,1698.4454345703125,11898400,1592.56376953125,1482.009392903646,1467.3359342447916,48.98000913273472,45.934310158914144,1747.3083280152564,1437.8192110472437,False,False
8750,2026-06-12,1756.5,1777.0,1734.5,1753.5,1721.0194091796875,13913200,1604.9303759765626,1484.7411669921876,1470.298828125,51.66082044163977,47.07961221545927,1748.9766664282697,1460.8840855248554,False,False
8750,2026-06-15,1768.0,1816.0,1758.5,1776.0,1743.1026611328125,9102900,1617.0810595703124,1487.972353515625,1473.0581298828124,54.93407082018621,48.65050393640466,1754.2888141363187,1479.873305004306,False,False
8750,2026-06-16,1770.0,1789.5,1756.5,1789.5,1756.3525390625,7976800,1629.27099609375,1492.0207373046876,1476.353146158854,57.92952424711166,50.50630799854606,1759.477825465332,1499.064166722168,False,False
8750,2026-06-17,1820.0,1834.0,1788.5,1793.0,1759.7877197265625,7912400,1640.695380859375,1496.057275390625,1479.4953369140626,59.89025545511663,52.38309748986018,1764.4236378245632,1516.967123894187,False,False
8750,2026-06-18,1800.0,1823.0,1786.5,1820.5,1786.7783203125,10134300,1653.27791015625,1499.6145930989583,1482.009392903646,62.897027183855016,54.48588342865915,1769.674387639401,1536.8814326730992,False,False
8750,2026-06-19,1812.5,1843.0,1800.0,1814.5,1780.8895263671875,9190700,1660.9923193359375,1502.721884765625,1484.7411669921876,64.06622344083212,56.40195143109375,1784.4203000518748,1537.5643386200002,False,False
8750,2026-06-22,1800.0,1841.5,1790.0,1834.5,1800.51904296875,6096100,1669.6096826171874,1506.7570556640626,1487.972353515625,65.81804834609989,58.28517081409498,1800.4926660478775,1538.7266991864974,False,False
8750,2026-06-23,1845.0,1860.0,1803.5,1812.0,1778.435791015625,8299800,1675.8126123046875,1511.0486393229166,1492.0207373046876,64.67887057082021,59.56391076544003,1811.934403075149,1539.690821534226,False,False
8750,2026-06-24,1794.0,1812.0,1722.5,1728.0,1695.9918212890625,15768300,1678.639267578125,1515.0416341145833,1496.057275390625,56.472544294954105,58.94563747134285,1813.3779084308833,1543.900626725367,False,False
8750,2026-06-25,1744.5,1750.0,1688.0,1705.5,1673.9085693359375,12949100,1680.0722265625,1517.8434423828126,1499.6145930989583,47.637897691733315,56.68408951542094,1813.813467530149,1546.330985594851,False,False
8750,2026-06-26,1713.0,1737.5,1708.5,1726.5,1694.51953125,8833800,1683.0559130859374,1520.7086881510418,1502.721884765625,41.817463295554035,53.71076427144756,1814.607124763522,1551.5047014083527,False,False
8750,2026-06-29,1732.5,1761.0,1715.0,1739.0,1706.7879638671875,21184300,1685.9218212890626,1524.6342561848958,1506.7570556640626,37.75941999398651,50.52049541595535,1816.2891316998382,1555.554510878287,False,False
8750,2026-06-30,1759.0,1792.5,1743.0,1778.5,1745.556396484375,12767300,1690.1225439453126,1528.7884977213541,1511.0486393229166,37.2423730577309,47.86487094431047,1821.135943053487,1559.1091448371383,False,False
8750,2026-07-01,1781.0,1813.0,1767.0,1791.0,1757.8248291015625,9619900,1695.108447265625,1533.3625309244792,1515.0416341145833,37.39154318189048,45.77020539182647,1826.560366281955,1563.656528249295,False,False
8750,2026-07-02,1819.5,1840.5,1804.0,1824.5,1790.7042236328125,10389700,1702.84248046875,1538.9450276692708,1517.8434423828126,39.705157592977,44.55719583205658,1833.1250435539243,1572.5599173835756,False,False
8750,2026-07-03,1863.5,1864.5,1819.0,1843.0,1808.861572265625,8334300,1710.9691064453125,1544.859296875,1520.7086881510418,42.513787491539915,44.14851416395325,1841.3446912453858,1580.5935216452392,False,False
8750,2026-07-06,1849.0,1882.0,1840.0,1875.5,1840.7596435546875,7354200,1720.4305419921875,1551.2309016927084,1524.6342561848958,46.77436888251509,44.67368510766562,1852.7630029093814,1588.0980810749936,False,True
8750,2026-07-07,1885.0,1903.0,1853.5,1859.5,1825.055908203125,9225000,1729.7545703125,1557.2522054036458,1528.7884977213541,48.3266703558611,45.40428215730471,1857.3265845033898,1602.18255612161,False,False
8750,2026-07-08,1858.5,1878.0,1850.5,1864.0,1829.47265625,7633100,1738.1560107421874,1562.9865120442707,1533.3625309244792,49.34446286030334,46.192318297904436,1863.2002682685466,1613.1117532158282,False,False
8750,2026-07-09,1843.5,1877.0,1838.0,1877.0,1842.2318115234375,6665200,1747.165966796875,1569.6147395833334,1538.9450276692708,50.59737293134799,47.073329224593145,1868.3895842495508,1625.942349344199,False,False
8750,2026-07-10,1883.5,1901.5,1845.0,1861.0,1826.5281982421875,8649400,1754.9588916015625,1576.578037109375,1544.859296875,49.74967950096857,47.60859927986823,1870.401475750565,1639.51630745256,False,False
8750,2026-07-13,1840.5,1860.5,1828.0,1828.0,1794.139404296875,8565700,1761.259970703125,1582.7443831380208,1551.2309016927084,45.93486285758672,47.27385199541193,1866.96168373121,1655.5582576750398,False,False
8750,2026-07-14,1830.0,1856.0,1810.5,1856.0,1821.620849609375,10701600,1767.1684619140624,1588.4572688802084,1557.2522054036458,44.61482422621839,46.74204644157322,1869.1258942304785,1665.2110295976463,False,False
8750,2026-07-15,1911.0,1917.0,1861.5,1884.0,1849.1021728515625,8809800,1773.13583984375,1594.6902978515625,1562.9865120442707,45.26441718989372,46.446520591237324,1876.1084333739132,1670.163246313587,False,False
8750,2026-07-16,1856.5,1877.0,1835.5,1836.5,1802.4820556640625,7076300,1777.2973046875,1600.1800244140625,1569.6147395833334,41.53854002465482,45.464924477920825,1876.1876017779377,1678.4070075970621,False,False
8750,2026-07-17,1836.0,1848.0,1775.5,1799.0,1765.6766357421875,13386100,1779.08359375,1605.3229622395834,1576.578037109375,35.20998692393755,43.41393696712417,1875.4235215681565,1682.7436659318437,False,False
8750,2026-07-21,1810.5,1877.5,1804.0,1877.5,1842.7225341796875,11598800,1783.068388671875,1611.2968831380208,1582.7443831380208,35.9965769691139,41.93046496752212,1881.3471416455045,1684.7896356982455,False,False
8750,2026-07-22,1875.5,1900.0,1860.0,1897.0,1861.861328125,10968100,1787.288740234375,1616.505252278646,1588.4572688802084,37.72937521702215,41.09024701742213,1889.59515414268,1684.9823263260698,False,False
8750,2026-07-23,1883.5,1905.5,1877.5,1905.5,1870.203857421875,12536900,1791.7053857421874,1622.2109033203126,1594.6902978515625,39.322517204541555,40.73670105484602,1898.3241129025228,1685.0866585818521,False,False
8750,2026-07-24,1890.0,1925.0,1881.0,1925.0,1889.3426513671875,10758100,1795.807958984375,1628.132478841146,1600.1800244140625,41.649326914565336,40.91922622678989,1909.0405960589242,1682.575321909826,False,True
8750,2026-07-27,1940.0,1959.0,1921.5,1959.0,1922.712890625,13893300,1801.4808935546876,1634.7868912760416,1605.3229622395834,45.65970315905838,41.86732161324359,1924.9072670701307,1678.0545200392444,False,False
8750,2026-07-28,1934.5,1939.0,1894.5,1902.5,1867.259521484375,13645000,1804.1505126953125,1640.394396158854,1611.2968831380208,43.857766744989476,42.26541063959277,1930.2366207781292,1678.0644046124958,False,False
8750,2026-07-29,1903.5,1940.0,1894.5,1936.0,1900.138916015625,12566600,1809.0186376953125,1645.6616536458334,1616.505252278646,44.5690472749784,42.726137966669896,1940.0580071731772,1677.9792682174477,False,False
8750,2026-07-30,1878.0,1919.0,1872.0,1898.0,1862.8427734375,11409000,1815.69267578125,1650.9158251953124,1622.2109033203126,41.643218113894136,42.50955399611475,1939.840416129192,1691.5449354333082,False,False
8750,2026-07-31,1919.0,1938.0,1892.5,1918.5,1882.963134765625,9008700,1824.0548583984375,1656.6280208333333,1628.132478841146,40.48137830031533,42.10391885695486,1936.4851484934245,1711.6245683034506,False,False
8750,2026-08-03,1898.0,1900.0,1835.5,1888.5,1853.518798828125,9330200,1830.4148291015624,1662.045773111979,1634.7868912760416,36.760942778419576,41.03532364124781,1930.0791099169837,1730.750548286141,False,False
8750,2026-08-04,1875.0,1896.0,1868.5,1881.0,1846.15771484375,7510700,1835.989619140625,1667.2475992838542,1640.394396158854,32.83993454138954,39.39624582127615,1922.0299213108685,1749.9493169703817,False,False
8750,2026-08-05,1891.5,1914.5,1880.0,1913.5,1878.0556640625,8195100,1841.28958984375,1672.9074479166666,1645.6616536458334,31.93824102223357,37.90464486146764,1920.4425830896835,1762.1365965978166,False,False
8750,2026-08-06,1902.0,1928.5,1891.5,1921.0,1885.416748046875,7537800,1846.3932666015626,1678.3775439453125,1650.9158251953124,31.45502640601012,36.614721170376136,1919.591221783734,1773.1953114193911,False,False
8750,2026-08-07,1946.5,1952.0,1899.0,1932.5,1896.7037353515625,9288000,1850.6332470703126,1684.5673893229166,1656.6280208333333,31.618364068248866,35.615449749950685,1922.7082823238648,1778.5582118167604,False,False
8750,2026-08-10,1856.0,1896.0,1827.5,1839.5,1805.4263916015625,10643600,1850.49583984375,1689.546748046875,1662.045773111979,24.10462838688909,33.31328547733837,1922.901233967935,1778.090445719565,False,False
8750,2026-08-12,1855.0,1879.5,1845.0,1877.0,1842.2318115234375,9032000,1850.5547265625,1695.2065966796874,1667.2475992838542,20.87914671136491,30.82645772414368,1922.930740068633,1778.178713056367,False,False
8750,2026-08-13,1885.5,1889.0,1857.5,1884.0,1849.1021728515625,7144200,1851.5165771484376,1701.0561979166666,1672.9074479166666,18.662183946615187,28.393602968637985,1923.1468356483947,1779.8863186484805,False,False
8750,2026-08-14,1877.0,1892.5,1858.0,1874.0,1839.287353515625,7652100,1851.9091650390626,1707.0562923177083,1678.3775439453125,15.929624295621124,25.900807234034612,1923.158421496213,1780.6599085819123,False,False
8750,2026-08-17,1883.0,1883.0,1836.0,1847.0,1812.7874755859375,9288400,1850.7313916015626,1712.768486328125,1684.5673893229166,11.493245425999703,23.019294872427633,1923.5380177488612,1777.924765454264,False,False
8750,2026-08-18,1839.5,1855.0,1837.5,1841.5,1807.389404296875,7596900,1849.96583984375,1718.5657421875,1689.546748046875,7.455857485989554,19.906607395140018,1924.1635342832235,1775.7681454042765,False,False
8750,2026-08-19,1815.0,1819.0,1768.5,1776.0,1743.1026611328125,11091600,1847.9243701171874,1722.9104117838542,1695.2065966796874,-0.9205924343539209,15.741167429241232,1930.4902901743721,1765.3584500600027,False,False
8750,2026-08-20,1776.0,1782.5,1750.0,1767.5,1734.7601318359375,9559700,1844.44994140625,1727.1961930338541,1701.0561979166666,-8.138347929138945,10.965264357565196,1937.7619324736747,1751.1379503388252,False,False
8750,2026-08-21,1755.0,1801.5,1753.0,1788.5,1755.37109375,5683900,1840.7006982421874,1731.9792561848958,1707.0562923177083,-12.056360566619105,6.360939372728335,1940.2850546167163,1741.1163418676585,False,False
8750,2026-08-24,1788.5,1791.5,1770.0,1777.0,1744.0841064453125,6498300,1838.3647802734374,1736.075284830729,1712.768486328125,-15.889020616681364,1.9109473748463959,1943.9823648448098,1732.747195702065,False,False
8750,2026-08-25,1799.0,1810.0,1786.0,1802.0,1768.62109375,6755300,1838.48255859375,1740.832176106771,1718.5657421875,-16.753378983544735,-1.8219178968318304,1943.781737871071,1733.1833793164287,False,False
8750,2026-08-26,1825.5,1830.5,1813.0,1824.5,1790.7042236328125,7376300,1836.401826171875,1745.5170914713542,1722.9104117838542,-15.478043935779851,-4.5531431046214355,1943.3268750174045,1729.4767773263454,False,False
8750,2026-08-27,1830.0,1836.5,1812.0,1816.5,1782.8524169921875,7733400,1833.2414697265624,1749.9337353515625,1727.1961930338541,-14.92881679064908,-6.628277841826964,1941.6301736425146,1724.8527658106102,False,False
8750,2026-08-28,1816.0,1857.0,1810.5,1843.0,1808.861572265625,8285900,1830.7877783203126,1754.396181640625,1731.9792561848958,-12.253577247259273,-7.753337722913427,1938.4935559642358,1723.0820006763893,False,False
8750,2026-08-31,1830.5,1857.5,1811.0,1838.5,1804.4449462890625,13917900,1827.3918701171874,1758.8259130859376,1736.075284830729,-10.370273383790618,-8.276724855088865,1932.8283402330283,1721.9554000013466,False,False
8750,2026-09-01,1830.5,1881.5,1825.0,1868.5,1833.8892822265625,10155900,1823.83892578125,1762.1040462239582,1740.832176106771,-6.427734744932877,-7.9069268330576685,1921.917132753168,1725.760718809332,False,True
8750,2026-09-02,1833.0,1871.0,1830.5,1846.0,1811.8060302734375,9881100,1821.6207861328126,1765.1269938151042,1745.5170914713542,-5.027227593998305,-7.330986985245796,1918.1669662733057,1725.0746059923194,False,False
8750,2026-09-03,1886.0,1892.5,1867.0,1883.5,1848.6114501953125,7028500,1819.5596875,1768.1303125,1749.9337353515625,-0.9366289196520938,-6.052115372127056,1911.3982211643736,1727.7211538356266,False,False
8750,2026-09-04,1906.5,1917.0,1870.0,1877.5,1842.7225341796875,10026400,1818.7548779296876,1771.0289404296875,1754.396181640625,1.8091588372888054,-4.479860530243884,1909.4070709639975,1728.1026848953777,False,False
8750,2026-09-07,1880.0,1895.0,1850.0,1868.0,1833.3985595703125,6188200,1816.772294921875,1773.6331266276043,1758.8259130859376,3.1960070103575617,-2.944687022123595,1903.8169702729354,1729.7276195708148,False,False
8750,2026-09-08,1847.5,1871.5,1822.5,1822.5,1788.7413330078125,5535800,1814.1811962890624,1775.8839794921876,1762.1040462239582,0.6837473972593671,-2.2190001382470026,1900.5501086517343,1727.8122839263906,False,False
8750,2026-09-09,1786.0,1822.0,1783.0,1804.0,1770.583984375,8970400,1811.1582470703124,1777.6898958333334,1765.1269938151042,-2.7407886281248466,-2.3233578362225713,1898.1269264810205,1724.1895676596043,False,False
8750,2026-09-10,1813.5,1833.0,1802.5,1833.0,1799.046875,7604300,1807.9978955078125,1779.8033430989583,1768.1303125,-3.1220516337318713,-2.4830965957244313,1890.6479243024835,1725.3478667131415,True,False
8750,2026-09-11,1810.0,1883.0,1809.5,1883.0,1848.1207275390625,9848700,1806.5060546875,1782.6692561848959,1771.0289404296875,0.5295402497058603,-1.8805692266383731,1884.7410275008538,1728.2710818741461,False,True
8750,2026-09-14,1895.5,1915.0,1881.0,1915.0,1879.5279541015625,6919000,1805.8190234375,1786.4315836588542,1773.6331266276043,5.889859197559417,-0.3264835417988152,1881.120252609739,1730.5177942652608,False,False
8750,2026-09-15,1915.0,1919.5,1879.0,1894.5,1859.40771484375,9934400,1807.9782763671874,1789.8144075520834,1775.8839794921876,8.417385051265228,1.4222901768139935,1886.151677290345,1729.8048754440297,False,False
8750,2026-09-16,1912.0,1924.5,1888.0,1895.0,1859.8984375,6671000,1808.68494140625,1793.2234033203124,1777.6898958333334,10.340861700664163,3.206004481584028,1888.3885602939774,1728.9813225185223,False,False
8750,2026-09-17,1906.0,1945.0,1903.5,1931.0,1895.2315673828125,7321800,1810.5301171875,1797.2670882161458,1779.8033430989583,14.548611753373052,5.474525935941833,1895.8303558060466,1725.2298785689536,False,False
8750,2026-09-18,1944.5,1946.5,1896.5,1913.5,1878.0556640625,11620400,1812.080849609375,1800.715341796875,1782.6692561848959,16.309328347426344,7.641486418238736,1900.758619983521,1723.4030792352291,False,False
8750,2026-09-24,1933.5,1934.5,1866.0,1870.5,1835.8521728515625,11902300,1813.0034375,1803.6335986328124,1786.4315836588542,14.136285601183317,8.940446254827652,1902.1699924576312,1723.8368825423688,False,False
8750,2026-09-25,1890.0,1909.5,1879.0,1907.0,1871.6761474609375,8401200,1815.5749072265626,1806.833212890625,1789.8144075520834,15.130414921527745,10.178439988167671,1907.6074005148055,1723.5424139383197,False,False
8750,2026-09-28,1922.5,1948.5,1907.0,1943.5,1907.5,14931300,1822.15080078125,1810.4450472005208,1793.2234033203124,18.594608011278297,11.861673592789796,1916.0054208757626,1728.2961806867372,False,False
8750,2026-09-29,1905.5,1906.5,1871.5,1871.5,1871.5,14137200,1827.6203955078124,1813.079599609375,1797.2670882161458,18.22502016978615,13.134342908189067,1916.2586387122308,1738.982152303394,False,False
8750,2026-09-30,1873.5,1894.5,1855.5,1876.5,1876.5,11970000,1832.4655517578126,1815.4340299479168,1800.715341796875,18.126624907422865,14.132799308035827,1917.9636023961132,1746.967501119512,False,False
8750,2026-10-01,1845.0,1851.5,1806.0,1818.0,1818.0,14226800,1835.4221875,1817.0280908203124,1803.6335986328124,13.176296711469377,13.941498788722537,1913.2593601955864,1757.5850148044137,False,False
8750,2026-10-02,1806.0,1818.5,1784.5,1786.5,1786.5,10328100,1836.13734375,1817.9011653645832,1806.833212890625,6.634856709380983,12.480170372854227,1911.8046335651447,1760.470053934855,False,False
8750,2026-10-05,1782.0,1816.0,1776.5,1816.0,1816.0,8326600,1837.1491748046874,1818.8731298828125,1810.4450472005208,3.7874623292902925,10.74162876414144,1911.0143128143861,1763.2840367949887,False,False
8750,2026-10-06,1829.5,1846.5,1819.5,1843.0,1843.0,8444300,1839.555078125,1820.028429361979,1813.079599609375,3.6672819764639826,9.326759406605948,1910.0297559141732,1769.0804003358267,True,False
